[2026-07-26 16:35:05] production.ERROR: Undefined array key "version" (View: /home/pranjal/Pranjal/vscode/Files/core/resources/views/admin/layouts/app.blade.php) (View: /home/pranjal/Pranjal/vscode/Files/core/resources/views/admin/layouts/app.blade.php) {"exception":"[object] (Illuminate\\View\\ViewException(code: 0): Undefined array key \"version\" (View: /home/pranjal/Pranjal/vscode/Files/core/resources/views/admin/layouts/app.blade.php) (View: /home/pranjal/Pranjal/vscode/Files/core/resources/views/admin/layouts/app.blade.php) at /home/pranjal/Pranjal/vscode/Files/core/app/Providers/AppServiceProvider.php:60)
[stacktrace]
#0 /home/pranjal/Pranjal/vscode/Files/core/vendor/laravel/framework/src/Illuminate/View/Engines/PhpEngine.php(60): Illuminate\\View\\Engines\\CompilerEngine->handleViewException()
#1 /home/pranjal/Pranjal/vscode/Files/core/vendor/laravel/framework/src/Illuminate/View/Engines/CompilerEngine.php(75): Illuminate\\View\\Engines\\PhpEngine->evaluatePath()
#2 /home/pranjal/Pranjal/vscode/Files/core/vendor/laravel/framework/src/Illuminate/View/View.php(209): Illuminate\\View\\Engines\\CompilerEngine->get()
#3 /home/pranjal/Pranjal/vscode/Files/core/vendor/laravel/framework/src/Illuminate/View/View.php(192): Illuminate\\View\\View->getContents()
#4 /home/pranjal/Pranjal/vscode/Files/core/vendor/laravel/framework/src/Illuminate/View/View.php(161): Illuminate\\View\\View->renderContents()
#5 /home/pranjal/Pranjal/vscode/Files/core/vendor/laravel/framework/src/Illuminate/Http/Response.php(79): Illuminate\\View\\View->render()
#6 /home/pranjal/Pranjal/vscode/Files/core/vendor/laravel/framework/src/Illuminate/Http/Response.php(35): Illuminate\\Http\\Response->setContent()
#7 /home/pranjal/Pranjal/vscode/Files/core/vendor/laravel/framework/src/Illuminate/Routing/Router.php(920): Illuminate\\Http\\Response->__construct()
#8 /home/pranjal/Pranjal/vscode/Files/core/vendor/laravel/framework/src/Illuminate/Routing/Router.php(887): Illuminate\\Routing\\Router::toResponse()
#9 /home/pranjal/Pranjal/vscode/Files/core/vendor/laravel/framework/src/Illuminate/Routing/Router.php(807): Illuminate\\Routing\\Router->prepareResponse()
#10 /home/pranjal/Pranjal/vscode/Files/core/vendor/laravel/framework/src/Illuminate/Pipeline/Pipeline.php(170): Illuminate\\Routing\\Router->{closure:Illuminate\\Routing\\Router::runRouteWithinStack():807}()
#11 /home/pranjal/Pranjal/vscode/Files/core/app/Http/Middleware/RedirectIfNotAdmin.php(22): Illuminate\\Pipeline\\Pipeline->{closure:Illuminate\\Pipeline\\Pipeline::prepareDestination():168}()
#12 /home/pranjal/Pranjal/vscode/Files/core/vendor/laravel/framework/src/Illuminate/Pipeline/Pipeline.php(209): App\\Http\\Middleware\\RedirectIfNotAdmin->handle()
#13 /home/pranjal/Pranjal/vscode/Files/core/app/Http/Middleware/ActiveTemplateMiddleware.php(31): Illuminate\\Pipeline\\Pipeline->{closure:{closure:Illuminate\\Pipeline\\Pipeline::carry():184}:185}()
#14 /home/pranjal/Pranjal/vscode/Files/core/vendor/laravel/framework/src/Illuminate/Pipeline/Pipeline.php(209): App\\Http\\Middleware\\ActiveTemplateMiddleware->handle()
#15 /home/pranjal/Pranjal/vscode/Files/core/app/Http/Middleware/LanguageMiddleware.php(22): Illuminate\\Pipeline\\Pipeline->{closure:{closure:Illuminate\\Pipeline\\Pipeline::carry():184}:185}()
#16 /home/pranjal/Pranjal/vscode/Files/core/vendor/laravel/framework/src/Illuminate/Pipeline/Pipeline.php(209): App\\Http\\Middleware\\LanguageMiddleware->handle()
#17 /home/pranjal/Pranjal/vscode/Files/core/vendor/laravel/framework/src/Illuminate/Routing/Middleware/SubstituteBindings.php(51): Illuminate\\Pipeline\\Pipeline->{closure:{closure:Illuminate\\Pipeline\\Pipeline::carry():184}:185}()
#18 /home/pranjal/Pranjal/vscode/Files/core/vendor/laravel/framework/src/Illuminate/Pipeline/Pipeline.php(209): Illuminate\\Routing\\Middleware\\SubstituteBindings->handle()
#19 /home/pranjal/Pranjal/vscode/Files/core/vendor/laravel/framework/src/Illuminate/Foundation/Http/Middleware/VerifyCsrfToken.php(88): Illuminate\\Pipeline\\Pipeline->{closure:{closure:Illuminate\\Pipeline\\Pipeline::carry():184}:185}()
#20 /home/pranjal/Pranjal/vscode/Files/core/vendor/laravel/framework/src/Illuminate/Pipeline/Pipeline.php(209): Illuminate\\Foundation\\Http\\Middleware\\VerifyCsrfToken->handle()
#21 /home/pranjal/Pranjal/vscode/Files/core/vendor/laravel/framework/src/Illuminate/View/Middleware/ShareErrorsFromSession.php(49): Illuminate\\Pipeline\\Pipeline->{closure:{closure:Illuminate\\Pipeline\\Pipeline::carry():184}:185}()
#22 /home/pranjal/Pranjal/vscode/Files/core/vendor/laravel/framework/src/Illuminate/Pipeline/Pipeline.php(209): Illuminate\\View\\Middleware\\ShareErrorsFromSession->handle()
#23 /home/pranjal/Pranjal/vscode/Files/core/vendor/laravel/framework/src/Illuminate/Session/Middleware/StartSession.php(121): Illuminate\\Pipeline\\Pipeline->{closure:{closure:Illuminate\\Pipeline\\Pipeline::carry():184}:185}()
#24 /home/pranjal/Pranjal/vscode/Files/core/vendor/laravel/framework/src/Illuminate/Session/Middleware/StartSession.php(64): Illuminate\\Session\\Middleware\\StartSession->handleStatefulRequest()
#25 /home/pranjal/Pranjal/vscode/Files/core/vendor/laravel/framework/src/Illuminate/Pipeline/Pipeline.php(209): Illuminate\\Session\\Middleware\\StartSession->handle()
#26 /home/pranjal/Pranjal/vscode/Files/core/vendor/laravel/framework/src/Illuminate/Cookie/Middleware/AddQueuedCookiesToResponse.php(37): Illuminate\\Pipeline\\Pipeline->{closure:{closure:Illuminate\\Pipeline\\Pipeline::carry():184}:185}()
#27 /home/pranjal/Pranjal/vscode/Files/core/vendor/laravel/framework/src/Illuminate/Pipeline/Pipeline.php(209): Illuminate\\Cookie\\Middleware\\AddQueuedCookiesToResponse->handle()
#28 /home/pranjal/Pranjal/vscode/Files/core/vendor/laramin/utility/src/Utility.php(15): Illuminate\\Pipeline\\Pipeline->{closure:{closure:Illuminate\\Pipeline\\Pipeline::carry():184}:185}()
#29 /home/pranjal/Pranjal/vscode/Files/core/vendor/laravel/framework/src/Illuminate/Pipeline/Pipeline.php(209): Laramin\\Utility\\Utility->handle()
#30 /home/pranjal/Pranjal/vscode/Files/core/vendor/laravel/framework/src/Illuminate/Pipeline/Pipeline.php(127): Illuminate\\Pipeline\\Pipeline->{closure:{closure:Illuminate\\Pipeline\\Pipeline::carry():184}:185}()
#31 /home/pranjal/Pranjal/vscode/Files/core/vendor/laravel/framework/src/Illuminate/Routing/Router.php(807): Illuminate\\Pipeline\\Pipeline->then()
#32 /home/pranjal/Pranjal/vscode/Files/core/vendor/laravel/framework/src/Illuminate/Routing/Router.php(786): Illuminate\\Routing\\Router->runRouteWithinStack()
#33 /home/pranjal/Pranjal/vscode/Files/core/vendor/laravel/framework/src/Illuminate/Routing/Router.php(750): Illuminate\\Routing\\Router->runRoute()
#34 /home/pranjal/Pranjal/vscode/Files/core/vendor/laravel/framework/src/Illuminate/Routing/Router.php(739): Illuminate\\Routing\\Router->dispatchToRoute()
#35 /home/pranjal/Pranjal/vscode/Files/core/vendor/laravel/framework/src/Illuminate/Foundation/Http/Kernel.php(201): Illuminate\\Routing\\Router->dispatch()
#36 /home/pranjal/Pranjal/vscode/Files/core/vendor/laravel/framework/src/Illuminate/Pipeline/Pipeline.php(170): Illuminate\\Foundation\\Http\\Kernel->{closure:Illuminate\\Foundation\\Http\\Kernel::dispatchToRouter():198}()
#37 /home/pranjal/Pranjal/vscode/Files/core/vendor/laravel/framework/src/Illuminate/Foundation/Http/Middleware/TransformsRequest.php(21): Illuminate\\Pipeline\\Pipeline->{closure:Illuminate\\Pipeline\\Pipeline::prepareDestination():168}()
#38 /home/pranjal/Pranjal/vscode/Files/core/vendor/laravel/framework/src/Illuminate/Foundation/Http/Middleware/ConvertEmptyStringsToNull.php(31): Illuminate\\Foundation\\Http\\Middleware\\TransformsRequest->handle()
#39 /home/pranjal/Pranjal/vscode/Files/core/vendor/laravel/framework/src/Illuminate/Pipeline/Pipeline.php(209): Illuminate\\Foundation\\Http\\Middleware\\ConvertEmptyStringsToNull->handle()
#40 /home/pranjal/Pranjal/vscode/Files/core/vendor/laravel/framework/src/Illuminate/Foundation/Http/Middleware/TransformsRequest.php(21): Illuminate\\Pipeline\\Pipeline->{closure:{closure:Illuminate\\Pipeline\\Pipeline::carry():184}:185}()
#41 /home/pranjal/Pranjal/vscode/Files/core/vendor/laravel/framework/src/Illuminate/Foundation/Http/Middleware/TrimStrings.php(51): Illuminate\\Foundation\\Http\\Middleware\\TransformsRequest->handle()
#42 /home/pranjal/Pranjal/vscode/Files/core/vendor/laravel/framework/src/Illuminate/Pipeline/Pipeline.php(209): Illuminate\\Foundation\\Http\\Middleware\\TrimStrings->handle()
#43 /home/pranjal/Pranjal/vscode/Files/core/vendor/laravel/framework/src/Illuminate/Http/Middleware/ValidatePostSize.php(27): Illuminate\\Pipeline\\Pipeline->{closure:{closure:Illuminate\\Pipeline\\Pipeline::carry():184}:185}()
#44 /home/pranjal/Pranjal/vscode/Files/core/vendor/laravel/framework/src/Illuminate/Pipeline/Pipeline.php(209): Illuminate\\Http\\Middleware\\ValidatePostSize->handle()
#45 /home/pranjal/Pranjal/vscode/Files/core/vendor/laravel/framework/src/Illuminate/Foundation/Http/Middleware/PreventRequestsDuringMaintenance.php(110): Illuminate\\Pipeline\\Pipeline->{closure:{closure:Illuminate\\Pipeline\\Pipeline::carry():184}:185}()
#46 /home/pranjal/Pranjal/vscode/Files/core/vendor/laravel/framework/src/Illuminate/Pipeline/Pipeline.php(209): Illuminate\\Foundation\\Http\\Middleware\\PreventRequestsDuringMaintenance->handle()
#47 /home/pranjal/Pranjal/vscode/Files/core/vendor/laravel/framework/src/Illuminate/Http/Middleware/HandleCors.php(49): Illuminate\\Pipeline\\Pipeline->{closure:{closure:Illuminate\\Pipeline\\Pipeline::carry():184}:185}()
#48 /home/pranjal/Pranjal/vscode/Files/core/vendor/laravel/framework/src/Illuminate/Pipeline/Pipeline.php(209): Illuminate\\Http\\Middleware\\HandleCors->handle()
#49 /home/pranjal/Pranjal/vscode/Files/core/vendor/laravel/framework/src/Illuminate/Http/Middleware/TrustProxies.php(58): Illuminate\\Pipeline\\Pipeline->{closure:{closure:Illuminate\\Pipeline\\Pipeline::carry():184}:185}()
#50 /home/pranjal/Pranjal/vscode/Files/core/vendor/laravel/framework/src/Illuminate/Pipeline/Pipeline.php(209): Illuminate\\Http\\Middleware\\TrustProxies->handle()
#51 /home/pranjal/Pranjal/vscode/Files/core/vendor/laravel/framework/src/Illuminate/Foundation/Http/Middleware/InvokeDeferredCallbacks.php(22): Illuminate\\Pipeline\\Pipeline->{closure:{closure:Illuminate\\Pipeline\\Pipeline::carry():184}:185}()
#52 /home/pranjal/Pranjal/vscode/Files/core/vendor/laravel/framework/src/Illuminate/Pipeline/Pipeline.php(209): Illuminate\\Foundation\\Http\\Middleware\\InvokeDeferredCallbacks->handle()
#53 /home/pranjal/Pranjal/vscode/Files/core/vendor/laramin/utility/src/Utility.php(15): Illuminate\\Pipeline\\Pipeline->{closure:{closure:Illuminate\\Pipeline\\Pipeline::carry():184}:185}()
#54 /home/pranjal/Pranjal/vscode/Files/core/vendor/laravel/framework/src/Illuminate/Pipeline/Pipeline.php(209): Laramin\\Utility\\Utility->handle()
#55 /home/pranjal/Pranjal/vscode/Files/core/vendor/laravel/framework/src/Illuminate/Pipeline/Pipeline.php(127): Illuminate\\Pipeline\\Pipeline->{closure:{closure:Illuminate\\Pipeline\\Pipeline::carry():184}:185}()
#56 /home/pranjal/Pranjal/vscode/Files/core/vendor/laravel/framework/src/Illuminate/Foundation/Http/Kernel.php(176): Illuminate\\Pipeline\\Pipeline->then()
#57 /home/pranjal/Pranjal/vscode/Files/core/vendor/laravel/framework/src/Illuminate/Foundation/Http/Kernel.php(145): Illuminate\\Foundation\\Http\\Kernel->sendRequestThroughRouter()
#58 /home/pranjal/Pranjal/vscode/Files/core/vendor/laravel/framework/src/Illuminate/Foundation/Application.php(1220): Illuminate\\Foundation\\Http\\Kernel->handle()
#59 /home/pranjal/Pranjal/vscode/Files/index.php(17): Illuminate\\Foundation\\Application->handleRequest()
#60 {main}

[previous exception] [object] (Illuminate\\View\\ViewException(code: 0): Undefined array key \"version\" (View: /home/pranjal/Pranjal/vscode/Files/core/resources/views/admin/layouts/app.blade.php) at /home/pranjal/Pranjal/vscode/Files/core/app/Providers/AppServiceProvider.php:60)
[stacktrace]
#0 /home/pranjal/Pranjal/vscode/Files/core/vendor/laravel/framework/src/Illuminate/View/Engines/PhpEngine.php(60): Illuminate\\View\\Engines\\CompilerEngine->handleViewException()
#1 /home/pranjal/Pranjal/vscode/Files/core/vendor/laravel/framework/src/Illuminate/View/Engines/CompilerEngine.php(75): Illuminate\\View\\Engines\\PhpEngine->evaluatePath()
#2 /home/pranjal/Pranjal/vscode/Files/core/vendor/laravel/framework/src/Illuminate/View/View.php(209): Illuminate\\View\\Engines\\CompilerEngine->get()
#3 /home/pranjal/Pranjal/vscode/Files/core/vendor/laravel/framework/src/Illuminate/View/View.php(192): Illuminate\\View\\View->getContents()
#4 /home/pranjal/Pranjal/vscode/Files/core/vendor/laravel/framework/src/Illuminate/View/View.php(161): Illuminate\\View\\View->renderContents()
#5 /home/pranjal/Pranjal/vscode/Files/core/storage/framework/views/352e4f31816487ef220ed296bddaef8a.php(341): Illuminate\\View\\View->render()
#6 /home/pranjal/Pranjal/vscode/Files/core/vendor/laravel/framework/src/Illuminate/Filesystem/Filesystem.php(123): require('...')
#7 /home/pranjal/Pranjal/vscode/Files/core/vendor/laravel/framework/src/Illuminate/Filesystem/Filesystem.php(124): Illuminate\\Filesystem\\Filesystem::{closure:Illuminate\\Filesystem\\Filesystem::getRequire():120}()
#8 /home/pranjal/Pranjal/vscode/Files/core/vendor/laravel/framework/src/Illuminate/View/Engines/PhpEngine.php(58): Illuminate\\Filesystem\\Filesystem->getRequire()
#9 /home/pranjal/Pranjal/vscode/Files/core/vendor/laravel/framework/src/Illuminate/View/Engines/CompilerEngine.php(75): Illuminate\\View\\Engines\\PhpEngine->evaluatePath()
#10 /home/pranjal/Pranjal/vscode/Files/core/vendor/laravel/framework/src/Illuminate/View/View.php(209): Illuminate\\View\\Engines\\CompilerEngine->get()
#11 /home/pranjal/Pranjal/vscode/Files/core/vendor/laravel/framework/src/Illuminate/View/View.php(192): Illuminate\\View\\View->getContents()
#12 /home/pranjal/Pranjal/vscode/Files/core/vendor/laravel/framework/src/Illuminate/View/View.php(161): Illuminate\\View\\View->renderContents()
#13 /home/pranjal/Pranjal/vscode/Files/core/vendor/laravel/framework/src/Illuminate/Http/Response.php(79): Illuminate\\View\\View->render()
#14 /home/pranjal/Pranjal/vscode/Files/core/vendor/laravel/framework/src/Illuminate/Http/Response.php(35): Illuminate\\Http\\Response->setContent()
#15 /home/pranjal/Pranjal/vscode/Files/core/vendor/laravel/framework/src/Illuminate/Routing/Router.php(920): Illuminate\\Http\\Response->__construct()
#16 /home/pranjal/Pranjal/vscode/Files/core/vendor/laravel/framework/src/Illuminate/Routing/Router.php(887): Illuminate\\Routing\\Router::toResponse()
#17 /home/pranjal/Pranjal/vscode/Files/core/vendor/laravel/framework/src/Illuminate/Routing/Router.php(807): Illuminate\\Routing\\Router->prepareResponse()
#18 /home/pranjal/Pranjal/vscode/Files/core/vendor/laravel/framework/src/Illuminate/Pipeline/Pipeline.php(170): Illuminate\\Routing\\Router->{closure:Illuminate\\Routing\\Router::runRouteWithinStack():807}()
#19 /home/pranjal/Pranjal/vscode/Files/core/app/Http/Middleware/RedirectIfNotAdmin.php(22): Illuminate\\Pipeline\\Pipeline->{closure:Illuminate\\Pipeline\\Pipeline::prepareDestination():168}()
#20 /home/pranjal/Pranjal/vscode/Files/core/vendor/laravel/framework/src/Illuminate/Pipeline/Pipeline.php(209): App\\Http\\Middleware\\RedirectIfNotAdmin->handle()
#21 /home/pranjal/Pranjal/vscode/Files/core/app/Http/Middleware/ActiveTemplateMiddleware.php(31): Illuminate\\Pipeline\\Pipeline->{closure:{closure:Illuminate\\Pipeline\\Pipeline::carry():184}:185}()
#22 /home/pranjal/Pranjal/vscode/Files/core/vendor/laravel/framework/src/Illuminate/Pipeline/Pipeline.php(209): App\\Http\\Middleware\\ActiveTemplateMiddleware->handle()
#23 /home/pranjal/Pranjal/vscode/Files/core/app/Http/Middleware/LanguageMiddleware.php(22): Illuminate\\Pipeline\\Pipeline->{closure:{closure:Illuminate\\Pipeline\\Pipeline::carry():184}:185}()
#24 /home/pranjal/Pranjal/vscode/Files/core/vendor/laravel/framework/src/Illuminate/Pipeline/Pipeline.php(209): App\\Http\\Middleware\\LanguageMiddleware->handle()
#25 /home/pranjal/Pranjal/vscode/Files/core/vendor/laravel/framework/src/Illuminate/Routing/Middleware/SubstituteBindings.php(51): Illuminate\\Pipeline\\Pipeline->{closure:{closure:Illuminate\\Pipeline\\Pipeline::carry():184}:185}()
#26 /home/pranjal/Pranjal/vscode/Files/core/vendor/laravel/framework/src/Illuminate/Pipeline/Pipeline.php(209): Illuminate\\Routing\\Middleware\\SubstituteBindings->handle()
#27 /home/pranjal/Pranjal/vscode/Files/core/vendor/laravel/framework/src/Illuminate/Foundation/Http/Middleware/VerifyCsrfToken.php(88): Illuminate\\Pipeline\\Pipeline->{closure:{closure:Illuminate\\Pipeline\\Pipeline::carry():184}:185}()
#28 /home/pranjal/Pranjal/vscode/Files/core/vendor/laravel/framework/src/Illuminate/Pipeline/Pipeline.php(209): Illuminate\\Foundation\\Http\\Middleware\\VerifyCsrfToken->handle()
#29 /home/pranjal/Pranjal/vscode/Files/core/vendor/laravel/framework/src/Illuminate/View/Middleware/ShareErrorsFromSession.php(49): Illuminate\\Pipeline\\Pipeline->{closure:{closure:Illuminate\\Pipeline\\Pipeline::carry():184}:185}()
#30 /home/pranjal/Pranjal/vscode/Files/core/vendor/laravel/framework/src/Illuminate/Pipeline/Pipeline.php(209): Illuminate\\View\\Middleware\\ShareErrorsFromSession->handle()
#31 /home/pranjal/Pranjal/vscode/Files/core/vendor/laravel/framework/src/Illuminate/Session/Middleware/StartSession.php(121): Illuminate\\Pipeline\\Pipeline->{closure:{closure:Illuminate\\Pipeline\\Pipeline::carry():184}:185}()
#32 /home/pranjal/Pranjal/vscode/Files/core/vendor/laravel/framework/src/Illuminate/Session/Middleware/StartSession.php(64): Illuminate\\Session\\Middleware\\StartSession->handleStatefulRequest()
#33 /home/pranjal/Pranjal/vscode/Files/core/vendor/laravel/framework/src/Illuminate/Pipeline/Pipeline.php(209): Illuminate\\Session\\Middleware\\StartSession->handle()
#34 /home/pranjal/Pranjal/vscode/Files/core/vendor/laravel/framework/src/Illuminate/Cookie/Middleware/AddQueuedCookiesToResponse.php(37): Illuminate\\Pipeline\\Pipeline->{closure:{closure:Illuminate\\Pipeline\\Pipeline::carry():184}:185}()
#35 /home/pranjal/Pranjal/vscode/Files/core/vendor/laravel/framework/src/Illuminate/Pipeline/Pipeline.php(209): Illuminate\\Cookie\\Middleware\\AddQueuedCookiesToResponse->handle()
#36 /home/pranjal/Pranjal/vscode/Files/core/vendor/laramin/utility/src/Utility.php(15): Illuminate\\Pipeline\\Pipeline->{closure:{closure:Illuminate\\Pipeline\\Pipeline::carry():184}:185}()
#37 /home/pranjal/Pranjal/vscode/Files/core/vendor/laravel/framework/src/Illuminate/Pipeline/Pipeline.php(209): Laramin\\Utility\\Utility->handle()
#38 /home/pranjal/Pranjal/vscode/Files/core/vendor/laravel/framework/src/Illuminate/Pipeline/Pipeline.php(127): Illuminate\\Pipeline\\Pipeline->{closure:{closure:Illuminate\\Pipeline\\Pipeline::carry():184}:185}()
#39 /home/pranjal/Pranjal/vscode/Files/core/vendor/laravel/framework/src/Illuminate/Routing/Router.php(807): Illuminate\\Pipeline\\Pipeline->then()
#40 /home/pranjal/Pranjal/vscode/Files/core/vendor/laravel/framework/src/Illuminate/Routing/Router.php(786): Illuminate\\Routing\\Router->runRouteWithinStack()
#41 /home/pranjal/Pranjal/vscode/Files/core/vendor/laravel/framework/src/Illuminate/Routing/Router.php(750): Illuminate\\Routing\\Router->runRoute()
#42 /home/pranjal/Pranjal/vscode/Files/core/vendor/laravel/framework/src/Illuminate/Routing/Router.php(739): Illuminate\\Routing\\Router->dispatchToRoute()
#43 /home/pranjal/Pranjal/vscode/Files/core/vendor/laravel/framework/src/Illuminate/Foundation/Http/Kernel.php(201): Illuminate\\Routing\\Router->dispatch()
#44 /home/pranjal/Pranjal/vscode/Files/core/vendor/laravel/framework/src/Illuminate/Pipeline/Pipeline.php(170): Illuminate\\Foundation\\Http\\Kernel->{closure:Illuminate\\Foundation\\Http\\Kernel::dispatchToRouter():198}()
#45 /home/pranjal/Pranjal/vscode/Files/core/vendor/laravel/framework/src/Illuminate/Foundation/Http/Middleware/TransformsRequest.php(21): Illuminate\\Pipeline\\Pipeline->{closure:Illuminate\\Pipeline\\Pipeline::prepareDestination():168}()
#46 /home/pranjal/Pranjal/vscode/Files/core/vendor/laravel/framework/src/Illuminate/Foundation/Http/Middleware/ConvertEmptyStringsToNull.php(31): Illuminate\\Foundation\\Http\\Middleware\\TransformsRequest->handle()
#47 /home/pranjal/Pranjal/vscode/Files/core/vendor/laravel/framework/src/Illuminate/Pipeline/Pipeline.php(209): Illuminate\\Foundation\\Http\\Middleware\\ConvertEmptyStringsToNull->handle()
#48 /home/pranjal/Pranjal/vscode/Files/core/vendor/laravel/framework/src/Illuminate/Foundation/Http/Middleware/TransformsRequest.php(21): Illuminate\\Pipeline\\Pipeline->{closure:{closure:Illuminate\\Pipeline\\Pipeline::carry():184}:185}()
#49 /home/pranjal/Pranjal/vscode/Files/core/vendor/laravel/framework/src/Illuminate/Foundation/Http/Middleware/TrimStrings.php(51): Illuminate\\Foundation\\Http\\Middleware\\TransformsRequest->handle()
#50 /home/pranjal/Pranjal/vscode/Files/core/vendor/laravel/framework/src/Illuminate/Pipeline/Pipeline.php(209): Illuminate\\Foundation\\Http\\Middleware\\TrimStrings->handle()
#51 /home/pranjal/Pranjal/vscode/Files/core/vendor/laravel/framework/src/Illuminate/Http/Middleware/ValidatePostSize.php(27): Illuminate\\Pipeline\\Pipeline->{closure:{closure:Illuminate\\Pipeline\\Pipeline::carry():184}:185}()
#52 /home/pranjal/Pranjal/vscode/Files/core/vendor/laravel/framework/src/Illuminate/Pipeline/Pipeline.php(209): Illuminate\\Http\\Middleware\\ValidatePostSize->handle()
#53 /home/pranjal/Pranjal/vscode/Files/core/vendor/laravel/framework/src/Illuminate/Foundation/Http/Middleware/PreventRequestsDuringMaintenance.php(110): Illuminate\\Pipeline\\Pipeline->{closure:{closure:Illuminate\\Pipeline\\Pipeline::carry():184}:185}()
#54 /home/pranjal/Pranjal/vscode/Files/core/vendor/laravel/framework/src/Illuminate/Pipeline/Pipeline.php(209): Illuminate\\Foundation\\Http\\Middleware\\PreventRequestsDuringMaintenance->handle()
#55 /home/pranjal/Pranjal/vscode/Files/core/vendor/laravel/framework/src/Illuminate/Http/Middleware/HandleCors.php(49): Illuminate\\Pipeline\\Pipeline->{closure:{closure:Illuminate\\Pipeline\\Pipeline::carry():184}:185}()
#56 /home/pranjal/Pranjal/vscode/Files/core/vendor/laravel/framework/src/Illuminate/Pipeline/Pipeline.php(209): Illuminate\\Http\\Middleware\\HandleCors->handle()
#57 /home/pranjal/Pranjal/vscode/Files/core/vendor/laravel/framework/src/Illuminate/Http/Middleware/TrustProxies.php(58): Illuminate\\Pipeline\\Pipeline->{closure:{closure:Illuminate\\Pipeline\\Pipeline::carry():184}:185}()
#58 /home/pranjal/Pranjal/vscode/Files/core/vendor/laravel/framework/src/Illuminate/Pipeline/Pipeline.php(209): Illuminate\\Http\\Middleware\\TrustProxies->handle()
#59 /home/pranjal/Pranjal/vscode/Files/core/vendor/laravel/framework/src/Illuminate/Foundation/Http/Middleware/InvokeDeferredCallbacks.php(22): Illuminate\\Pipeline\\Pipeline->{closure:{closure:Illuminate\\Pipeline\\Pipeline::carry():184}:185}()
#60 /home/pranjal/Pranjal/vscode/Files/core/vendor/laravel/framework/src/Illuminate/Pipeline/Pipeline.php(209): Illuminate\\Foundation\\Http\\Middleware\\InvokeDeferredCallbacks->handle()
#61 /home/pranjal/Pranjal/vscode/Files/core/vendor/laramin/utility/src/Utility.php(15): Illuminate\\Pipeline\\Pipeline->{closure:{closure:Illuminate\\Pipeline\\Pipeline::carry():184}:185}()
#62 /home/pranjal/Pranjal/vscode/Files/core/vendor/laravel/framework/src/Illuminate/Pipeline/Pipeline.php(209): Laramin\\Utility\\Utility->handle()
#63 /home/pranjal/Pranjal/vscode/Files/core/vendor/laravel/framework/src/Illuminate/Pipeline/Pipeline.php(127): Illuminate\\Pipeline\\Pipeline->{closure:{closure:Illuminate\\Pipeline\\Pipeline::carry():184}:185}()
#64 /home/pranjal/Pranjal/vscode/Files/core/vendor/laravel/framework/src/Illuminate/Foundation/Http/Kernel.php(176): Illuminate\\Pipeline\\Pipeline->then()
#65 /home/pranjal/Pranjal/vscode/Files/core/vendor/laravel/framework/src/Illuminate/Foundation/Http/Kernel.php(145): Illuminate\\Foundation\\Http\\Kernel->sendRequestThroughRouter()
#66 /home/pranjal/Pranjal/vscode/Files/core/vendor/laravel/framework/src/Illuminate/Foundation/Application.php(1220): Illuminate\\Foundation\\Http\\Kernel->handle()
#67 /home/pranjal/Pranjal/vscode/Files/index.php(17): Illuminate\\Foundation\\Application->handleRequest()
#68 {main}

[previous exception] [object] (ErrorException(code: 0): Undefined array key \"version\" at /home/pranjal/Pranjal/vscode/Files/core/app/Providers/AppServiceProvider.php:60)
[stacktrace]
#0 /home/pranjal/Pranjal/vscode/Files/core/vendor/laravel/framework/src/Illuminate/Foundation/Bootstrap/HandleExceptions.php(258): Illuminate\\Foundation\\Bootstrap\\HandleExceptions->handleError()
#1 /home/pranjal/Pranjal/vscode/Files/core/app/Providers/AppServiceProvider.php(60): Illuminate\\Foundation\\Bootstrap\\HandleExceptions->{closure:Illuminate\\Foundation\\Bootstrap\\HandleExceptions::forwardsTo():257}()
#2 /home/pranjal/Pranjal/vscode/Files/core/vendor/laravel/framework/src/Illuminate/Events/Dispatcher.php(459): App\\Providers\\AppServiceProvider->{closure:App\\Providers\\AppServiceProvider::boot():51}()
#3 /home/pranjal/Pranjal/vscode/Files/core/vendor/laravel/framework/src/Illuminate/Events/Dispatcher.php(287): Illuminate\\Events\\Dispatcher->{closure:Illuminate\\Events\\Dispatcher::makeListener():454}()
#4 /home/pranjal/Pranjal/vscode/Files/core/vendor/laravel/framework/src/Illuminate/Events/Dispatcher.php(267): Illuminate\\Events\\Dispatcher->invokeListeners()
#5 /home/pranjal/Pranjal/vscode/Files/core/vendor/laravel/framework/src/Illuminate/View/Concerns/ManagesEvents.php(178): Illuminate\\Events\\Dispatcher->dispatch()
#6 /home/pranjal/Pranjal/vscode/Files/core/vendor/laravel/framework/src/Illuminate/View/View.php(190): Illuminate\\View\\Factory->callComposer()
#7 /home/pranjal/Pranjal/vscode/Files/core/vendor/laravel/framework/src/Illuminate/View/View.php(161): Illuminate\\View\\View->renderContents()
#8 /home/pranjal/Pranjal/vscode/Files/core/storage/framework/views/bd994467445c0c077eb81ef6ab510c57.php(7): Illuminate\\View\\View->render()
#9 /home/pranjal/Pranjal/vscode/Files/core/vendor/laravel/framework/src/Illuminate/Filesystem/Filesystem.php(123): require('...')
#10 /home/pranjal/Pranjal/vscode/Files/core/vendor/laravel/framework/src/Illuminate/Filesystem/Filesystem.php(124): Illuminate\\Filesystem\\Filesystem::{closure:Illuminate\\Filesystem\\Filesystem::getRequire():120}()
#11 /home/pranjal/Pranjal/vscode/Files/core/vendor/laravel/framework/src/Illuminate/View/Engines/PhpEngine.php(58): Illuminate\\Filesystem\\Filesystem->getRequire()
#12 /home/pranjal/Pranjal/vscode/Files/core/vendor/laravel/framework/src/Illuminate/View/Engines/CompilerEngine.php(75): Illuminate\\View\\Engines\\PhpEngine->evaluatePath()
#13 /home/pranjal/Pranjal/vscode/Files/core/vendor/laravel/framework/src/Illuminate/View/View.php(209): Illuminate\\View\\Engines\\CompilerEngine->get()
#14 /home/pranjal/Pranjal/vscode/Files/core/vendor/laravel/framework/src/Illuminate/View/View.php(192): Illuminate\\View\\View->getContents()
#15 /home/pranjal/Pranjal/vscode/Files/core/vendor/laravel/framework/src/Illuminate/View/View.php(161): Illuminate\\View\\View->renderContents()
#16 /home/pranjal/Pranjal/vscode/Files/core/storage/framework/views/352e4f31816487ef220ed296bddaef8a.php(341): Illuminate\\View\\View->render()
#17 /home/pranjal/Pranjal/vscode/Files/core/vendor/laravel/framework/src/Illuminate/Filesystem/Filesystem.php(123): require('...')
#18 /home/pranjal/Pranjal/vscode/Files/core/vendor/laravel/framework/src/Illuminate/Filesystem/Filesystem.php(124): Illuminate\\Filesystem\\Filesystem::{closure:Illuminate\\Filesystem\\Filesystem::getRequire():120}()
#19 /home/pranjal/Pranjal/vscode/Files/core/vendor/laravel/framework/src/Illuminate/View/Engines/PhpEngine.php(58): Illuminate\\Filesystem\\Filesystem->getRequire()
#20 /home/pranjal/Pranjal/vscode/Files/core/vendor/laravel/framework/src/Illuminate/View/Engines/CompilerEngine.php(75): Illuminate\\View\\Engines\\PhpEngine->evaluatePath()
#21 /home/pranjal/Pranjal/vscode/Files/core/vendor/laravel/framework/src/Illuminate/View/View.php(209): Illuminate\\View\\Engines\\CompilerEngine->get()
#22 /home/pranjal/Pranjal/vscode/Files/core/vendor/laravel/framework/src/Illuminate/View/View.php(192): Illuminate\\View\\View->getContents()
#23 /home/pranjal/Pranjal/vscode/Files/core/vendor/laravel/framework/src/Illuminate/View/View.php(161): Illuminate\\View\\View->renderContents()
#24 /home/pranjal/Pranjal/vscode/Files/core/vendor/laravel/framework/src/Illuminate/Http/Response.php(79): Illuminate\\View\\View->render()
#25 /home/pranjal/Pranjal/vscode/Files/core/vendor/laravel/framework/src/Illuminate/Http/Response.php(35): Illuminate\\Http\\Response->setContent()
#26 /home/pranjal/Pranjal/vscode/Files/core/vendor/laravel/framework/src/Illuminate/Routing/Router.php(920): Illuminate\\Http\\Response->__construct()
#27 /home/pranjal/Pranjal/vscode/Files/core/vendor/laravel/framework/src/Illuminate/Routing/Router.php(887): Illuminate\\Routing\\Router::toResponse()
#28 /home/pranjal/Pranjal/vscode/Files/core/vendor/laravel/framework/src/Illuminate/Routing/Router.php(807): Illuminate\\Routing\\Router->prepareResponse()
#29 /home/pranjal/Pranjal/vscode/Files/core/vendor/laravel/framework/src/Illuminate/Pipeline/Pipeline.php(170): Illuminate\\Routing\\Router->{closure:Illuminate\\Routing\\Router::runRouteWithinStack():807}()
#30 /home/pranjal/Pranjal/vscode/Files/core/app/Http/Middleware/RedirectIfNotAdmin.php(22): Illuminate\\Pipeline\\Pipeline->{closure:Illuminate\\Pipeline\\Pipeline::prepareDestination():168}()
#31 /home/pranjal/Pranjal/vscode/Files/core/vendor/laravel/framework/src/Illuminate/Pipeline/Pipeline.php(209): App\\Http\\Middleware\\RedirectIfNotAdmin->handle()
#32 /home/pranjal/Pranjal/vscode/Files/core/app/Http/Middleware/ActiveTemplateMiddleware.php(31): Illuminate\\Pipeline\\Pipeline->{closure:{closure:Illuminate\\Pipeline\\Pipeline::carry():184}:185}()
#33 /home/pranjal/Pranjal/vscode/Files/core/vendor/laravel/framework/src/Illuminate/Pipeline/Pipeline.php(209): App\\Http\\Middleware\\ActiveTemplateMiddleware->handle()
#34 /home/pranjal/Pranjal/vscode/Files/core/app/Http/Middleware/LanguageMiddleware.php(22): Illuminate\\Pipeline\\Pipeline->{closure:{closure:Illuminate\\Pipeline\\Pipeline::carry():184}:185}()
#35 /home/pranjal/Pranjal/vscode/Files/core/vendor/laravel/framework/src/Illuminate/Pipeline/Pipeline.php(209): App\\Http\\Middleware\\LanguageMiddleware->handle()
#36 /home/pranjal/Pranjal/vscode/Files/core/vendor/laravel/framework/src/Illuminate/Routing/Middleware/SubstituteBindings.php(51): Illuminate\\Pipeline\\Pipeline->{closure:{closure:Illuminate\\Pipeline\\Pipeline::carry():184}:185}()
#37 /home/pranjal/Pranjal/vscode/Files/core/vendor/laravel/framework/src/Illuminate/Pipeline/Pipeline.php(209): Illuminate\\Routing\\Middleware\\SubstituteBindings->handle()
#38 /home/pranjal/Pranjal/vscode/Files/core/vendor/laravel/framework/src/Illuminate/Foundation/Http/Middleware/VerifyCsrfToken.php(88): Illuminate\\Pipeline\\Pipeline->{closure:{closure:Illuminate\\Pipeline\\Pipeline::carry():184}:185}()
#39 /home/pranjal/Pranjal/vscode/Files/core/vendor/laravel/framework/src/Illuminate/Pipeline/Pipeline.php(209): Illuminate\\Foundation\\Http\\Middleware\\VerifyCsrfToken->handle()
#40 /home/pranjal/Pranjal/vscode/Files/core/vendor/laravel/framework/src/Illuminate/View/Middleware/ShareErrorsFromSession.php(49): Illuminate\\Pipeline\\Pipeline->{closure:{closure:Illuminate\\Pipeline\\Pipeline::carry():184}:185}()
#41 /home/pranjal/Pranjal/vscode/Files/core/vendor/laravel/framework/src/Illuminate/Pipeline/Pipeline.php(209): Illuminate\\View\\Middleware\\ShareErrorsFromSession->handle()
#42 /home/pranjal/Pranjal/vscode/Files/core/vendor/laravel/framework/src/Illuminate/Session/Middleware/StartSession.php(121): Illuminate\\Pipeline\\Pipeline->{closure:{closure:Illuminate\\Pipeline\\Pipeline::carry():184}:185}()
#43 /home/pranjal/Pranjal/vscode/Files/core/vendor/laravel/framework/src/Illuminate/Session/Middleware/StartSession.php(64): Illuminate\\Session\\Middleware\\StartSession->handleStatefulRequest()
#44 /home/pranjal/Pranjal/vscode/Files/core/vendor/laravel/framework/src/Illuminate/Pipeline/Pipeline.php(209): Illuminate\\Session\\Middleware\\StartSession->handle()
#45 /home/pranjal/Pranjal/vscode/Files/core/vendor/laravel/framework/src/Illuminate/Cookie/Middleware/AddQueuedCookiesToResponse.php(37): Illuminate\\Pipeline\\Pipeline->{closure:{closure:Illuminate\\Pipeline\\Pipeline::carry():184}:185}()
#46 /home/pranjal/Pranjal/vscode/Files/core/vendor/laravel/framework/src/Illuminate/Pipeline/Pipeline.php(209): Illuminate\\Cookie\\Middleware\\AddQueuedCookiesToResponse->handle()
#47 /home/pranjal/Pranjal/vscode/Files/core/vendor/laramin/utility/src/Utility.php(15): Illuminate\\Pipeline\\Pipeline->{closure:{closure:Illuminate\\Pipeline\\Pipeline::carry():184}:185}()
#48 /home/pranjal/Pranjal/vscode/Files/core/vendor/laravel/framework/src/Illuminate/Pipeline/Pipeline.php(209): Laramin\\Utility\\Utility->handle()
#49 /home/pranjal/Pranjal/vscode/Files/core/vendor/laravel/framework/src/Illuminate/Pipeline/Pipeline.php(127): Illuminate\\Pipeline\\Pipeline->{closure:{closure:Illuminate\\Pipeline\\Pipeline::carry():184}:185}()
#50 /home/pranjal/Pranjal/vscode/Files/core/vendor/laravel/framework/src/Illuminate/Routing/Router.php(807): Illuminate\\Pipeline\\Pipeline->then()
#51 /home/pranjal/Pranjal/vscode/Files/core/vendor/laravel/framework/src/Illuminate/Routing/Router.php(786): Illuminate\\Routing\\Router->runRouteWithinStack()
#52 /home/pranjal/Pranjal/vscode/Files/core/vendor/laravel/framework/src/Illuminate/Routing/Router.php(750): Illuminate\\Routing\\Router->runRoute()
#53 /home/pranjal/Pranjal/vscode/Files/core/vendor/laravel/framework/src/Illuminate/Routing/Router.php(739): Illuminate\\Routing\\Router->dispatchToRoute()
#54 /home/pranjal/Pranjal/vscode/Files/core/vendor/laravel/framework/src/Illuminate/Foundation/Http/Kernel.php(201): Illuminate\\Routing\\Router->dispatch()
#55 /home/pranjal/Pranjal/vscode/Files/core/vendor/laravel/framework/src/Illuminate/Pipeline/Pipeline.php(170): Illuminate\\Foundation\\Http\\Kernel->{closure:Illuminate\\Foundation\\Http\\Kernel::dispatchToRouter():198}()
#56 /home/pranjal/Pranjal/vscode/Files/core/vendor/laravel/framework/src/Illuminate/Foundation/Http/Middleware/TransformsRequest.php(21): Illuminate\\Pipeline\\Pipeline->{closure:Illuminate\\Pipeline\\Pipeline::prepareDestination():168}()
#57 /home/pranjal/Pranjal/vscode/Files/core/vendor/laravel/framework/src/Illuminate/Foundation/Http/Middleware/ConvertEmptyStringsToNull.php(31): Illuminate\\Foundation\\Http\\Middleware\\TransformsRequest->handle()
#58 /home/pranjal/Pranjal/vscode/Files/core/vendor/laravel/framework/src/Illuminate/Pipeline/Pipeline.php(209): Illuminate\\Foundation\\Http\\Middleware\\ConvertEmptyStringsToNull->handle()
#59 /home/pranjal/Pranjal/vscode/Files/core/vendor/laravel/framework/src/Illuminate/Foundation/Http/Middleware/TransformsRequest.php(21): Illuminate\\Pipeline\\Pipeline->{closure:{closure:Illuminate\\Pipeline\\Pipeline::carry():184}:185}()
#60 /home/pranjal/Pranjal/vscode/Files/core/vendor/laravel/framework/src/Illuminate/Foundation/Http/Middleware/TrimStrings.php(51): Illuminate\\Foundation\\Http\\Middleware\\TransformsRequest->handle()
#61 /home/pranjal/Pranjal/vscode/Files/core/vendor/laravel/framework/src/Illuminate/Pipeline/Pipeline.php(209): Illuminate\\Foundation\\Http\\Middleware\\TrimStrings->handle()
#62 /home/pranjal/Pranjal/vscode/Files/core/vendor/laravel/framework/src/Illuminate/Http/Middleware/ValidatePostSize.php(27): Illuminate\\Pipeline\\Pipeline->{closure:{closure:Illuminate\\Pipeline\\Pipeline::carry():184}:185}()
#63 /home/pranjal/Pranjal/vscode/Files/core/vendor/laravel/framework/src/Illuminate/Pipeline/Pipeline.php(209): Illuminate\\Http\\Middleware\\ValidatePostSize->handle()
#64 /home/pranjal/Pranjal/vscode/Files/core/vendor/laravel/framework/src/Illuminate/Foundation/Http/Middleware/PreventRequestsDuringMaintenance.php(110): Illuminate\\Pipeline\\Pipeline->{closure:{closure:Illuminate\\Pipeline\\Pipeline::carry():184}:185}()
#65 /home/pranjal/Pranjal/vscode/Files/core/vendor/laravel/framework/src/Illuminate/Pipeline/Pipeline.php(209): Illuminate\\Foundation\\Http\\Middleware\\PreventRequestsDuringMaintenance->handle()
#66 /home/pranjal/Pranjal/vscode/Files/core/vendor/laravel/framework/src/Illuminate/Http/Middleware/HandleCors.php(49): Illuminate\\Pipeline\\Pipeline->{closure:{closure:Illuminate\\Pipeline\\Pipeline::carry():184}:185}()
#67 /home/pranjal/Pranjal/vscode/Files/core/vendor/laravel/framework/src/Illuminate/Pipeline/Pipeline.php(209): Illuminate\\Http\\Middleware\\HandleCors->handle()
#68 /home/pranjal/Pranjal/vscode/Files/core/vendor/laravel/framework/src/Illuminate/Http/Middleware/TrustProxies.php(58): Illuminate\\Pipeline\\Pipeline->{closure:{closure:Illuminate\\Pipeline\\Pipeline::carry():184}:185}()
#69 /home/pranjal/Pranjal/vscode/Files/core/vendor/laravel/framework/src/Illuminate/Pipeline/Pipeline.php(209): Illuminate\\Http\\Middleware\\TrustProxies->handle()
#70 /home/pranjal/Pranjal/vscode/Files/core/vendor/laravel/framework/src/Illuminate/Foundation/Http/Middleware/InvokeDeferredCallbacks.php(22): Illuminate\\Pipeline\\Pipeline->{closure:{closure:Illuminate\\Pipeline\\Pipeline::carry():184}:185}()
#71 /home/pranjal/Pranjal/vscode/Files/core/vendor/laravel/framework/src/Illuminate/Pipeline/Pipeline.php(209): Illuminate\\Foundation\\Http\\Middleware\\InvokeDeferredCallbacks->handle()
#72 /home/pranjal/Pranjal/vscode/Files/core/vendor/laramin/utility/src/Utility.php(15): Illuminate\\Pipeline\\Pipeline->{closure:{closure:Illuminate\\Pipeline\\Pipeline::carry():184}:185}()
#73 /home/pranjal/Pranjal/vscode/Files/core/vendor/laravel/framework/src/Illuminate/Pipeline/Pipeline.php(209): Laramin\\Utility\\Utility->handle()
#74 /home/pranjal/Pranjal/vscode/Files/core/vendor/laravel/framework/src/Illuminate/Pipeline/Pipeline.php(127): Illuminate\\Pipeline\\Pipeline->{closure:{closure:Illuminate\\Pipeline\\Pipeline::carry():184}:185}()
#75 /home/pranjal/Pranjal/vscode/Files/core/vendor/laravel/framework/src/Illuminate/Foundation/Http/Kernel.php(176): Illuminate\\Pipeline\\Pipeline->then()
#76 /home/pranjal/Pranjal/vscode/Files/core/vendor/laravel/framework/src/Illuminate/Foundation/Http/Kernel.php(145): Illuminate\\Foundation\\Http\\Kernel->sendRequestThroughRouter()
#77 /home/pranjal/Pranjal/vscode/Files/core/vendor/laravel/framework/src/Illuminate/Foundation/Application.php(1220): Illuminate\\Foundation\\Http\\Kernel->handle()
#78 /home/pranjal/Pranjal/vscode/Files/index.php(17): Illuminate\\Foundation\\Application->handleRequest()
#79 {main}
"} 
[2026-07-26 16:35:06] production.ERROR: Undefined array key "version" (View: /home/pranjal/Pranjal/vscode/Files/core/resources/views/admin/layouts/app.blade.php) (View: /home/pranjal/Pranjal/vscode/Files/core/resources/views/admin/layouts/app.blade.php) {"exception":"[object] (Illuminate\\View\\ViewException(code: 0): Undefined array key \"version\" (View: /home/pranjal/Pranjal/vscode/Files/core/resources/views/admin/layouts/app.blade.php) (View: /home/pranjal/Pranjal/vscode/Files/core/resources/views/admin/layouts/app.blade.php) at /home/pranjal/Pranjal/vscode/Files/core/app/Providers/AppServiceProvider.php:60)
[stacktrace]
#0 /home/pranjal/Pranjal/vscode/Files/core/vendor/laravel/framework/src/Illuminate/View/Engines/PhpEngine.php(60): Illuminate\\View\\Engines\\CompilerEngine->handleViewException()
#1 /home/pranjal/Pranjal/vscode/Files/core/vendor/laravel/framework/src/Illuminate/View/Engines/CompilerEngine.php(75): Illuminate\\View\\Engines\\PhpEngine->evaluatePath()
#2 /home/pranjal/Pranjal/vscode/Files/core/vendor/laravel/framework/src/Illuminate/View/View.php(209): Illuminate\\View\\Engines\\CompilerEngine->get()
#3 /home/pranjal/Pranjal/vscode/Files/core/vendor/laravel/framework/src/Illuminate/View/View.php(192): Illuminate\\View\\View->getContents()
#4 /home/pranjal/Pranjal/vscode/Files/core/vendor/laravel/framework/src/Illuminate/View/View.php(161): Illuminate\\View\\View->renderContents()
#5 /home/pranjal/Pranjal/vscode/Files/core/vendor/laravel/framework/src/Illuminate/Http/Response.php(79): Illuminate\\View\\View->render()
#6 /home/pranjal/Pranjal/vscode/Files/core/vendor/laravel/framework/src/Illuminate/Http/Response.php(35): Illuminate\\Http\\Response->setContent()
#7 /home/pranjal/Pranjal/vscode/Files/core/vendor/laravel/framework/src/Illuminate/Routing/Router.php(920): Illuminate\\Http\\Response->__construct()
#8 /home/pranjal/Pranjal/vscode/Files/core/vendor/laravel/framework/src/Illuminate/Routing/Router.php(887): Illuminate\\Routing\\Router::toResponse()
#9 /home/pranjal/Pranjal/vscode/Files/core/vendor/laravel/framework/src/Illuminate/Routing/Router.php(807): Illuminate\\Routing\\Router->prepareResponse()
#10 /home/pranjal/Pranjal/vscode/Files/core/vendor/laravel/framework/src/Illuminate/Pipeline/Pipeline.php(170): Illuminate\\Routing\\Router->{closure:Illuminate\\Routing\\Router::runRouteWithinStack():807}()
#11 /home/pranjal/Pranjal/vscode/Files/core/app/Http/Middleware/RedirectIfNotAdmin.php(22): Illuminate\\Pipeline\\Pipeline->{closure:Illuminate\\Pipeline\\Pipeline::prepareDestination():168}()
#12 /home/pranjal/Pranjal/vscode/Files/core/vendor/laravel/framework/src/Illuminate/Pipeline/Pipeline.php(209): App\\Http\\Middleware\\RedirectIfNotAdmin->handle()
#13 /home/pranjal/Pranjal/vscode/Files/core/app/Http/Middleware/ActiveTemplateMiddleware.php(31): Illuminate\\Pipeline\\Pipeline->{closure:{closure:Illuminate\\Pipeline\\Pipeline::carry():184}:185}()
#14 /home/pranjal/Pranjal/vscode/Files/core/vendor/laravel/framework/src/Illuminate/Pipeline/Pipeline.php(209): App\\Http\\Middleware\\ActiveTemplateMiddleware->handle()
#15 /home/pranjal/Pranjal/vscode/Files/core/app/Http/Middleware/LanguageMiddleware.php(22): Illuminate\\Pipeline\\Pipeline->{closure:{closure:Illuminate\\Pipeline\\Pipeline::carry():184}:185}()
#16 /home/pranjal/Pranjal/vscode/Files/core/vendor/laravel/framework/src/Illuminate/Pipeline/Pipeline.php(209): App\\Http\\Middleware\\LanguageMiddleware->handle()
#17 /home/pranjal/Pranjal/vscode/Files/core/vendor/laravel/framework/src/Illuminate/Routing/Middleware/SubstituteBindings.php(51): Illuminate\\Pipeline\\Pipeline->{closure:{closure:Illuminate\\Pipeline\\Pipeline::carry():184}:185}()
#18 /home/pranjal/Pranjal/vscode/Files/core/vendor/laravel/framework/src/Illuminate/Pipeline/Pipeline.php(209): Illuminate\\Routing\\Middleware\\SubstituteBindings->handle()
#19 /home/pranjal/Pranjal/vscode/Files/core/vendor/laravel/framework/src/Illuminate/Foundation/Http/Middleware/VerifyCsrfToken.php(88): Illuminate\\Pipeline\\Pipeline->{closure:{closure:Illuminate\\Pipeline\\Pipeline::carry():184}:185}()
#20 /home/pranjal/Pranjal/vscode/Files/core/vendor/laravel/framework/src/Illuminate/Pipeline/Pipeline.php(209): Illuminate\\Foundation\\Http\\Middleware\\VerifyCsrfToken->handle()
#21 /home/pranjal/Pranjal/vscode/Files/core/vendor/laravel/framework/src/Illuminate/View/Middleware/ShareErrorsFromSession.php(49): Illuminate\\Pipeline\\Pipeline->{closure:{closure:Illuminate\\Pipeline\\Pipeline::carry():184}:185}()
#22 /home/pranjal/Pranjal/vscode/Files/core/vendor/laravel/framework/src/Illuminate/Pipeline/Pipeline.php(209): Illuminate\\View\\Middleware\\ShareErrorsFromSession->handle()
#23 /home/pranjal/Pranjal/vscode/Files/core/vendor/laravel/framework/src/Illuminate/Session/Middleware/StartSession.php(121): Illuminate\\Pipeline\\Pipeline->{closure:{closure:Illuminate\\Pipeline\\Pipeline::carry():184}:185}()
#24 /home/pranjal/Pranjal/vscode/Files/core/vendor/laravel/framework/src/Illuminate/Session/Middleware/StartSession.php(64): Illuminate\\Session\\Middleware\\StartSession->handleStatefulRequest()
#25 /home/pranjal/Pranjal/vscode/Files/core/vendor/laravel/framework/src/Illuminate/Pipeline/Pipeline.php(209): Illuminate\\Session\\Middleware\\StartSession->handle()
#26 /home/pranjal/Pranjal/vscode/Files/core/vendor/laravel/framework/src/Illuminate/Cookie/Middleware/AddQueuedCookiesToResponse.php(37): Illuminate\\Pipeline\\Pipeline->{closure:{closure:Illuminate\\Pipeline\\Pipeline::carry():184}:185}()
#27 /home/pranjal/Pranjal/vscode/Files/core/vendor/laravel/framework/src/Illuminate/Pipeline/Pipeline.php(209): Illuminate\\Cookie\\Middleware\\AddQueuedCookiesToResponse->handle()
#28 /home/pranjal/Pranjal/vscode/Files/core/vendor/laramin/utility/src/Utility.php(15): Illuminate\\Pipeline\\Pipeline->{closure:{closure:Illuminate\\Pipeline\\Pipeline::carry():184}:185}()
#29 /home/pranjal/Pranjal/vscode/Files/core/vendor/laravel/framework/src/Illuminate/Pipeline/Pipeline.php(209): Laramin\\Utility\\Utility->handle()
#30 /home/pranjal/Pranjal/vscode/Files/core/vendor/laravel/framework/src/Illuminate/Pipeline/Pipeline.php(127): Illuminate\\Pipeline\\Pipeline->{closure:{closure:Illuminate\\Pipeline\\Pipeline::carry():184}:185}()
#31 /home/pranjal/Pranjal/vscode/Files/core/vendor/laravel/framework/src/Illuminate/Routing/Router.php(807): Illuminate\\Pipeline\\Pipeline->then()
#32 /home/pranjal/Pranjal/vscode/Files/core/vendor/laravel/framework/src/Illuminate/Routing/Router.php(786): Illuminate\\Routing\\Router->runRouteWithinStack()
#33 /home/pranjal/Pranjal/vscode/Files/core/vendor/laravel/framework/src/Illuminate/Routing/Router.php(750): Illuminate\\Routing\\Router->runRoute()
#34 /home/pranjal/Pranjal/vscode/Files/core/vendor/laravel/framework/src/Illuminate/Routing/Router.php(739): Illuminate\\Routing\\Router->dispatchToRoute()
#35 /home/pranjal/Pranjal/vscode/Files/core/vendor/laravel/framework/src/Illuminate/Foundation/Http/Kernel.php(201): Illuminate\\Routing\\Router->dispatch()
#36 /home/pranjal/Pranjal/vscode/Files/core/vendor/laravel/framework/src/Illuminate/Pipeline/Pipeline.php(170): Illuminate\\Foundation\\Http\\Kernel->{closure:Illuminate\\Foundation\\Http\\Kernel::dispatchToRouter():198}()
#37 /home/pranjal/Pranjal/vscode/Files/core/vendor/laravel/framework/src/Illuminate/Foundation/Http/Middleware/TransformsRequest.php(21): Illuminate\\Pipeline\\Pipeline->{closure:Illuminate\\Pipeline\\Pipeline::prepareDestination():168}()
#38 /home/pranjal/Pranjal/vscode/Files/core/vendor/laravel/framework/src/Illuminate/Foundation/Http/Middleware/ConvertEmptyStringsToNull.php(31): Illuminate\\Foundation\\Http\\Middleware\\TransformsRequest->handle()
#39 /home/pranjal/Pranjal/vscode/Files/core/vendor/laravel/framework/src/Illuminate/Pipeline/Pipeline.php(209): Illuminate\\Foundation\\Http\\Middleware\\ConvertEmptyStringsToNull->handle()
#40 /home/pranjal/Pranjal/vscode/Files/core/vendor/laravel/framework/src/Illuminate/Foundation/Http/Middleware/TransformsRequest.php(21): Illuminate\\Pipeline\\Pipeline->{closure:{closure:Illuminate\\Pipeline\\Pipeline::carry():184}:185}()
#41 /home/pranjal/Pranjal/vscode/Files/core/vendor/laravel/framework/src/Illuminate/Foundation/Http/Middleware/TrimStrings.php(51): Illuminate\\Foundation\\Http\\Middleware\\TransformsRequest->handle()
#42 /home/pranjal/Pranjal/vscode/Files/core/vendor/laravel/framework/src/Illuminate/Pipeline/Pipeline.php(209): Illuminate\\Foundation\\Http\\Middleware\\TrimStrings->handle()
#43 /home/pranjal/Pranjal/vscode/Files/core/vendor/laravel/framework/src/Illuminate/Http/Middleware/ValidatePostSize.php(27): Illuminate\\Pipeline\\Pipeline->{closure:{closure:Illuminate\\Pipeline\\Pipeline::carry():184}:185}()
#44 /home/pranjal/Pranjal/vscode/Files/core/vendor/laravel/framework/src/Illuminate/Pipeline/Pipeline.php(209): Illuminate\\Http\\Middleware\\ValidatePostSize->handle()
#45 /home/pranjal/Pranjal/vscode/Files/core/vendor/laravel/framework/src/Illuminate/Foundation/Http/Middleware/PreventRequestsDuringMaintenance.php(110): Illuminate\\Pipeline\\Pipeline->{closure:{closure:Illuminate\\Pipeline\\Pipeline::carry():184}:185}()
#46 /home/pranjal/Pranjal/vscode/Files/core/vendor/laravel/framework/src/Illuminate/Pipeline/Pipeline.php(209): Illuminate\\Foundation\\Http\\Middleware\\PreventRequestsDuringMaintenance->handle()
#47 /home/pranjal/Pranjal/vscode/Files/core/vendor/laravel/framework/src/Illuminate/Http/Middleware/HandleCors.php(49): Illuminate\\Pipeline\\Pipeline->{closure:{closure:Illuminate\\Pipeline\\Pipeline::carry():184}:185}()
#48 /home/pranjal/Pranjal/vscode/Files/core/vendor/laravel/framework/src/Illuminate/Pipeline/Pipeline.php(209): Illuminate\\Http\\Middleware\\HandleCors->handle()
#49 /home/pranjal/Pranjal/vscode/Files/core/vendor/laravel/framework/src/Illuminate/Http/Middleware/TrustProxies.php(58): Illuminate\\Pipeline\\Pipeline->{closure:{closure:Illuminate\\Pipeline\\Pipeline::carry():184}:185}()
#50 /home/pranjal/Pranjal/vscode/Files/core/vendor/laravel/framework/src/Illuminate/Pipeline/Pipeline.php(209): Illuminate\\Http\\Middleware\\TrustProxies->handle()
#51 /home/pranjal/Pranjal/vscode/Files/core/vendor/laravel/framework/src/Illuminate/Foundation/Http/Middleware/InvokeDeferredCallbacks.php(22): Illuminate\\Pipeline\\Pipeline->{closure:{closure:Illuminate\\Pipeline\\Pipeline::carry():184}:185}()
#52 /home/pranjal/Pranjal/vscode/Files/core/vendor/laravel/framework/src/Illuminate/Pipeline/Pipeline.php(209): Illuminate\\Foundation\\Http\\Middleware\\InvokeDeferredCallbacks->handle()
#53 /home/pranjal/Pranjal/vscode/Files/core/vendor/laramin/utility/src/Utility.php(15): Illuminate\\Pipeline\\Pipeline->{closure:{closure:Illuminate\\Pipeline\\Pipeline::carry():184}:185}()
#54 /home/pranjal/Pranjal/vscode/Files/core/vendor/laravel/framework/src/Illuminate/Pipeline/Pipeline.php(209): Laramin\\Utility\\Utility->handle()
#55 /home/pranjal/Pranjal/vscode/Files/core/vendor/laravel/framework/src/Illuminate/Pipeline/Pipeline.php(127): Illuminate\\Pipeline\\Pipeline->{closure:{closure:Illuminate\\Pipeline\\Pipeline::carry():184}:185}()
#56 /home/pranjal/Pranjal/vscode/Files/core/vendor/laravel/framework/src/Illuminate/Foundation/Http/Kernel.php(176): Illuminate\\Pipeline\\Pipeline->then()
#57 /home/pranjal/Pranjal/vscode/Files/core/vendor/laravel/framework/src/Illuminate/Foundation/Http/Kernel.php(145): Illuminate\\Foundation\\Http\\Kernel->sendRequestThroughRouter()
#58 /home/pranjal/Pranjal/vscode/Files/core/vendor/laravel/framework/src/Illuminate/Foundation/Application.php(1220): Illuminate\\Foundation\\Http\\Kernel->handle()
#59 /home/pranjal/Pranjal/vscode/Files/index.php(17): Illuminate\\Foundation\\Application->handleRequest()
#60 {main}

[previous exception] [object] (Illuminate\\View\\ViewException(code: 0): Undefined array key \"version\" (View: /home/pranjal/Pranjal/vscode/Files/core/resources/views/admin/layouts/app.blade.php) at /home/pranjal/Pranjal/vscode/Files/core/app/Providers/AppServiceProvider.php:60)
[stacktrace]
#0 /home/pranjal/Pranjal/vscode/Files/core/vendor/laravel/framework/src/Illuminate/View/Engines/PhpEngine.php(60): Illuminate\\View\\Engines\\CompilerEngine->handleViewException()
#1 /home/pranjal/Pranjal/vscode/Files/core/vendor/laravel/framework/src/Illuminate/View/Engines/CompilerEngine.php(75): Illuminate\\View\\Engines\\PhpEngine->evaluatePath()
#2 /home/pranjal/Pranjal/vscode/Files/core/vendor/laravel/framework/src/Illuminate/View/View.php(209): Illuminate\\View\\Engines\\CompilerEngine->get()
#3 /home/pranjal/Pranjal/vscode/Files/core/vendor/laravel/framework/src/Illuminate/View/View.php(192): Illuminate\\View\\View->getContents()
#4 /home/pranjal/Pranjal/vscode/Files/core/vendor/laravel/framework/src/Illuminate/View/View.php(161): Illuminate\\View\\View->renderContents()
#5 /home/pranjal/Pranjal/vscode/Files/core/storage/framework/views/352e4f31816487ef220ed296bddaef8a.php(341): Illuminate\\View\\View->render()
#6 /home/pranjal/Pranjal/vscode/Files/core/vendor/laravel/framework/src/Illuminate/Filesystem/Filesystem.php(123): require('...')
#7 /home/pranjal/Pranjal/vscode/Files/core/vendor/laravel/framework/src/Illuminate/Filesystem/Filesystem.php(124): Illuminate\\Filesystem\\Filesystem::{closure:Illuminate\\Filesystem\\Filesystem::getRequire():120}()
#8 /home/pranjal/Pranjal/vscode/Files/core/vendor/laravel/framework/src/Illuminate/View/Engines/PhpEngine.php(58): Illuminate\\Filesystem\\Filesystem->getRequire()
#9 /home/pranjal/Pranjal/vscode/Files/core/vendor/laravel/framework/src/Illuminate/View/Engines/CompilerEngine.php(75): Illuminate\\View\\Engines\\PhpEngine->evaluatePath()
#10 /home/pranjal/Pranjal/vscode/Files/core/vendor/laravel/framework/src/Illuminate/View/View.php(209): Illuminate\\View\\Engines\\CompilerEngine->get()
#11 /home/pranjal/Pranjal/vscode/Files/core/vendor/laravel/framework/src/Illuminate/View/View.php(192): Illuminate\\View\\View->getContents()
#12 /home/pranjal/Pranjal/vscode/Files/core/vendor/laravel/framework/src/Illuminate/View/View.php(161): Illuminate\\View\\View->renderContents()
#13 /home/pranjal/Pranjal/vscode/Files/core/vendor/laravel/framework/src/Illuminate/Http/Response.php(79): Illuminate\\View\\View->render()
#14 /home/pranjal/Pranjal/vscode/Files/core/vendor/laravel/framework/src/Illuminate/Http/Response.php(35): Illuminate\\Http\\Response->setContent()
#15 /home/pranjal/Pranjal/vscode/Files/core/vendor/laravel/framework/src/Illuminate/Routing/Router.php(920): Illuminate\\Http\\Response->__construct()
#16 /home/pranjal/Pranjal/vscode/Files/core/vendor/laravel/framework/src/Illuminate/Routing/Router.php(887): Illuminate\\Routing\\Router::toResponse()
#17 /home/pranjal/Pranjal/vscode/Files/core/vendor/laravel/framework/src/Illuminate/Routing/Router.php(807): Illuminate\\Routing\\Router->prepareResponse()
#18 /home/pranjal/Pranjal/vscode/Files/core/vendor/laravel/framework/src/Illuminate/Pipeline/Pipeline.php(170): Illuminate\\Routing\\Router->{closure:Illuminate\\Routing\\Router::runRouteWithinStack():807}()
#19 /home/pranjal/Pranjal/vscode/Files/core/app/Http/Middleware/RedirectIfNotAdmin.php(22): Illuminate\\Pipeline\\Pipeline->{closure:Illuminate\\Pipeline\\Pipeline::prepareDestination():168}()
#20 /home/pranjal/Pranjal/vscode/Files/core/vendor/laravel/framework/src/Illuminate/Pipeline/Pipeline.php(209): App\\Http\\Middleware\\RedirectIfNotAdmin->handle()
#21 /home/pranjal/Pranjal/vscode/Files/core/app/Http/Middleware/ActiveTemplateMiddleware.php(31): Illuminate\\Pipeline\\Pipeline->{closure:{closure:Illuminate\\Pipeline\\Pipeline::carry():184}:185}()
#22 /home/pranjal/Pranjal/vscode/Files/core/vendor/laravel/framework/src/Illuminate/Pipeline/Pipeline.php(209): App\\Http\\Middleware\\ActiveTemplateMiddleware->handle()
#23 /home/pranjal/Pranjal/vscode/Files/core/app/Http/Middleware/LanguageMiddleware.php(22): Illuminate\\Pipeline\\Pipeline->{closure:{closure:Illuminate\\Pipeline\\Pipeline::carry():184}:185}()
#24 /home/pranjal/Pranjal/vscode/Files/core/vendor/laravel/framework/src/Illuminate/Pipeline/Pipeline.php(209): App\\Http\\Middleware\\LanguageMiddleware->handle()
#25 /home/pranjal/Pranjal/vscode/Files/core/vendor/laravel/framework/src/Illuminate/Routing/Middleware/SubstituteBindings.php(51): Illuminate\\Pipeline\\Pipeline->{closure:{closure:Illuminate\\Pipeline\\Pipeline::carry():184}:185}()
#26 /home/pranjal/Pranjal/vscode/Files/core/vendor/laravel/framework/src/Illuminate/Pipeline/Pipeline.php(209): Illuminate\\Routing\\Middleware\\SubstituteBindings->handle()
#27 /home/pranjal/Pranjal/vscode/Files/core/vendor/laravel/framework/src/Illuminate/Foundation/Http/Middleware/VerifyCsrfToken.php(88): Illuminate\\Pipeline\\Pipeline->{closure:{closure:Illuminate\\Pipeline\\Pipeline::carry():184}:185}()
#28 /home/pranjal/Pranjal/vscode/Files/core/vendor/laravel/framework/src/Illuminate/Pipeline/Pipeline.php(209): Illuminate\\Foundation\\Http\\Middleware\\VerifyCsrfToken->handle()
#29 /home/pranjal/Pranjal/vscode/Files/core/vendor/laravel/framework/src/Illuminate/View/Middleware/ShareErrorsFromSession.php(49): Illuminate\\Pipeline\\Pipeline->{closure:{closure:Illuminate\\Pipeline\\Pipeline::carry():184}:185}()
#30 /home/pranjal/Pranjal/vscode/Files/core/vendor/laravel/framework/src/Illuminate/Pipeline/Pipeline.php(209): Illuminate\\View\\Middleware\\ShareErrorsFromSession->handle()
#31 /home/pranjal/Pranjal/vscode/Files/core/vendor/laravel/framework/src/Illuminate/Session/Middleware/StartSession.php(121): Illuminate\\Pipeline\\Pipeline->{closure:{closure:Illuminate\\Pipeline\\Pipeline::carry():184}:185}()
#32 /home/pranjal/Pranjal/vscode/Files/core/vendor/laravel/framework/src/Illuminate/Session/Middleware/StartSession.php(64): Illuminate\\Session\\Middleware\\StartSession->handleStatefulRequest()
#33 /home/pranjal/Pranjal/vscode/Files/core/vendor/laravel/framework/src/Illuminate/Pipeline/Pipeline.php(209): Illuminate\\Session\\Middleware\\StartSession->handle()
#34 /home/pranjal/Pranjal/vscode/Files/core/vendor/laravel/framework/src/Illuminate/Cookie/Middleware/AddQueuedCookiesToResponse.php(37): Illuminate\\Pipeline\\Pipeline->{closure:{closure:Illuminate\\Pipeline\\Pipeline::carry():184}:185}()
#35 /home/pranjal/Pranjal/vscode/Files/core/vendor/laravel/framework/src/Illuminate/Pipeline/Pipeline.php(209): Illuminate\\Cookie\\Middleware\\AddQueuedCookiesToResponse->handle()
#36 /home/pranjal/Pranjal/vscode/Files/core/vendor/laramin/utility/src/Utility.php(15): Illuminate\\Pipeline\\Pipeline->{closure:{closure:Illuminate\\Pipeline\\Pipeline::carry():184}:185}()
#37 /home/pranjal/Pranjal/vscode/Files/core/vendor/laravel/framework/src/Illuminate/Pipeline/Pipeline.php(209): Laramin\\Utility\\Utility->handle()
#38 /home/pranjal/Pranjal/vscode/Files/core/vendor/laravel/framework/src/Illuminate/Pipeline/Pipeline.php(127): Illuminate\\Pipeline\\Pipeline->{closure:{closure:Illuminate\\Pipeline\\Pipeline::carry():184}:185}()
#39 /home/pranjal/Pranjal/vscode/Files/core/vendor/laravel/framework/src/Illuminate/Routing/Router.php(807): Illuminate\\Pipeline\\Pipeline->then()
#40 /home/pranjal/Pranjal/vscode/Files/core/vendor/laravel/framework/src/Illuminate/Routing/Router.php(786): Illuminate\\Routing\\Router->runRouteWithinStack()
#41 /home/pranjal/Pranjal/vscode/Files/core/vendor/laravel/framework/src/Illuminate/Routing/Router.php(750): Illuminate\\Routing\\Router->runRoute()
#42 /home/pranjal/Pranjal/vscode/Files/core/vendor/laravel/framework/src/Illuminate/Routing/Router.php(739): Illuminate\\Routing\\Router->dispatchToRoute()
#43 /home/pranjal/Pranjal/vscode/Files/core/vendor/laravel/framework/src/Illuminate/Foundation/Http/Kernel.php(201): Illuminate\\Routing\\Router->dispatch()
#44 /home/pranjal/Pranjal/vscode/Files/core/vendor/laravel/framework/src/Illuminate/Pipeline/Pipeline.php(170): Illuminate\\Foundation\\Http\\Kernel->{closure:Illuminate\\Foundation\\Http\\Kernel::dispatchToRouter():198}()
#45 /home/pranjal/Pranjal/vscode/Files/core/vendor/laravel/framework/src/Illuminate/Foundation/Http/Middleware/TransformsRequest.php(21): Illuminate\\Pipeline\\Pipeline->{closure:Illuminate\\Pipeline\\Pipeline::prepareDestination():168}()
#46 /home/pranjal/Pranjal/vscode/Files/core/vendor/laravel/framework/src/Illuminate/Foundation/Http/Middleware/ConvertEmptyStringsToNull.php(31): Illuminate\\Foundation\\Http\\Middleware\\TransformsRequest->handle()
#47 /home/pranjal/Pranjal/vscode/Files/core/vendor/laravel/framework/src/Illuminate/Pipeline/Pipeline.php(209): Illuminate\\Foundation\\Http\\Middleware\\ConvertEmptyStringsToNull->handle()
#48 /home/pranjal/Pranjal/vscode/Files/core/vendor/laravel/framework/src/Illuminate/Foundation/Http/Middleware/TransformsRequest.php(21): Illuminate\\Pipeline\\Pipeline->{closure:{closure:Illuminate\\Pipeline\\Pipeline::carry():184}:185}()
#49 /home/pranjal/Pranjal/vscode/Files/core/vendor/laravel/framework/src/Illuminate/Foundation/Http/Middleware/TrimStrings.php(51): Illuminate\\Foundation\\Http\\Middleware\\TransformsRequest->handle()
#50 /home/pranjal/Pranjal/vscode/Files/core/vendor/laravel/framework/src/Illuminate/Pipeline/Pipeline.php(209): Illuminate\\Foundation\\Http\\Middleware\\TrimStrings->handle()
#51 /home/pranjal/Pranjal/vscode/Files/core/vendor/laravel/framework/src/Illuminate/Http/Middleware/ValidatePostSize.php(27): Illuminate\\Pipeline\\Pipeline->{closure:{closure:Illuminate\\Pipeline\\Pipeline::carry():184}:185}()
#52 /home/pranjal/Pranjal/vscode/Files/core/vendor/laravel/framework/src/Illuminate/Pipeline/Pipeline.php(209): Illuminate\\Http\\Middleware\\ValidatePostSize->handle()
#53 /home/pranjal/Pranjal/vscode/Files/core/vendor/laravel/framework/src/Illuminate/Foundation/Http/Middleware/PreventRequestsDuringMaintenance.php(110): Illuminate\\Pipeline\\Pipeline->{closure:{closure:Illuminate\\Pipeline\\Pipeline::carry():184}:185}()
#54 /home/pranjal/Pranjal/vscode/Files/core/vendor/laravel/framework/src/Illuminate/Pipeline/Pipeline.php(209): Illuminate\\Foundation\\Http\\Middleware\\PreventRequestsDuringMaintenance->handle()
#55 /home/pranjal/Pranjal/vscode/Files/core/vendor/laravel/framework/src/Illuminate/Http/Middleware/HandleCors.php(49): Illuminate\\Pipeline\\Pipeline->{closure:{closure:Illuminate\\Pipeline\\Pipeline::carry():184}:185}()
#56 /home/pranjal/Pranjal/vscode/Files/core/vendor/laravel/framework/src/Illuminate/Pipeline/Pipeline.php(209): Illuminate\\Http\\Middleware\\HandleCors->handle()
#57 /home/pranjal/Pranjal/vscode/Files/core/vendor/laravel/framework/src/Illuminate/Http/Middleware/TrustProxies.php(58): Illuminate\\Pipeline\\Pipeline->{closure:{closure:Illuminate\\Pipeline\\Pipeline::carry():184}:185}()
#58 /home/pranjal/Pranjal/vscode/Files/core/vendor/laravel/framework/src/Illuminate/Pipeline/Pipeline.php(209): Illuminate\\Http\\Middleware\\TrustProxies->handle()
#59 /home/pranjal/Pranjal/vscode/Files/core/vendor/laravel/framework/src/Illuminate/Foundation/Http/Middleware/InvokeDeferredCallbacks.php(22): Illuminate\\Pipeline\\Pipeline->{closure:{closure:Illuminate\\Pipeline\\Pipeline::carry():184}:185}()
#60 /home/pranjal/Pranjal/vscode/Files/core/vendor/laravel/framework/src/Illuminate/Pipeline/Pipeline.php(209): Illuminate\\Foundation\\Http\\Middleware\\InvokeDeferredCallbacks->handle()
#61 /home/pranjal/Pranjal/vscode/Files/core/vendor/laramin/utility/src/Utility.php(15): Illuminate\\Pipeline\\Pipeline->{closure:{closure:Illuminate\\Pipeline\\Pipeline::carry():184}:185}()
#62 /home/pranjal/Pranjal/vscode/Files/core/vendor/laravel/framework/src/Illuminate/Pipeline/Pipeline.php(209): Laramin\\Utility\\Utility->handle()
#63 /home/pranjal/Pranjal/vscode/Files/core/vendor/laravel/framework/src/Illuminate/Pipeline/Pipeline.php(127): Illuminate\\Pipeline\\Pipeline->{closure:{closure:Illuminate\\Pipeline\\Pipeline::carry():184}:185}()
#64 /home/pranjal/Pranjal/vscode/Files/core/vendor/laravel/framework/src/Illuminate/Foundation/Http/Kernel.php(176): Illuminate\\Pipeline\\Pipeline->then()
#65 /home/pranjal/Pranjal/vscode/Files/core/vendor/laravel/framework/src/Illuminate/Foundation/Http/Kernel.php(145): Illuminate\\Foundation\\Http\\Kernel->sendRequestThroughRouter()
#66 /home/pranjal/Pranjal/vscode/Files/core/vendor/laravel/framework/src/Illuminate/Foundation/Application.php(1220): Illuminate\\Foundation\\Http\\Kernel->handle()
#67 /home/pranjal/Pranjal/vscode/Files/index.php(17): Illuminate\\Foundation\\Application->handleRequest()
#68 {main}

[previous exception] [object] (ErrorException(code: 0): Undefined array key \"version\" at /home/pranjal/Pranjal/vscode/Files/core/app/Providers/AppServiceProvider.php:60)
[stacktrace]
#0 /home/pranjal/Pranjal/vscode/Files/core/vendor/laravel/framework/src/Illuminate/Foundation/Bootstrap/HandleExceptions.php(258): Illuminate\\Foundation\\Bootstrap\\HandleExceptions->handleError()
#1 /home/pranjal/Pranjal/vscode/Files/core/app/Providers/AppServiceProvider.php(60): Illuminate\\Foundation\\Bootstrap\\HandleExceptions->{closure:Illuminate\\Foundation\\Bootstrap\\HandleExceptions::forwardsTo():257}()
#2 /home/pranjal/Pranjal/vscode/Files/core/vendor/laravel/framework/src/Illuminate/Events/Dispatcher.php(459): App\\Providers\\AppServiceProvider->{closure:App\\Providers\\AppServiceProvider::boot():51}()
#3 /home/pranjal/Pranjal/vscode/Files/core/vendor/laravel/framework/src/Illuminate/Events/Dispatcher.php(287): Illuminate\\Events\\Dispatcher->{closure:Illuminate\\Events\\Dispatcher::makeListener():454}()
#4 /home/pranjal/Pranjal/vscode/Files/core/vendor/laravel/framework/src/Illuminate/Events/Dispatcher.php(267): Illuminate\\Events\\Dispatcher->invokeListeners()
#5 /home/pranjal/Pranjal/vscode/Files/core/vendor/laravel/framework/src/Illuminate/View/Concerns/ManagesEvents.php(178): Illuminate\\Events\\Dispatcher->dispatch()
#6 /home/pranjal/Pranjal/vscode/Files/core/vendor/laravel/framework/src/Illuminate/View/View.php(190): Illuminate\\View\\Factory->callComposer()
#7 /home/pranjal/Pranjal/vscode/Files/core/vendor/laravel/framework/src/Illuminate/View/View.php(161): Illuminate\\View\\View->renderContents()
#8 /home/pranjal/Pranjal/vscode/Files/core/storage/framework/views/bd994467445c0c077eb81ef6ab510c57.php(7): Illuminate\\View\\View->render()
#9 /home/pranjal/Pranjal/vscode/Files/core/vendor/laravel/framework/src/Illuminate/Filesystem/Filesystem.php(123): require('...')
#10 /home/pranjal/Pranjal/vscode/Files/core/vendor/laravel/framework/src/Illuminate/Filesystem/Filesystem.php(124): Illuminate\\Filesystem\\Filesystem::{closure:Illuminate\\Filesystem\\Filesystem::getRequire():120}()
#11 /home/pranjal/Pranjal/vscode/Files/core/vendor/laravel/framework/src/Illuminate/View/Engines/PhpEngine.php(58): Illuminate\\Filesystem\\Filesystem->getRequire()
#12 /home/pranjal/Pranjal/vscode/Files/core/vendor/laravel/framework/src/Illuminate/View/Engines/CompilerEngine.php(75): Illuminate\\View\\Engines\\PhpEngine->evaluatePath()
#13 /home/pranjal/Pranjal/vscode/Files/core/vendor/laravel/framework/src/Illuminate/View/View.php(209): Illuminate\\View\\Engines\\CompilerEngine->get()
#14 /home/pranjal/Pranjal/vscode/Files/core/vendor/laravel/framework/src/Illuminate/View/View.php(192): Illuminate\\View\\View->getContents()
#15 /home/pranjal/Pranjal/vscode/Files/core/vendor/laravel/framework/src/Illuminate/View/View.php(161): Illuminate\\View\\View->renderContents()
#16 /home/pranjal/Pranjal/vscode/Files/core/storage/framework/views/352e4f31816487ef220ed296bddaef8a.php(341): Illuminate\\View\\View->render()
#17 /home/pranjal/Pranjal/vscode/Files/core/vendor/laravel/framework/src/Illuminate/Filesystem/Filesystem.php(123): require('...')
#18 /home/pranjal/Pranjal/vscode/Files/core/vendor/laravel/framework/src/Illuminate/Filesystem/Filesystem.php(124): Illuminate\\Filesystem\\Filesystem::{closure:Illuminate\\Filesystem\\Filesystem::getRequire():120}()
#19 /home/pranjal/Pranjal/vscode/Files/core/vendor/laravel/framework/src/Illuminate/View/Engines/PhpEngine.php(58): Illuminate\\Filesystem\\Filesystem->getRequire()
#20 /home/pranjal/Pranjal/vscode/Files/core/vendor/laravel/framework/src/Illuminate/View/Engines/CompilerEngine.php(75): Illuminate\\View\\Engines\\PhpEngine->evaluatePath()
#21 /home/pranjal/Pranjal/vscode/Files/core/vendor/laravel/framework/src/Illuminate/View/View.php(209): Illuminate\\View\\Engines\\CompilerEngine->get()
#22 /home/pranjal/Pranjal/vscode/Files/core/vendor/laravel/framework/src/Illuminate/View/View.php(192): Illuminate\\View\\View->getContents()
#23 /home/pranjal/Pranjal/vscode/Files/core/vendor/laravel/framework/src/Illuminate/View/View.php(161): Illuminate\\View\\View->renderContents()
#24 /home/pranjal/Pranjal/vscode/Files/core/vendor/laravel/framework/src/Illuminate/Http/Response.php(79): Illuminate\\View\\View->render()
#25 /home/pranjal/Pranjal/vscode/Files/core/vendor/laravel/framework/src/Illuminate/Http/Response.php(35): Illuminate\\Http\\Response->setContent()
#26 /home/pranjal/Pranjal/vscode/Files/core/vendor/laravel/framework/src/Illuminate/Routing/Router.php(920): Illuminate\\Http\\Response->__construct()
#27 /home/pranjal/Pranjal/vscode/Files/core/vendor/laravel/framework/src/Illuminate/Routing/Router.php(887): Illuminate\\Routing\\Router::toResponse()
#28 /home/pranjal/Pranjal/vscode/Files/core/vendor/laravel/framework/src/Illuminate/Routing/Router.php(807): Illuminate\\Routing\\Router->prepareResponse()
#29 /home/pranjal/Pranjal/vscode/Files/core/vendor/laravel/framework/src/Illuminate/Pipeline/Pipeline.php(170): Illuminate\\Routing\\Router->{closure:Illuminate\\Routing\\Router::runRouteWithinStack():807}()
#30 /home/pranjal/Pranjal/vscode/Files/core/app/Http/Middleware/RedirectIfNotAdmin.php(22): Illuminate\\Pipeline\\Pipeline->{closure:Illuminate\\Pipeline\\Pipeline::prepareDestination():168}()
#31 /home/pranjal/Pranjal/vscode/Files/core/vendor/laravel/framework/src/Illuminate/Pipeline/Pipeline.php(209): App\\Http\\Middleware\\RedirectIfNotAdmin->handle()
#32 /home/pranjal/Pranjal/vscode/Files/core/app/Http/Middleware/ActiveTemplateMiddleware.php(31): Illuminate\\Pipeline\\Pipeline->{closure:{closure:Illuminate\\Pipeline\\Pipeline::carry():184}:185}()
#33 /home/pranjal/Pranjal/vscode/Files/core/vendor/laravel/framework/src/Illuminate/Pipeline/Pipeline.php(209): App\\Http\\Middleware\\ActiveTemplateMiddleware->handle()
#34 /home/pranjal/Pranjal/vscode/Files/core/app/Http/Middleware/LanguageMiddleware.php(22): Illuminate\\Pipeline\\Pipeline->{closure:{closure:Illuminate\\Pipeline\\Pipeline::carry():184}:185}()
#35 /home/pranjal/Pranjal/vscode/Files/core/vendor/laravel/framework/src/Illuminate/Pipeline/Pipeline.php(209): App\\Http\\Middleware\\LanguageMiddleware->handle()
#36 /home/pranjal/Pranjal/vscode/Files/core/vendor/laravel/framework/src/Illuminate/Routing/Middleware/SubstituteBindings.php(51): Illuminate\\Pipeline\\Pipeline->{closure:{closure:Illuminate\\Pipeline\\Pipeline::carry():184}:185}()
#37 /home/pranjal/Pranjal/vscode/Files/core/vendor/laravel/framework/src/Illuminate/Pipeline/Pipeline.php(209): Illuminate\\Routing\\Middleware\\SubstituteBindings->handle()
#38 /home/pranjal/Pranjal/vscode/Files/core/vendor/laravel/framework/src/Illuminate/Foundation/Http/Middleware/VerifyCsrfToken.php(88): Illuminate\\Pipeline\\Pipeline->{closure:{closure:Illuminate\\Pipeline\\Pipeline::carry():184}:185}()
#39 /home/pranjal/Pranjal/vscode/Files/core/vendor/laravel/framework/src/Illuminate/Pipeline/Pipeline.php(209): Illuminate\\Foundation\\Http\\Middleware\\VerifyCsrfToken->handle()
#40 /home/pranjal/Pranjal/vscode/Files/core/vendor/laravel/framework/src/Illuminate/View/Middleware/ShareErrorsFromSession.php(49): Illuminate\\Pipeline\\Pipeline->{closure:{closure:Illuminate\\Pipeline\\Pipeline::carry():184}:185}()
#41 /home/pranjal/Pranjal/vscode/Files/core/vendor/laravel/framework/src/Illuminate/Pipeline/Pipeline.php(209): Illuminate\\View\\Middleware\\ShareErrorsFromSession->handle()
#42 /home/pranjal/Pranjal/vscode/Files/core/vendor/laravel/framework/src/Illuminate/Session/Middleware/StartSession.php(121): Illuminate\\Pipeline\\Pipeline->{closure:{closure:Illuminate\\Pipeline\\Pipeline::carry():184}:185}()
#43 /home/pranjal/Pranjal/vscode/Files/core/vendor/laravel/framework/src/Illuminate/Session/Middleware/StartSession.php(64): Illuminate\\Session\\Middleware\\StartSession->handleStatefulRequest()
#44 /home/pranjal/Pranjal/vscode/Files/core/vendor/laravel/framework/src/Illuminate/Pipeline/Pipeline.php(209): Illuminate\\Session\\Middleware\\StartSession->handle()
#45 /home/pranjal/Pranjal/vscode/Files/core/vendor/laravel/framework/src/Illuminate/Cookie/Middleware/AddQueuedCookiesToResponse.php(37): Illuminate\\Pipeline\\Pipeline->{closure:{closure:Illuminate\\Pipeline\\Pipeline::carry():184}:185}()
#46 /home/pranjal/Pranjal/vscode/Files/core/vendor/laravel/framework/src/Illuminate/Pipeline/Pipeline.php(209): Illuminate\\Cookie\\Middleware\\AddQueuedCookiesToResponse->handle()
#47 /home/pranjal/Pranjal/vscode/Files/core/vendor/laramin/utility/src/Utility.php(15): Illuminate\\Pipeline\\Pipeline->{closure:{closure:Illuminate\\Pipeline\\Pipeline::carry():184}:185}()
#48 /home/pranjal/Pranjal/vscode/Files/core/vendor/laravel/framework/src/Illuminate/Pipeline/Pipeline.php(209): Laramin\\Utility\\Utility->handle()
#49 /home/pranjal/Pranjal/vscode/Files/core/vendor/laravel/framework/src/Illuminate/Pipeline/Pipeline.php(127): Illuminate\\Pipeline\\Pipeline->{closure:{closure:Illuminate\\Pipeline\\Pipeline::carry():184}:185}()
#50 /home/pranjal/Pranjal/vscode/Files/core/vendor/laravel/framework/src/Illuminate/Routing/Router.php(807): Illuminate\\Pipeline\\Pipeline->then()
#51 /home/pranjal/Pranjal/vscode/Files/core/vendor/laravel/framework/src/Illuminate/Routing/Router.php(786): Illuminate\\Routing\\Router->runRouteWithinStack()
#52 /home/pranjal/Pranjal/vscode/Files/core/vendor/laravel/framework/src/Illuminate/Routing/Router.php(750): Illuminate\\Routing\\Router->runRoute()
#53 /home/pranjal/Pranjal/vscode/Files/core/vendor/laravel/framework/src/Illuminate/Routing/Router.php(739): Illuminate\\Routing\\Router->dispatchToRoute()
#54 /home/pranjal/Pranjal/vscode/Files/core/vendor/laravel/framework/src/Illuminate/Foundation/Http/Kernel.php(201): Illuminate\\Routing\\Router->dispatch()
#55 /home/pranjal/Pranjal/vscode/Files/core/vendor/laravel/framework/src/Illuminate/Pipeline/Pipeline.php(170): Illuminate\\Foundation\\Http\\Kernel->{closure:Illuminate\\Foundation\\Http\\Kernel::dispatchToRouter():198}()
#56 /home/pranjal/Pranjal/vscode/Files/core/vendor/laravel/framework/src/Illuminate/Foundation/Http/Middleware/TransformsRequest.php(21): Illuminate\\Pipeline\\Pipeline->{closure:Illuminate\\Pipeline\\Pipeline::prepareDestination():168}()
#57 /home/pranjal/Pranjal/vscode/Files/core/vendor/laravel/framework/src/Illuminate/Foundation/Http/Middleware/ConvertEmptyStringsToNull.php(31): Illuminate\\Foundation\\Http\\Middleware\\TransformsRequest->handle()
#58 /home/pranjal/Pranjal/vscode/Files/core/vendor/laravel/framework/src/Illuminate/Pipeline/Pipeline.php(209): Illuminate\\Foundation\\Http\\Middleware\\ConvertEmptyStringsToNull->handle()
#59 /home/pranjal/Pranjal/vscode/Files/core/vendor/laravel/framework/src/Illuminate/Foundation/Http/Middleware/TransformsRequest.php(21): Illuminate\\Pipeline\\Pipeline->{closure:{closure:Illuminate\\Pipeline\\Pipeline::carry():184}:185}()
#60 /home/pranjal/Pranjal/vscode/Files/core/vendor/laravel/framework/src/Illuminate/Foundation/Http/Middleware/TrimStrings.php(51): Illuminate\\Foundation\\Http\\Middleware\\TransformsRequest->handle()
#61 /home/pranjal/Pranjal/vscode/Files/core/vendor/laravel/framework/src/Illuminate/Pipeline/Pipeline.php(209): Illuminate\\Foundation\\Http\\Middleware\\TrimStrings->handle()
#62 /home/pranjal/Pranjal/vscode/Files/core/vendor/laravel/framework/src/Illuminate/Http/Middleware/ValidatePostSize.php(27): Illuminate\\Pipeline\\Pipeline->{closure:{closure:Illuminate\\Pipeline\\Pipeline::carry():184}:185}()
#63 /home/pranjal/Pranjal/vscode/Files/core/vendor/laravel/framework/src/Illuminate/Pipeline/Pipeline.php(209): Illuminate\\Http\\Middleware\\ValidatePostSize->handle()
#64 /home/pranjal/Pranjal/vscode/Files/core/vendor/laravel/framework/src/Illuminate/Foundation/Http/Middleware/PreventRequestsDuringMaintenance.php(110): Illuminate\\Pipeline\\Pipeline->{closure:{closure:Illuminate\\Pipeline\\Pipeline::carry():184}:185}()
#65 /home/pranjal/Pranjal/vscode/Files/core/vendor/laravel/framework/src/Illuminate/Pipeline/Pipeline.php(209): Illuminate\\Foundation\\Http\\Middleware\\PreventRequestsDuringMaintenance->handle()
#66 /home/pranjal/Pranjal/vscode/Files/core/vendor/laravel/framework/src/Illuminate/Http/Middleware/HandleCors.php(49): Illuminate\\Pipeline\\Pipeline->{closure:{closure:Illuminate\\Pipeline\\Pipeline::carry():184}:185}()
#67 /home/pranjal/Pranjal/vscode/Files/core/vendor/laravel/framework/src/Illuminate/Pipeline/Pipeline.php(209): Illuminate\\Http\\Middleware\\HandleCors->handle()
#68 /home/pranjal/Pranjal/vscode/Files/core/vendor/laravel/framework/src/Illuminate/Http/Middleware/TrustProxies.php(58): Illuminate\\Pipeline\\Pipeline->{closure:{closure:Illuminate\\Pipeline\\Pipeline::carry():184}:185}()
#69 /home/pranjal/Pranjal/vscode/Files/core/vendor/laravel/framework/src/Illuminate/Pipeline/Pipeline.php(209): Illuminate\\Http\\Middleware\\TrustProxies->handle()
#70 /home/pranjal/Pranjal/vscode/Files/core/vendor/laravel/framework/src/Illuminate/Foundation/Http/Middleware/InvokeDeferredCallbacks.php(22): Illuminate\\Pipeline\\Pipeline->{closure:{closure:Illuminate\\Pipeline\\Pipeline::carry():184}:185}()
#71 /home/pranjal/Pranjal/vscode/Files/core/vendor/laravel/framework/src/Illuminate/Pipeline/Pipeline.php(209): Illuminate\\Foundation\\Http\\Middleware\\InvokeDeferredCallbacks->handle()
#72 /home/pranjal/Pranjal/vscode/Files/core/vendor/laramin/utility/src/Utility.php(15): Illuminate\\Pipeline\\Pipeline->{closure:{closure:Illuminate\\Pipeline\\Pipeline::carry():184}:185}()
#73 /home/pranjal/Pranjal/vscode/Files/core/vendor/laravel/framework/src/Illuminate/Pipeline/Pipeline.php(209): Laramin\\Utility\\Utility->handle()
#74 /home/pranjal/Pranjal/vscode/Files/core/vendor/laravel/framework/src/Illuminate/Pipeline/Pipeline.php(127): Illuminate\\Pipeline\\Pipeline->{closure:{closure:Illuminate\\Pipeline\\Pipeline::carry():184}:185}()
#75 /home/pranjal/Pranjal/vscode/Files/core/vendor/laravel/framework/src/Illuminate/Foundation/Http/Kernel.php(176): Illuminate\\Pipeline\\Pipeline->then()
#76 /home/pranjal/Pranjal/vscode/Files/core/vendor/laravel/framework/src/Illuminate/Foundation/Http/Kernel.php(145): Illuminate\\Foundation\\Http\\Kernel->sendRequestThroughRouter()
#77 /home/pranjal/Pranjal/vscode/Files/core/vendor/laravel/framework/src/Illuminate/Foundation/Application.php(1220): Illuminate\\Foundation\\Http\\Kernel->handle()
#78 /home/pranjal/Pranjal/vscode/Files/index.php(17): Illuminate\\Foundation\\Application->handleRequest()
#79 {main}
"} 
[2026-07-26 16:35:12] production.ERROR: Undefined array key "version" (View: /home/pranjal/Pranjal/vscode/Files/core/resources/views/admin/layouts/app.blade.php) (View: /home/pranjal/Pranjal/vscode/Files/core/resources/views/admin/layouts/app.blade.php) {"exception":"[object] (Illuminate\\View\\ViewException(code: 0): Undefined array key \"version\" (View: /home/pranjal/Pranjal/vscode/Files/core/resources/views/admin/layouts/app.blade.php) (View: /home/pranjal/Pranjal/vscode/Files/core/resources/views/admin/layouts/app.blade.php) at /home/pranjal/Pranjal/vscode/Files/core/app/Providers/AppServiceProvider.php:60)
[stacktrace]
#0 /home/pranjal/Pranjal/vscode/Files/core/vendor/laravel/framework/src/Illuminate/View/Engines/PhpEngine.php(60): Illuminate\\View\\Engines\\CompilerEngine->handleViewException()
#1 /home/pranjal/Pranjal/vscode/Files/core/vendor/laravel/framework/src/Illuminate/View/Engines/CompilerEngine.php(75): Illuminate\\View\\Engines\\PhpEngine->evaluatePath()
#2 /home/pranjal/Pranjal/vscode/Files/core/vendor/laravel/framework/src/Illuminate/View/View.php(209): Illuminate\\View\\Engines\\CompilerEngine->get()
#3 /home/pranjal/Pranjal/vscode/Files/core/vendor/laravel/framework/src/Illuminate/View/View.php(192): Illuminate\\View\\View->getContents()
#4 /home/pranjal/Pranjal/vscode/Files/core/vendor/laravel/framework/src/Illuminate/View/View.php(161): Illuminate\\View\\View->renderContents()
#5 /home/pranjal/Pranjal/vscode/Files/core/vendor/laravel/framework/src/Illuminate/Http/Response.php(79): Illuminate\\View\\View->render()
#6 /home/pranjal/Pranjal/vscode/Files/core/vendor/laravel/framework/src/Illuminate/Http/Response.php(35): Illuminate\\Http\\Response->setContent()
#7 /home/pranjal/Pranjal/vscode/Files/core/vendor/laravel/framework/src/Illuminate/Routing/Router.php(920): Illuminate\\Http\\Response->__construct()
#8 /home/pranjal/Pranjal/vscode/Files/core/vendor/laravel/framework/src/Illuminate/Routing/Router.php(887): Illuminate\\Routing\\Router::toResponse()
#9 /home/pranjal/Pranjal/vscode/Files/core/vendor/laravel/framework/src/Illuminate/Routing/Router.php(807): Illuminate\\Routing\\Router->prepareResponse()
#10 /home/pranjal/Pranjal/vscode/Files/core/vendor/laravel/framework/src/Illuminate/Pipeline/Pipeline.php(170): Illuminate\\Routing\\Router->{closure:Illuminate\\Routing\\Router::runRouteWithinStack():807}()
#11 /home/pranjal/Pranjal/vscode/Files/core/app/Http/Middleware/RedirectIfNotAdmin.php(22): Illuminate\\Pipeline\\Pipeline->{closure:Illuminate\\Pipeline\\Pipeline::prepareDestination():168}()
#12 /home/pranjal/Pranjal/vscode/Files/core/vendor/laravel/framework/src/Illuminate/Pipeline/Pipeline.php(209): App\\Http\\Middleware\\RedirectIfNotAdmin->handle()
#13 /home/pranjal/Pranjal/vscode/Files/core/app/Http/Middleware/ActiveTemplateMiddleware.php(31): Illuminate\\Pipeline\\Pipeline->{closure:{closure:Illuminate\\Pipeline\\Pipeline::carry():184}:185}()
#14 /home/pranjal/Pranjal/vscode/Files/core/vendor/laravel/framework/src/Illuminate/Pipeline/Pipeline.php(209): App\\Http\\Middleware\\ActiveTemplateMiddleware->handle()
#15 /home/pranjal/Pranjal/vscode/Files/core/app/Http/Middleware/LanguageMiddleware.php(22): Illuminate\\Pipeline\\Pipeline->{closure:{closure:Illuminate\\Pipeline\\Pipeline::carry():184}:185}()
#16 /home/pranjal/Pranjal/vscode/Files/core/vendor/laravel/framework/src/Illuminate/Pipeline/Pipeline.php(209): App\\Http\\Middleware\\LanguageMiddleware->handle()
#17 /home/pranjal/Pranjal/vscode/Files/core/vendor/laravel/framework/src/Illuminate/Routing/Middleware/SubstituteBindings.php(51): Illuminate\\Pipeline\\Pipeline->{closure:{closure:Illuminate\\Pipeline\\Pipeline::carry():184}:185}()
#18 /home/pranjal/Pranjal/vscode/Files/core/vendor/laravel/framework/src/Illuminate/Pipeline/Pipeline.php(209): Illuminate\\Routing\\Middleware\\SubstituteBindings->handle()
#19 /home/pranjal/Pranjal/vscode/Files/core/vendor/laravel/framework/src/Illuminate/Foundation/Http/Middleware/VerifyCsrfToken.php(88): Illuminate\\Pipeline\\Pipeline->{closure:{closure:Illuminate\\Pipeline\\Pipeline::carry():184}:185}()
#20 /home/pranjal/Pranjal/vscode/Files/core/vendor/laravel/framework/src/Illuminate/Pipeline/Pipeline.php(209): Illuminate\\Foundation\\Http\\Middleware\\VerifyCsrfToken->handle()
#21 /home/pranjal/Pranjal/vscode/Files/core/vendor/laravel/framework/src/Illuminate/View/Middleware/ShareErrorsFromSession.php(49): Illuminate\\Pipeline\\Pipeline->{closure:{closure:Illuminate\\Pipeline\\Pipeline::carry():184}:185}()
#22 /home/pranjal/Pranjal/vscode/Files/core/vendor/laravel/framework/src/Illuminate/Pipeline/Pipeline.php(209): Illuminate\\View\\Middleware\\ShareErrorsFromSession->handle()
#23 /home/pranjal/Pranjal/vscode/Files/core/vendor/laravel/framework/src/Illuminate/Session/Middleware/StartSession.php(121): Illuminate\\Pipeline\\Pipeline->{closure:{closure:Illuminate\\Pipeline\\Pipeline::carry():184}:185}()
#24 /home/pranjal/Pranjal/vscode/Files/core/vendor/laravel/framework/src/Illuminate/Session/Middleware/StartSession.php(64): Illuminate\\Session\\Middleware\\StartSession->handleStatefulRequest()
#25 /home/pranjal/Pranjal/vscode/Files/core/vendor/laravel/framework/src/Illuminate/Pipeline/Pipeline.php(209): Illuminate\\Session\\Middleware\\StartSession->handle()
#26 /home/pranjal/Pranjal/vscode/Files/core/vendor/laravel/framework/src/Illuminate/Cookie/Middleware/AddQueuedCookiesToResponse.php(37): Illuminate\\Pipeline\\Pipeline->{closure:{closure:Illuminate\\Pipeline\\Pipeline::carry():184}:185}()
#27 /home/pranjal/Pranjal/vscode/Files/core/vendor/laravel/framework/src/Illuminate/Pipeline/Pipeline.php(209): Illuminate\\Cookie\\Middleware\\AddQueuedCookiesToResponse->handle()
#28 /home/pranjal/Pranjal/vscode/Files/core/vendor/laramin/utility/src/Utility.php(15): Illuminate\\Pipeline\\Pipeline->{closure:{closure:Illuminate\\Pipeline\\Pipeline::carry():184}:185}()
#29 /home/pranjal/Pranjal/vscode/Files/core/vendor/laravel/framework/src/Illuminate/Pipeline/Pipeline.php(209): Laramin\\Utility\\Utility->handle()
#30 /home/pranjal/Pranjal/vscode/Files/core/vendor/laravel/framework/src/Illuminate/Pipeline/Pipeline.php(127): Illuminate\\Pipeline\\Pipeline->{closure:{closure:Illuminate\\Pipeline\\Pipeline::carry():184}:185}()
#31 /home/pranjal/Pranjal/vscode/Files/core/vendor/laravel/framework/src/Illuminate/Routing/Router.php(807): Illuminate\\Pipeline\\Pipeline->then()
#32 /home/pranjal/Pranjal/vscode/Files/core/vendor/laravel/framework/src/Illuminate/Routing/Router.php(786): Illuminate\\Routing\\Router->runRouteWithinStack()
#33 /home/pranjal/Pranjal/vscode/Files/core/vendor/laravel/framework/src/Illuminate/Routing/Router.php(750): Illuminate\\Routing\\Router->runRoute()
#34 /home/pranjal/Pranjal/vscode/Files/core/vendor/laravel/framework/src/Illuminate/Routing/Router.php(739): Illuminate\\Routing\\Router->dispatchToRoute()
#35 /home/pranjal/Pranjal/vscode/Files/core/vendor/laravel/framework/src/Illuminate/Foundation/Http/Kernel.php(201): Illuminate\\Routing\\Router->dispatch()
#36 /home/pranjal/Pranjal/vscode/Files/core/vendor/laravel/framework/src/Illuminate/Pipeline/Pipeline.php(170): Illuminate\\Foundation\\Http\\Kernel->{closure:Illuminate\\Foundation\\Http\\Kernel::dispatchToRouter():198}()
#37 /home/pranjal/Pranjal/vscode/Files/core/vendor/laravel/framework/src/Illuminate/Foundation/Http/Middleware/TransformsRequest.php(21): Illuminate\\Pipeline\\Pipeline->{closure:Illuminate\\Pipeline\\Pipeline::prepareDestination():168}()
#38 /home/pranjal/Pranjal/vscode/Files/core/vendor/laravel/framework/src/Illuminate/Foundation/Http/Middleware/ConvertEmptyStringsToNull.php(31): Illuminate\\Foundation\\Http\\Middleware\\TransformsRequest->handle()
#39 /home/pranjal/Pranjal/vscode/Files/core/vendor/laravel/framework/src/Illuminate/Pipeline/Pipeline.php(209): Illuminate\\Foundation\\Http\\Middleware\\ConvertEmptyStringsToNull->handle()
#40 /home/pranjal/Pranjal/vscode/Files/core/vendor/laravel/framework/src/Illuminate/Foundation/Http/Middleware/TransformsRequest.php(21): Illuminate\\Pipeline\\Pipeline->{closure:{closure:Illuminate\\Pipeline\\Pipeline::carry():184}:185}()
#41 /home/pranjal/Pranjal/vscode/Files/core/vendor/laravel/framework/src/Illuminate/Foundation/Http/Middleware/TrimStrings.php(51): Illuminate\\Foundation\\Http\\Middleware\\TransformsRequest->handle()
#42 /home/pranjal/Pranjal/vscode/Files/core/vendor/laravel/framework/src/Illuminate/Pipeline/Pipeline.php(209): Illuminate\\Foundation\\Http\\Middleware\\TrimStrings->handle()
#43 /home/pranjal/Pranjal/vscode/Files/core/vendor/laravel/framework/src/Illuminate/Http/Middleware/ValidatePostSize.php(27): Illuminate\\Pipeline\\Pipeline->{closure:{closure:Illuminate\\Pipeline\\Pipeline::carry():184}:185}()
#44 /home/pranjal/Pranjal/vscode/Files/core/vendor/laravel/framework/src/Illuminate/Pipeline/Pipeline.php(209): Illuminate\\Http\\Middleware\\ValidatePostSize->handle()
#45 /home/pranjal/Pranjal/vscode/Files/core/vendor/laravel/framework/src/Illuminate/Foundation/Http/Middleware/PreventRequestsDuringMaintenance.php(110): Illuminate\\Pipeline\\Pipeline->{closure:{closure:Illuminate\\Pipeline\\Pipeline::carry():184}:185}()
#46 /home/pranjal/Pranjal/vscode/Files/core/vendor/laravel/framework/src/Illuminate/Pipeline/Pipeline.php(209): Illuminate\\Foundation\\Http\\Middleware\\PreventRequestsDuringMaintenance->handle()
#47 /home/pranjal/Pranjal/vscode/Files/core/vendor/laravel/framework/src/Illuminate/Http/Middleware/HandleCors.php(49): Illuminate\\Pipeline\\Pipeline->{closure:{closure:Illuminate\\Pipeline\\Pipeline::carry():184}:185}()
#48 /home/pranjal/Pranjal/vscode/Files/core/vendor/laravel/framework/src/Illuminate/Pipeline/Pipeline.php(209): Illuminate\\Http\\Middleware\\HandleCors->handle()
#49 /home/pranjal/Pranjal/vscode/Files/core/vendor/laravel/framework/src/Illuminate/Http/Middleware/TrustProxies.php(58): Illuminate\\Pipeline\\Pipeline->{closure:{closure:Illuminate\\Pipeline\\Pipeline::carry():184}:185}()
#50 /home/pranjal/Pranjal/vscode/Files/core/vendor/laravel/framework/src/Illuminate/Pipeline/Pipeline.php(209): Illuminate\\Http\\Middleware\\TrustProxies->handle()
#51 /home/pranjal/Pranjal/vscode/Files/core/vendor/laravel/framework/src/Illuminate/Foundation/Http/Middleware/InvokeDeferredCallbacks.php(22): Illuminate\\Pipeline\\Pipeline->{closure:{closure:Illuminate\\Pipeline\\Pipeline::carry():184}:185}()
#52 /home/pranjal/Pranjal/vscode/Files/core/vendor/laravel/framework/src/Illuminate/Pipeline/Pipeline.php(209): Illuminate\\Foundation\\Http\\Middleware\\InvokeDeferredCallbacks->handle()
#53 /home/pranjal/Pranjal/vscode/Files/core/vendor/laramin/utility/src/Utility.php(15): Illuminate\\Pipeline\\Pipeline->{closure:{closure:Illuminate\\Pipeline\\Pipeline::carry():184}:185}()
#54 /home/pranjal/Pranjal/vscode/Files/core/vendor/laravel/framework/src/Illuminate/Pipeline/Pipeline.php(209): Laramin\\Utility\\Utility->handle()
#55 /home/pranjal/Pranjal/vscode/Files/core/vendor/laravel/framework/src/Illuminate/Pipeline/Pipeline.php(127): Illuminate\\Pipeline\\Pipeline->{closure:{closure:Illuminate\\Pipeline\\Pipeline::carry():184}:185}()
#56 /home/pranjal/Pranjal/vscode/Files/core/vendor/laravel/framework/src/Illuminate/Foundation/Http/Kernel.php(176): Illuminate\\Pipeline\\Pipeline->then()
#57 /home/pranjal/Pranjal/vscode/Files/core/vendor/laravel/framework/src/Illuminate/Foundation/Http/Kernel.php(145): Illuminate\\Foundation\\Http\\Kernel->sendRequestThroughRouter()
#58 /home/pranjal/Pranjal/vscode/Files/core/vendor/laravel/framework/src/Illuminate/Foundation/Application.php(1220): Illuminate\\Foundation\\Http\\Kernel->handle()
#59 /home/pranjal/Pranjal/vscode/Files/index.php(17): Illuminate\\Foundation\\Application->handleRequest()
#60 {main}

[previous exception] [object] (Illuminate\\View\\ViewException(code: 0): Undefined array key \"version\" (View: /home/pranjal/Pranjal/vscode/Files/core/resources/views/admin/layouts/app.blade.php) at /home/pranjal/Pranjal/vscode/Files/core/app/Providers/AppServiceProvider.php:60)
[stacktrace]
#0 /home/pranjal/Pranjal/vscode/Files/core/vendor/laravel/framework/src/Illuminate/View/Engines/PhpEngine.php(60): Illuminate\\View\\Engines\\CompilerEngine->handleViewException()
#1 /home/pranjal/Pranjal/vscode/Files/core/vendor/laravel/framework/src/Illuminate/View/Engines/CompilerEngine.php(75): Illuminate\\View\\Engines\\PhpEngine->evaluatePath()
#2 /home/pranjal/Pranjal/vscode/Files/core/vendor/laravel/framework/src/Illuminate/View/View.php(209): Illuminate\\View\\Engines\\CompilerEngine->get()
#3 /home/pranjal/Pranjal/vscode/Files/core/vendor/laravel/framework/src/Illuminate/View/View.php(192): Illuminate\\View\\View->getContents()
#4 /home/pranjal/Pranjal/vscode/Files/core/vendor/laravel/framework/src/Illuminate/View/View.php(161): Illuminate\\View\\View->renderContents()
#5 /home/pranjal/Pranjal/vscode/Files/core/storage/framework/views/352e4f31816487ef220ed296bddaef8a.php(341): Illuminate\\View\\View->render()
#6 /home/pranjal/Pranjal/vscode/Files/core/vendor/laravel/framework/src/Illuminate/Filesystem/Filesystem.php(123): require('...')
#7 /home/pranjal/Pranjal/vscode/Files/core/vendor/laravel/framework/src/Illuminate/Filesystem/Filesystem.php(124): Illuminate\\Filesystem\\Filesystem::{closure:Illuminate\\Filesystem\\Filesystem::getRequire():120}()
#8 /home/pranjal/Pranjal/vscode/Files/core/vendor/laravel/framework/src/Illuminate/View/Engines/PhpEngine.php(58): Illuminate\\Filesystem\\Filesystem->getRequire()
#9 /home/pranjal/Pranjal/vscode/Files/core/vendor/laravel/framework/src/Illuminate/View/Engines/CompilerEngine.php(75): Illuminate\\View\\Engines\\PhpEngine->evaluatePath()
#10 /home/pranjal/Pranjal/vscode/Files/core/vendor/laravel/framework/src/Illuminate/View/View.php(209): Illuminate\\View\\Engines\\CompilerEngine->get()
#11 /home/pranjal/Pranjal/vscode/Files/core/vendor/laravel/framework/src/Illuminate/View/View.php(192): Illuminate\\View\\View->getContents()
#12 /home/pranjal/Pranjal/vscode/Files/core/vendor/laravel/framework/src/Illuminate/View/View.php(161): Illuminate\\View\\View->renderContents()
#13 /home/pranjal/Pranjal/vscode/Files/core/vendor/laravel/framework/src/Illuminate/Http/Response.php(79): Illuminate\\View\\View->render()
#14 /home/pranjal/Pranjal/vscode/Files/core/vendor/laravel/framework/src/Illuminate/Http/Response.php(35): Illuminate\\Http\\Response->setContent()
#15 /home/pranjal/Pranjal/vscode/Files/core/vendor/laravel/framework/src/Illuminate/Routing/Router.php(920): Illuminate\\Http\\Response->__construct()
#16 /home/pranjal/Pranjal/vscode/Files/core/vendor/laravel/framework/src/Illuminate/Routing/Router.php(887): Illuminate\\Routing\\Router::toResponse()
#17 /home/pranjal/Pranjal/vscode/Files/core/vendor/laravel/framework/src/Illuminate/Routing/Router.php(807): Illuminate\\Routing\\Router->prepareResponse()
#18 /home/pranjal/Pranjal/vscode/Files/core/vendor/laravel/framework/src/Illuminate/Pipeline/Pipeline.php(170): Illuminate\\Routing\\Router->{closure:Illuminate\\Routing\\Router::runRouteWithinStack():807}()
#19 /home/pranjal/Pranjal/vscode/Files/core/app/Http/Middleware/RedirectIfNotAdmin.php(22): Illuminate\\Pipeline\\Pipeline->{closure:Illuminate\\Pipeline\\Pipeline::prepareDestination():168}()
#20 /home/pranjal/Pranjal/vscode/Files/core/vendor/laravel/framework/src/Illuminate/Pipeline/Pipeline.php(209): App\\Http\\Middleware\\RedirectIfNotAdmin->handle()
#21 /home/pranjal/Pranjal/vscode/Files/core/app/Http/Middleware/ActiveTemplateMiddleware.php(31): Illuminate\\Pipeline\\Pipeline->{closure:{closure:Illuminate\\Pipeline\\Pipeline::carry():184}:185}()
#22 /home/pranjal/Pranjal/vscode/Files/core/vendor/laravel/framework/src/Illuminate/Pipeline/Pipeline.php(209): App\\Http\\Middleware\\ActiveTemplateMiddleware->handle()
#23 /home/pranjal/Pranjal/vscode/Files/core/app/Http/Middleware/LanguageMiddleware.php(22): Illuminate\\Pipeline\\Pipeline->{closure:{closure:Illuminate\\Pipeline\\Pipeline::carry():184}:185}()
#24 /home/pranjal/Pranjal/vscode/Files/core/vendor/laravel/framework/src/Illuminate/Pipeline/Pipeline.php(209): App\\Http\\Middleware\\LanguageMiddleware->handle()
#25 /home/pranjal/Pranjal/vscode/Files/core/vendor/laravel/framework/src/Illuminate/Routing/Middleware/SubstituteBindings.php(51): Illuminate\\Pipeline\\Pipeline->{closure:{closure:Illuminate\\Pipeline\\Pipeline::carry():184}:185}()
#26 /home/pranjal/Pranjal/vscode/Files/core/vendor/laravel/framework/src/Illuminate/Pipeline/Pipeline.php(209): Illuminate\\Routing\\Middleware\\SubstituteBindings->handle()
#27 /home/pranjal/Pranjal/vscode/Files/core/vendor/laravel/framework/src/Illuminate/Foundation/Http/Middleware/VerifyCsrfToken.php(88): Illuminate\\Pipeline\\Pipeline->{closure:{closure:Illuminate\\Pipeline\\Pipeline::carry():184}:185}()
#28 /home/pranjal/Pranjal/vscode/Files/core/vendor/laravel/framework/src/Illuminate/Pipeline/Pipeline.php(209): Illuminate\\Foundation\\Http\\Middleware\\VerifyCsrfToken->handle()
#29 /home/pranjal/Pranjal/vscode/Files/core/vendor/laravel/framework/src/Illuminate/View/Middleware/ShareErrorsFromSession.php(49): Illuminate\\Pipeline\\Pipeline->{closure:{closure:Illuminate\\Pipeline\\Pipeline::carry():184}:185}()
#30 /home/pranjal/Pranjal/vscode/Files/core/vendor/laravel/framework/src/Illuminate/Pipeline/Pipeline.php(209): Illuminate\\View\\Middleware\\ShareErrorsFromSession->handle()
#31 /home/pranjal/Pranjal/vscode/Files/core/vendor/laravel/framework/src/Illuminate/Session/Middleware/StartSession.php(121): Illuminate\\Pipeline\\Pipeline->{closure:{closure:Illuminate\\Pipeline\\Pipeline::carry():184}:185}()
#32 /home/pranjal/Pranjal/vscode/Files/core/vendor/laravel/framework/src/Illuminate/Session/Middleware/StartSession.php(64): Illuminate\\Session\\Middleware\\StartSession->handleStatefulRequest()
#33 /home/pranjal/Pranjal/vscode/Files/core/vendor/laravel/framework/src/Illuminate/Pipeline/Pipeline.php(209): Illuminate\\Session\\Middleware\\StartSession->handle()
#34 /home/pranjal/Pranjal/vscode/Files/core/vendor/laravel/framework/src/Illuminate/Cookie/Middleware/AddQueuedCookiesToResponse.php(37): Illuminate\\Pipeline\\Pipeline->{closure:{closure:Illuminate\\Pipeline\\Pipeline::carry():184}:185}()
#35 /home/pranjal/Pranjal/vscode/Files/core/vendor/laravel/framework/src/Illuminate/Pipeline/Pipeline.php(209): Illuminate\\Cookie\\Middleware\\AddQueuedCookiesToResponse->handle()
#36 /home/pranjal/Pranjal/vscode/Files/core/vendor/laramin/utility/src/Utility.php(15): Illuminate\\Pipeline\\Pipeline->{closure:{closure:Illuminate\\Pipeline\\Pipeline::carry():184}:185}()
#37 /home/pranjal/Pranjal/vscode/Files/core/vendor/laravel/framework/src/Illuminate/Pipeline/Pipeline.php(209): Laramin\\Utility\\Utility->handle()
#38 /home/pranjal/Pranjal/vscode/Files/core/vendor/laravel/framework/src/Illuminate/Pipeline/Pipeline.php(127): Illuminate\\Pipeline\\Pipeline->{closure:{closure:Illuminate\\Pipeline\\Pipeline::carry():184}:185}()
#39 /home/pranjal/Pranjal/vscode/Files/core/vendor/laravel/framework/src/Illuminate/Routing/Router.php(807): Illuminate\\Pipeline\\Pipeline->then()
#40 /home/pranjal/Pranjal/vscode/Files/core/vendor/laravel/framework/src/Illuminate/Routing/Router.php(786): Illuminate\\Routing\\Router->runRouteWithinStack()
#41 /home/pranjal/Pranjal/vscode/Files/core/vendor/laravel/framework/src/Illuminate/Routing/Router.php(750): Illuminate\\Routing\\Router->runRoute()
#42 /home/pranjal/Pranjal/vscode/Files/core/vendor/laravel/framework/src/Illuminate/Routing/Router.php(739): Illuminate\\Routing\\Router->dispatchToRoute()
#43 /home/pranjal/Pranjal/vscode/Files/core/vendor/laravel/framework/src/Illuminate/Foundation/Http/Kernel.php(201): Illuminate\\Routing\\Router->dispatch()
#44 /home/pranjal/Pranjal/vscode/Files/core/vendor/laravel/framework/src/Illuminate/Pipeline/Pipeline.php(170): Illuminate\\Foundation\\Http\\Kernel->{closure:Illuminate\\Foundation\\Http\\Kernel::dispatchToRouter():198}()
#45 /home/pranjal/Pranjal/vscode/Files/core/vendor/laravel/framework/src/Illuminate/Foundation/Http/Middleware/TransformsRequest.php(21): Illuminate\\Pipeline\\Pipeline->{closure:Illuminate\\Pipeline\\Pipeline::prepareDestination():168}()
#46 /home/pranjal/Pranjal/vscode/Files/core/vendor/laravel/framework/src/Illuminate/Foundation/Http/Middleware/ConvertEmptyStringsToNull.php(31): Illuminate\\Foundation\\Http\\Middleware\\TransformsRequest->handle()
#47 /home/pranjal/Pranjal/vscode/Files/core/vendor/laravel/framework/src/Illuminate/Pipeline/Pipeline.php(209): Illuminate\\Foundation\\Http\\Middleware\\ConvertEmptyStringsToNull->handle()
#48 /home/pranjal/Pranjal/vscode/Files/core/vendor/laravel/framework/src/Illuminate/Foundation/Http/Middleware/TransformsRequest.php(21): Illuminate\\Pipeline\\Pipeline->{closure:{closure:Illuminate\\Pipeline\\Pipeline::carry():184}:185}()
#49 /home/pranjal/Pranjal/vscode/Files/core/vendor/laravel/framework/src/Illuminate/Foundation/Http/Middleware/TrimStrings.php(51): Illuminate\\Foundation\\Http\\Middleware\\TransformsRequest->handle()
#50 /home/pranjal/Pranjal/vscode/Files/core/vendor/laravel/framework/src/Illuminate/Pipeline/Pipeline.php(209): Illuminate\\Foundation\\Http\\Middleware\\TrimStrings->handle()
#51 /home/pranjal/Pranjal/vscode/Files/core/vendor/laravel/framework/src/Illuminate/Http/Middleware/ValidatePostSize.php(27): Illuminate\\Pipeline\\Pipeline->{closure:{closure:Illuminate\\Pipeline\\Pipeline::carry():184}:185}()
#52 /home/pranjal/Pranjal/vscode/Files/core/vendor/laravel/framework/src/Illuminate/Pipeline/Pipeline.php(209): Illuminate\\Http\\Middleware\\ValidatePostSize->handle()
#53 /home/pranjal/Pranjal/vscode/Files/core/vendor/laravel/framework/src/Illuminate/Foundation/Http/Middleware/PreventRequestsDuringMaintenance.php(110): Illuminate\\Pipeline\\Pipeline->{closure:{closure:Illuminate\\Pipeline\\Pipeline::carry():184}:185}()
#54 /home/pranjal/Pranjal/vscode/Files/core/vendor/laravel/framework/src/Illuminate/Pipeline/Pipeline.php(209): Illuminate\\Foundation\\Http\\Middleware\\PreventRequestsDuringMaintenance->handle()
#55 /home/pranjal/Pranjal/vscode/Files/core/vendor/laravel/framework/src/Illuminate/Http/Middleware/HandleCors.php(49): Illuminate\\Pipeline\\Pipeline->{closure:{closure:Illuminate\\Pipeline\\Pipeline::carry():184}:185}()
#56 /home/pranjal/Pranjal/vscode/Files/core/vendor/laravel/framework/src/Illuminate/Pipeline/Pipeline.php(209): Illuminate\\Http\\Middleware\\HandleCors->handle()
#57 /home/pranjal/Pranjal/vscode/Files/core/vendor/laravel/framework/src/Illuminate/Http/Middleware/TrustProxies.php(58): Illuminate\\Pipeline\\Pipeline->{closure:{closure:Illuminate\\Pipeline\\Pipeline::carry():184}:185}()
#58 /home/pranjal/Pranjal/vscode/Files/core/vendor/laravel/framework/src/Illuminate/Pipeline/Pipeline.php(209): Illuminate\\Http\\Middleware\\TrustProxies->handle()
#59 /home/pranjal/Pranjal/vscode/Files/core/vendor/laravel/framework/src/Illuminate/Foundation/Http/Middleware/InvokeDeferredCallbacks.php(22): Illuminate\\Pipeline\\Pipeline->{closure:{closure:Illuminate\\Pipeline\\Pipeline::carry():184}:185}()
#60 /home/pranjal/Pranjal/vscode/Files/core/vendor/laravel/framework/src/Illuminate/Pipeline/Pipeline.php(209): Illuminate\\Foundation\\Http\\Middleware\\InvokeDeferredCallbacks->handle()
#61 /home/pranjal/Pranjal/vscode/Files/core/vendor/laramin/utility/src/Utility.php(15): Illuminate\\Pipeline\\Pipeline->{closure:{closure:Illuminate\\Pipeline\\Pipeline::carry():184}:185}()
#62 /home/pranjal/Pranjal/vscode/Files/core/vendor/laravel/framework/src/Illuminate/Pipeline/Pipeline.php(209): Laramin\\Utility\\Utility->handle()
#63 /home/pranjal/Pranjal/vscode/Files/core/vendor/laravel/framework/src/Illuminate/Pipeline/Pipeline.php(127): Illuminate\\Pipeline\\Pipeline->{closure:{closure:Illuminate\\Pipeline\\Pipeline::carry():184}:185}()
#64 /home/pranjal/Pranjal/vscode/Files/core/vendor/laravel/framework/src/Illuminate/Foundation/Http/Kernel.php(176): Illuminate\\Pipeline\\Pipeline->then()
#65 /home/pranjal/Pranjal/vscode/Files/core/vendor/laravel/framework/src/Illuminate/Foundation/Http/Kernel.php(145): Illuminate\\Foundation\\Http\\Kernel->sendRequestThroughRouter()
#66 /home/pranjal/Pranjal/vscode/Files/core/vendor/laravel/framework/src/Illuminate/Foundation/Application.php(1220): Illuminate\\Foundation\\Http\\Kernel->handle()
#67 /home/pranjal/Pranjal/vscode/Files/index.php(17): Illuminate\\Foundation\\Application->handleRequest()
#68 {main}

[previous exception] [object] (ErrorException(code: 0): Undefined array key \"version\" at /home/pranjal/Pranjal/vscode/Files/core/app/Providers/AppServiceProvider.php:60)
[stacktrace]
#0 /home/pranjal/Pranjal/vscode/Files/core/vendor/laravel/framework/src/Illuminate/Foundation/Bootstrap/HandleExceptions.php(258): Illuminate\\Foundation\\Bootstrap\\HandleExceptions->handleError()
#1 /home/pranjal/Pranjal/vscode/Files/core/app/Providers/AppServiceProvider.php(60): Illuminate\\Foundation\\Bootstrap\\HandleExceptions->{closure:Illuminate\\Foundation\\Bootstrap\\HandleExceptions::forwardsTo():257}()
#2 /home/pranjal/Pranjal/vscode/Files/core/vendor/laravel/framework/src/Illuminate/Events/Dispatcher.php(459): App\\Providers\\AppServiceProvider->{closure:App\\Providers\\AppServiceProvider::boot():51}()
#3 /home/pranjal/Pranjal/vscode/Files/core/vendor/laravel/framework/src/Illuminate/Events/Dispatcher.php(287): Illuminate\\Events\\Dispatcher->{closure:Illuminate\\Events\\Dispatcher::makeListener():454}()
#4 /home/pranjal/Pranjal/vscode/Files/core/vendor/laravel/framework/src/Illuminate/Events/Dispatcher.php(267): Illuminate\\Events\\Dispatcher->invokeListeners()
#5 /home/pranjal/Pranjal/vscode/Files/core/vendor/laravel/framework/src/Illuminate/View/Concerns/ManagesEvents.php(178): Illuminate\\Events\\Dispatcher->dispatch()
#6 /home/pranjal/Pranjal/vscode/Files/core/vendor/laravel/framework/src/Illuminate/View/View.php(190): Illuminate\\View\\Factory->callComposer()
#7 /home/pranjal/Pranjal/vscode/Files/core/vendor/laravel/framework/src/Illuminate/View/View.php(161): Illuminate\\View\\View->renderContents()
#8 /home/pranjal/Pranjal/vscode/Files/core/storage/framework/views/bd994467445c0c077eb81ef6ab510c57.php(7): Illuminate\\View\\View->render()
#9 /home/pranjal/Pranjal/vscode/Files/core/vendor/laravel/framework/src/Illuminate/Filesystem/Filesystem.php(123): require('...')
#10 /home/pranjal/Pranjal/vscode/Files/core/vendor/laravel/framework/src/Illuminate/Filesystem/Filesystem.php(124): Illuminate\\Filesystem\\Filesystem::{closure:Illuminate\\Filesystem\\Filesystem::getRequire():120}()
#11 /home/pranjal/Pranjal/vscode/Files/core/vendor/laravel/framework/src/Illuminate/View/Engines/PhpEngine.php(58): Illuminate\\Filesystem\\Filesystem->getRequire()
#12 /home/pranjal/Pranjal/vscode/Files/core/vendor/laravel/framework/src/Illuminate/View/Engines/CompilerEngine.php(75): Illuminate\\View\\Engines\\PhpEngine->evaluatePath()
#13 /home/pranjal/Pranjal/vscode/Files/core/vendor/laravel/framework/src/Illuminate/View/View.php(209): Illuminate\\View\\Engines\\CompilerEngine->get()
#14 /home/pranjal/Pranjal/vscode/Files/core/vendor/laravel/framework/src/Illuminate/View/View.php(192): Illuminate\\View\\View->getContents()
#15 /home/pranjal/Pranjal/vscode/Files/core/vendor/laravel/framework/src/Illuminate/View/View.php(161): Illuminate\\View\\View->renderContents()
#16 /home/pranjal/Pranjal/vscode/Files/core/storage/framework/views/352e4f31816487ef220ed296bddaef8a.php(341): Illuminate\\View\\View->render()
#17 /home/pranjal/Pranjal/vscode/Files/core/vendor/laravel/framework/src/Illuminate/Filesystem/Filesystem.php(123): require('...')
#18 /home/pranjal/Pranjal/vscode/Files/core/vendor/laravel/framework/src/Illuminate/Filesystem/Filesystem.php(124): Illuminate\\Filesystem\\Filesystem::{closure:Illuminate\\Filesystem\\Filesystem::getRequire():120}()
#19 /home/pranjal/Pranjal/vscode/Files/core/vendor/laravel/framework/src/Illuminate/View/Engines/PhpEngine.php(58): Illuminate\\Filesystem\\Filesystem->getRequire()
#20 /home/pranjal/Pranjal/vscode/Files/core/vendor/laravel/framework/src/Illuminate/View/Engines/CompilerEngine.php(75): Illuminate\\View\\Engines\\PhpEngine->evaluatePath()
#21 /home/pranjal/Pranjal/vscode/Files/core/vendor/laravel/framework/src/Illuminate/View/View.php(209): Illuminate\\View\\Engines\\CompilerEngine->get()
#22 /home/pranjal/Pranjal/vscode/Files/core/vendor/laravel/framework/src/Illuminate/View/View.php(192): Illuminate\\View\\View->getContents()
#23 /home/pranjal/Pranjal/vscode/Files/core/vendor/laravel/framework/src/Illuminate/View/View.php(161): Illuminate\\View\\View->renderContents()
#24 /home/pranjal/Pranjal/vscode/Files/core/vendor/laravel/framework/src/Illuminate/Http/Response.php(79): Illuminate\\View\\View->render()
#25 /home/pranjal/Pranjal/vscode/Files/core/vendor/laravel/framework/src/Illuminate/Http/Response.php(35): Illuminate\\Http\\Response->setContent()
#26 /home/pranjal/Pranjal/vscode/Files/core/vendor/laravel/framework/src/Illuminate/Routing/Router.php(920): Illuminate\\Http\\Response->__construct()
#27 /home/pranjal/Pranjal/vscode/Files/core/vendor/laravel/framework/src/Illuminate/Routing/Router.php(887): Illuminate\\Routing\\Router::toResponse()
#28 /home/pranjal/Pranjal/vscode/Files/core/vendor/laravel/framework/src/Illuminate/Routing/Router.php(807): Illuminate\\Routing\\Router->prepareResponse()
#29 /home/pranjal/Pranjal/vscode/Files/core/vendor/laravel/framework/src/Illuminate/Pipeline/Pipeline.php(170): Illuminate\\Routing\\Router->{closure:Illuminate\\Routing\\Router::runRouteWithinStack():807}()
#30 /home/pranjal/Pranjal/vscode/Files/core/app/Http/Middleware/RedirectIfNotAdmin.php(22): Illuminate\\Pipeline\\Pipeline->{closure:Illuminate\\Pipeline\\Pipeline::prepareDestination():168}()
#31 /home/pranjal/Pranjal/vscode/Files/core/vendor/laravel/framework/src/Illuminate/Pipeline/Pipeline.php(209): App\\Http\\Middleware\\RedirectIfNotAdmin->handle()
#32 /home/pranjal/Pranjal/vscode/Files/core/app/Http/Middleware/ActiveTemplateMiddleware.php(31): Illuminate\\Pipeline\\Pipeline->{closure:{closure:Illuminate\\Pipeline\\Pipeline::carry():184}:185}()
#33 /home/pranjal/Pranjal/vscode/Files/core/vendor/laravel/framework/src/Illuminate/Pipeline/Pipeline.php(209): App\\Http\\Middleware\\ActiveTemplateMiddleware->handle()
#34 /home/pranjal/Pranjal/vscode/Files/core/app/Http/Middleware/LanguageMiddleware.php(22): Illuminate\\Pipeline\\Pipeline->{closure:{closure:Illuminate\\Pipeline\\Pipeline::carry():184}:185}()
#35 /home/pranjal/Pranjal/vscode/Files/core/vendor/laravel/framework/src/Illuminate/Pipeline/Pipeline.php(209): App\\Http\\Middleware\\LanguageMiddleware->handle()
#36 /home/pranjal/Pranjal/vscode/Files/core/vendor/laravel/framework/src/Illuminate/Routing/Middleware/SubstituteBindings.php(51): Illuminate\\Pipeline\\Pipeline->{closure:{closure:Illuminate\\Pipeline\\Pipeline::carry():184}:185}()
#37 /home/pranjal/Pranjal/vscode/Files/core/vendor/laravel/framework/src/Illuminate/Pipeline/Pipeline.php(209): Illuminate\\Routing\\Middleware\\SubstituteBindings->handle()
#38 /home/pranjal/Pranjal/vscode/Files/core/vendor/laravel/framework/src/Illuminate/Foundation/Http/Middleware/VerifyCsrfToken.php(88): Illuminate\\Pipeline\\Pipeline->{closure:{closure:Illuminate\\Pipeline\\Pipeline::carry():184}:185}()
#39 /home/pranjal/Pranjal/vscode/Files/core/vendor/laravel/framework/src/Illuminate/Pipeline/Pipeline.php(209): Illuminate\\Foundation\\Http\\Middleware\\VerifyCsrfToken->handle()
#40 /home/pranjal/Pranjal/vscode/Files/core/vendor/laravel/framework/src/Illuminate/View/Middleware/ShareErrorsFromSession.php(49): Illuminate\\Pipeline\\Pipeline->{closure:{closure:Illuminate\\Pipeline\\Pipeline::carry():184}:185}()
#41 /home/pranjal/Pranjal/vscode/Files/core/vendor/laravel/framework/src/Illuminate/Pipeline/Pipeline.php(209): Illuminate\\View\\Middleware\\ShareErrorsFromSession->handle()
#42 /home/pranjal/Pranjal/vscode/Files/core/vendor/laravel/framework/src/Illuminate/Session/Middleware/StartSession.php(121): Illuminate\\Pipeline\\Pipeline->{closure:{closure:Illuminate\\Pipeline\\Pipeline::carry():184}:185}()
#43 /home/pranjal/Pranjal/vscode/Files/core/vendor/laravel/framework/src/Illuminate/Session/Middleware/StartSession.php(64): Illuminate\\Session\\Middleware\\StartSession->handleStatefulRequest()
#44 /home/pranjal/Pranjal/vscode/Files/core/vendor/laravel/framework/src/Illuminate/Pipeline/Pipeline.php(209): Illuminate\\Session\\Middleware\\StartSession->handle()
#45 /home/pranjal/Pranjal/vscode/Files/core/vendor/laravel/framework/src/Illuminate/Cookie/Middleware/AddQueuedCookiesToResponse.php(37): Illuminate\\Pipeline\\Pipeline->{closure:{closure:Illuminate\\Pipeline\\Pipeline::carry():184}:185}()
#46 /home/pranjal/Pranjal/vscode/Files/core/vendor/laravel/framework/src/Illuminate/Pipeline/Pipeline.php(209): Illuminate\\Cookie\\Middleware\\AddQueuedCookiesToResponse->handle()
#47 /home/pranjal/Pranjal/vscode/Files/core/vendor/laramin/utility/src/Utility.php(15): Illuminate\\Pipeline\\Pipeline->{closure:{closure:Illuminate\\Pipeline\\Pipeline::carry():184}:185}()
#48 /home/pranjal/Pranjal/vscode/Files/core/vendor/laravel/framework/src/Illuminate/Pipeline/Pipeline.php(209): Laramin\\Utility\\Utility->handle()
#49 /home/pranjal/Pranjal/vscode/Files/core/vendor/laravel/framework/src/Illuminate/Pipeline/Pipeline.php(127): Illuminate\\Pipeline\\Pipeline->{closure:{closure:Illuminate\\Pipeline\\Pipeline::carry():184}:185}()
#50 /home/pranjal/Pranjal/vscode/Files/core/vendor/laravel/framework/src/Illuminate/Routing/Router.php(807): Illuminate\\Pipeline\\Pipeline->then()
#51 /home/pranjal/Pranjal/vscode/Files/core/vendor/laravel/framework/src/Illuminate/Routing/Router.php(786): Illuminate\\Routing\\Router->runRouteWithinStack()
#52 /home/pranjal/Pranjal/vscode/Files/core/vendor/laravel/framework/src/Illuminate/Routing/Router.php(750): Illuminate\\Routing\\Router->runRoute()
#53 /home/pranjal/Pranjal/vscode/Files/core/vendor/laravel/framework/src/Illuminate/Routing/Router.php(739): Illuminate\\Routing\\Router->dispatchToRoute()
#54 /home/pranjal/Pranjal/vscode/Files/core/vendor/laravel/framework/src/Illuminate/Foundation/Http/Kernel.php(201): Illuminate\\Routing\\Router->dispatch()
#55 /home/pranjal/Pranjal/vscode/Files/core/vendor/laravel/framework/src/Illuminate/Pipeline/Pipeline.php(170): Illuminate\\Foundation\\Http\\Kernel->{closure:Illuminate\\Foundation\\Http\\Kernel::dispatchToRouter():198}()
#56 /home/pranjal/Pranjal/vscode/Files/core/vendor/laravel/framework/src/Illuminate/Foundation/Http/Middleware/TransformsRequest.php(21): Illuminate\\Pipeline\\Pipeline->{closure:Illuminate\\Pipeline\\Pipeline::prepareDestination():168}()
#57 /home/pranjal/Pranjal/vscode/Files/core/vendor/laravel/framework/src/Illuminate/Foundation/Http/Middleware/ConvertEmptyStringsToNull.php(31): Illuminate\\Foundation\\Http\\Middleware\\TransformsRequest->handle()
#58 /home/pranjal/Pranjal/vscode/Files/core/vendor/laravel/framework/src/Illuminate/Pipeline/Pipeline.php(209): Illuminate\\Foundation\\Http\\Middleware\\ConvertEmptyStringsToNull->handle()
#59 /home/pranjal/Pranjal/vscode/Files/core/vendor/laravel/framework/src/Illuminate/Foundation/Http/Middleware/TransformsRequest.php(21): Illuminate\\Pipeline\\Pipeline->{closure:{closure:Illuminate\\Pipeline\\Pipeline::carry():184}:185}()
#60 /home/pranjal/Pranjal/vscode/Files/core/vendor/laravel/framework/src/Illuminate/Foundation/Http/Middleware/TrimStrings.php(51): Illuminate\\Foundation\\Http\\Middleware\\TransformsRequest->handle()
#61 /home/pranjal/Pranjal/vscode/Files/core/vendor/laravel/framework/src/Illuminate/Pipeline/Pipeline.php(209): Illuminate\\Foundation\\Http\\Middleware\\TrimStrings->handle()
#62 /home/pranjal/Pranjal/vscode/Files/core/vendor/laravel/framework/src/Illuminate/Http/Middleware/ValidatePostSize.php(27): Illuminate\\Pipeline\\Pipeline->{closure:{closure:Illuminate\\Pipeline\\Pipeline::carry():184}:185}()
#63 /home/pranjal/Pranjal/vscode/Files/core/vendor/laravel/framework/src/Illuminate/Pipeline/Pipeline.php(209): Illuminate\\Http\\Middleware\\ValidatePostSize->handle()
#64 /home/pranjal/Pranjal/vscode/Files/core/vendor/laravel/framework/src/Illuminate/Foundation/Http/Middleware/PreventRequestsDuringMaintenance.php(110): Illuminate\\Pipeline\\Pipeline->{closure:{closure:Illuminate\\Pipeline\\Pipeline::carry():184}:185}()
#65 /home/pranjal/Pranjal/vscode/Files/core/vendor/laravel/framework/src/Illuminate/Pipeline/Pipeline.php(209): Illuminate\\Foundation\\Http\\Middleware\\PreventRequestsDuringMaintenance->handle()
#66 /home/pranjal/Pranjal/vscode/Files/core/vendor/laravel/framework/src/Illuminate/Http/Middleware/HandleCors.php(49): Illuminate\\Pipeline\\Pipeline->{closure:{closure:Illuminate\\Pipeline\\Pipeline::carry():184}:185}()
#67 /home/pranjal/Pranjal/vscode/Files/core/vendor/laravel/framework/src/Illuminate/Pipeline/Pipeline.php(209): Illuminate\\Http\\Middleware\\HandleCors->handle()
#68 /home/pranjal/Pranjal/vscode/Files/core/vendor/laravel/framework/src/Illuminate/Http/Middleware/TrustProxies.php(58): Illuminate\\Pipeline\\Pipeline->{closure:{closure:Illuminate\\Pipeline\\Pipeline::carry():184}:185}()
#69 /home/pranjal/Pranjal/vscode/Files/core/vendor/laravel/framework/src/Illuminate/Pipeline/Pipeline.php(209): Illuminate\\Http\\Middleware\\TrustProxies->handle()
#70 /home/pranjal/Pranjal/vscode/Files/core/vendor/laravel/framework/src/Illuminate/Foundation/Http/Middleware/InvokeDeferredCallbacks.php(22): Illuminate\\Pipeline\\Pipeline->{closure:{closure:Illuminate\\Pipeline\\Pipeline::carry():184}:185}()
#71 /home/pranjal/Pranjal/vscode/Files/core/vendor/laravel/framework/src/Illuminate/Pipeline/Pipeline.php(209): Illuminate\\Foundation\\Http\\Middleware\\InvokeDeferredCallbacks->handle()
#72 /home/pranjal/Pranjal/vscode/Files/core/vendor/laramin/utility/src/Utility.php(15): Illuminate\\Pipeline\\Pipeline->{closure:{closure:Illuminate\\Pipeline\\Pipeline::carry():184}:185}()
#73 /home/pranjal/Pranjal/vscode/Files/core/vendor/laravel/framework/src/Illuminate/Pipeline/Pipeline.php(209): Laramin\\Utility\\Utility->handle()
#74 /home/pranjal/Pranjal/vscode/Files/core/vendor/laravel/framework/src/Illuminate/Pipeline/Pipeline.php(127): Illuminate\\Pipeline\\Pipeline->{closure:{closure:Illuminate\\Pipeline\\Pipeline::carry():184}:185}()
#75 /home/pranjal/Pranjal/vscode/Files/core/vendor/laravel/framework/src/Illuminate/Foundation/Http/Kernel.php(176): Illuminate\\Pipeline\\Pipeline->then()
#76 /home/pranjal/Pranjal/vscode/Files/core/vendor/laravel/framework/src/Illuminate/Foundation/Http/Kernel.php(145): Illuminate\\Foundation\\Http\\Kernel->sendRequestThroughRouter()
#77 /home/pranjal/Pranjal/vscode/Files/core/vendor/laravel/framework/src/Illuminate/Foundation/Application.php(1220): Illuminate\\Foundation\\Http\\Kernel->handle()
#78 /home/pranjal/Pranjal/vscode/Files/index.php(17): Illuminate\\Foundation\\Application->handleRequest()
#79 {main}
"} 
[2026-07-26 16:35:12] production.ERROR: Undefined array key "version" (View: /home/pranjal/Pranjal/vscode/Files/core/resources/views/admin/layouts/app.blade.php) (View: /home/pranjal/Pranjal/vscode/Files/core/resources/views/admin/layouts/app.blade.php) {"exception":"[object] (Illuminate\\View\\ViewException(code: 0): Undefined array key \"version\" (View: /home/pranjal/Pranjal/vscode/Files/core/resources/views/admin/layouts/app.blade.php) (View: /home/pranjal/Pranjal/vscode/Files/core/resources/views/admin/layouts/app.blade.php) at /home/pranjal/Pranjal/vscode/Files/core/app/Providers/AppServiceProvider.php:60)
[stacktrace]
#0 /home/pranjal/Pranjal/vscode/Files/core/vendor/laravel/framework/src/Illuminate/View/Engines/PhpEngine.php(60): Illuminate\\View\\Engines\\CompilerEngine->handleViewException()
#1 /home/pranjal/Pranjal/vscode/Files/core/vendor/laravel/framework/src/Illuminate/View/Engines/CompilerEngine.php(75): Illuminate\\View\\Engines\\PhpEngine->evaluatePath()
#2 /home/pranjal/Pranjal/vscode/Files/core/vendor/laravel/framework/src/Illuminate/View/View.php(209): Illuminate\\View\\Engines\\CompilerEngine->get()
#3 /home/pranjal/Pranjal/vscode/Files/core/vendor/laravel/framework/src/Illuminate/View/View.php(192): Illuminate\\View\\View->getContents()
#4 /home/pranjal/Pranjal/vscode/Files/core/vendor/laravel/framework/src/Illuminate/View/View.php(161): Illuminate\\View\\View->renderContents()
#5 /home/pranjal/Pranjal/vscode/Files/core/vendor/laravel/framework/src/Illuminate/Http/Response.php(79): Illuminate\\View\\View->render()
#6 /home/pranjal/Pranjal/vscode/Files/core/vendor/laravel/framework/src/Illuminate/Http/Response.php(35): Illuminate\\Http\\Response->setContent()
#7 /home/pranjal/Pranjal/vscode/Files/core/vendor/laravel/framework/src/Illuminate/Routing/Router.php(920): Illuminate\\Http\\Response->__construct()
#8 /home/pranjal/Pranjal/vscode/Files/core/vendor/laravel/framework/src/Illuminate/Routing/Router.php(887): Illuminate\\Routing\\Router::toResponse()
#9 /home/pranjal/Pranjal/vscode/Files/core/vendor/laravel/framework/src/Illuminate/Routing/Router.php(807): Illuminate\\Routing\\Router->prepareResponse()
#10 /home/pranjal/Pranjal/vscode/Files/core/vendor/laravel/framework/src/Illuminate/Pipeline/Pipeline.php(170): Illuminate\\Routing\\Router->{closure:Illuminate\\Routing\\Router::runRouteWithinStack():807}()
#11 /home/pranjal/Pranjal/vscode/Files/core/app/Http/Middleware/RedirectIfNotAdmin.php(22): Illuminate\\Pipeline\\Pipeline->{closure:Illuminate\\Pipeline\\Pipeline::prepareDestination():168}()
#12 /home/pranjal/Pranjal/vscode/Files/core/vendor/laravel/framework/src/Illuminate/Pipeline/Pipeline.php(209): App\\Http\\Middleware\\RedirectIfNotAdmin->handle()
#13 /home/pranjal/Pranjal/vscode/Files/core/app/Http/Middleware/ActiveTemplateMiddleware.php(31): Illuminate\\Pipeline\\Pipeline->{closure:{closure:Illuminate\\Pipeline\\Pipeline::carry():184}:185}()
#14 /home/pranjal/Pranjal/vscode/Files/core/vendor/laravel/framework/src/Illuminate/Pipeline/Pipeline.php(209): App\\Http\\Middleware\\ActiveTemplateMiddleware->handle()
#15 /home/pranjal/Pranjal/vscode/Files/core/app/Http/Middleware/LanguageMiddleware.php(22): Illuminate\\Pipeline\\Pipeline->{closure:{closure:Illuminate\\Pipeline\\Pipeline::carry():184}:185}()
#16 /home/pranjal/Pranjal/vscode/Files/core/vendor/laravel/framework/src/Illuminate/Pipeline/Pipeline.php(209): App\\Http\\Middleware\\LanguageMiddleware->handle()
#17 /home/pranjal/Pranjal/vscode/Files/core/vendor/laravel/framework/src/Illuminate/Routing/Middleware/SubstituteBindings.php(51): Illuminate\\Pipeline\\Pipeline->{closure:{closure:Illuminate\\Pipeline\\Pipeline::carry():184}:185}()
#18 /home/pranjal/Pranjal/vscode/Files/core/vendor/laravel/framework/src/Illuminate/Pipeline/Pipeline.php(209): Illuminate\\Routing\\Middleware\\SubstituteBindings->handle()
#19 /home/pranjal/Pranjal/vscode/Files/core/vendor/laravel/framework/src/Illuminate/Foundation/Http/Middleware/VerifyCsrfToken.php(88): Illuminate\\Pipeline\\Pipeline->{closure:{closure:Illuminate\\Pipeline\\Pipeline::carry():184}:185}()
#20 /home/pranjal/Pranjal/vscode/Files/core/vendor/laravel/framework/src/Illuminate/Pipeline/Pipeline.php(209): Illuminate\\Foundation\\Http\\Middleware\\VerifyCsrfToken->handle()
#21 /home/pranjal/Pranjal/vscode/Files/core/vendor/laravel/framework/src/Illuminate/View/Middleware/ShareErrorsFromSession.php(49): Illuminate\\Pipeline\\Pipeline->{closure:{closure:Illuminate\\Pipeline\\Pipeline::carry():184}:185}()
#22 /home/pranjal/Pranjal/vscode/Files/core/vendor/laravel/framework/src/Illuminate/Pipeline/Pipeline.php(209): Illuminate\\View\\Middleware\\ShareErrorsFromSession->handle()
#23 /home/pranjal/Pranjal/vscode/Files/core/vendor/laravel/framework/src/Illuminate/Session/Middleware/StartSession.php(121): Illuminate\\Pipeline\\Pipeline->{closure:{closure:Illuminate\\Pipeline\\Pipeline::carry():184}:185}()
#24 /home/pranjal/Pranjal/vscode/Files/core/vendor/laravel/framework/src/Illuminate/Session/Middleware/StartSession.php(64): Illuminate\\Session\\Middleware\\StartSession->handleStatefulRequest()
#25 /home/pranjal/Pranjal/vscode/Files/core/vendor/laravel/framework/src/Illuminate/Pipeline/Pipeline.php(209): Illuminate\\Session\\Middleware\\StartSession->handle()
#26 /home/pranjal/Pranjal/vscode/Files/core/vendor/laravel/framework/src/Illuminate/Cookie/Middleware/AddQueuedCookiesToResponse.php(37): Illuminate\\Pipeline\\Pipeline->{closure:{closure:Illuminate\\Pipeline\\Pipeline::carry():184}:185}()
#27 /home/pranjal/Pranjal/vscode/Files/core/vendor/laravel/framework/src/Illuminate/Pipeline/Pipeline.php(209): Illuminate\\Cookie\\Middleware\\AddQueuedCookiesToResponse->handle()
#28 /home/pranjal/Pranjal/vscode/Files/core/vendor/laramin/utility/src/Utility.php(15): Illuminate\\Pipeline\\Pipeline->{closure:{closure:Illuminate\\Pipeline\\Pipeline::carry():184}:185}()
#29 /home/pranjal/Pranjal/vscode/Files/core/vendor/laravel/framework/src/Illuminate/Pipeline/Pipeline.php(209): Laramin\\Utility\\Utility->handle()
#30 /home/pranjal/Pranjal/vscode/Files/core/vendor/laravel/framework/src/Illuminate/Pipeline/Pipeline.php(127): Illuminate\\Pipeline\\Pipeline->{closure:{closure:Illuminate\\Pipeline\\Pipeline::carry():184}:185}()
#31 /home/pranjal/Pranjal/vscode/Files/core/vendor/laravel/framework/src/Illuminate/Routing/Router.php(807): Illuminate\\Pipeline\\Pipeline->then()
#32 /home/pranjal/Pranjal/vscode/Files/core/vendor/laravel/framework/src/Illuminate/Routing/Router.php(786): Illuminate\\Routing\\Router->runRouteWithinStack()
#33 /home/pranjal/Pranjal/vscode/Files/core/vendor/laravel/framework/src/Illuminate/Routing/Router.php(750): Illuminate\\Routing\\Router->runRoute()
#34 /home/pranjal/Pranjal/vscode/Files/core/vendor/laravel/framework/src/Illuminate/Routing/Router.php(739): Illuminate\\Routing\\Router->dispatchToRoute()
#35 /home/pranjal/Pranjal/vscode/Files/core/vendor/laravel/framework/src/Illuminate/Foundation/Http/Kernel.php(201): Illuminate\\Routing\\Router->dispatch()
#36 /home/pranjal/Pranjal/vscode/Files/core/vendor/laravel/framework/src/Illuminate/Pipeline/Pipeline.php(170): Illuminate\\Foundation\\Http\\Kernel->{closure:Illuminate\\Foundation\\Http\\Kernel::dispatchToRouter():198}()
#37 /home/pranjal/Pranjal/vscode/Files/core/vendor/laravel/framework/src/Illuminate/Foundation/Http/Middleware/TransformsRequest.php(21): Illuminate\\Pipeline\\Pipeline->{closure:Illuminate\\Pipeline\\Pipeline::prepareDestination():168}()
#38 /home/pranjal/Pranjal/vscode/Files/core/vendor/laravel/framework/src/Illuminate/Foundation/Http/Middleware/ConvertEmptyStringsToNull.php(31): Illuminate\\Foundation\\Http\\Middleware\\TransformsRequest->handle()
#39 /home/pranjal/Pranjal/vscode/Files/core/vendor/laravel/framework/src/Illuminate/Pipeline/Pipeline.php(209): Illuminate\\Foundation\\Http\\Middleware\\ConvertEmptyStringsToNull->handle()
#40 /home/pranjal/Pranjal/vscode/Files/core/vendor/laravel/framework/src/Illuminate/Foundation/Http/Middleware/TransformsRequest.php(21): Illuminate\\Pipeline\\Pipeline->{closure:{closure:Illuminate\\Pipeline\\Pipeline::carry():184}:185}()
#41 /home/pranjal/Pranjal/vscode/Files/core/vendor/laravel/framework/src/Illuminate/Foundation/Http/Middleware/TrimStrings.php(51): Illuminate\\Foundation\\Http\\Middleware\\TransformsRequest->handle()
#42 /home/pranjal/Pranjal/vscode/Files/core/vendor/laravel/framework/src/Illuminate/Pipeline/Pipeline.php(209): Illuminate\\Foundation\\Http\\Middleware\\TrimStrings->handle()
#43 /home/pranjal/Pranjal/vscode/Files/core/vendor/laravel/framework/src/Illuminate/Http/Middleware/ValidatePostSize.php(27): Illuminate\\Pipeline\\Pipeline->{closure:{closure:Illuminate\\Pipeline\\Pipeline::carry():184}:185}()
#44 /home/pranjal/Pranjal/vscode/Files/core/vendor/laravel/framework/src/Illuminate/Pipeline/Pipeline.php(209): Illuminate\\Http\\Middleware\\ValidatePostSize->handle()
#45 /home/pranjal/Pranjal/vscode/Files/core/vendor/laravel/framework/src/Illuminate/Foundation/Http/Middleware/PreventRequestsDuringMaintenance.php(110): Illuminate\\Pipeline\\Pipeline->{closure:{closure:Illuminate\\Pipeline\\Pipeline::carry():184}:185}()
#46 /home/pranjal/Pranjal/vscode/Files/core/vendor/laravel/framework/src/Illuminate/Pipeline/Pipeline.php(209): Illuminate\\Foundation\\Http\\Middleware\\PreventRequestsDuringMaintenance->handle()
#47 /home/pranjal/Pranjal/vscode/Files/core/vendor/laravel/framework/src/Illuminate/Http/Middleware/HandleCors.php(49): Illuminate\\Pipeline\\Pipeline->{closure:{closure:Illuminate\\Pipeline\\Pipeline::carry():184}:185}()
#48 /home/pranjal/Pranjal/vscode/Files/core/vendor/laravel/framework/src/Illuminate/Pipeline/Pipeline.php(209): Illuminate\\Http\\Middleware\\HandleCors->handle()
#49 /home/pranjal/Pranjal/vscode/Files/core/vendor/laravel/framework/src/Illuminate/Http/Middleware/TrustProxies.php(58): Illuminate\\Pipeline\\Pipeline->{closure:{closure:Illuminate\\Pipeline\\Pipeline::carry():184}:185}()
#50 /home/pranjal/Pranjal/vscode/Files/core/vendor/laravel/framework/src/Illuminate/Pipeline/Pipeline.php(209): Illuminate\\Http\\Middleware\\TrustProxies->handle()
#51 /home/pranjal/Pranjal/vscode/Files/core/vendor/laravel/framework/src/Illuminate/Foundation/Http/Middleware/InvokeDeferredCallbacks.php(22): Illuminate\\Pipeline\\Pipeline->{closure:{closure:Illuminate\\Pipeline\\Pipeline::carry():184}:185}()
#52 /home/pranjal/Pranjal/vscode/Files/core/vendor/laravel/framework/src/Illuminate/Pipeline/Pipeline.php(209): Illuminate\\Foundation\\Http\\Middleware\\InvokeDeferredCallbacks->handle()
#53 /home/pranjal/Pranjal/vscode/Files/core/vendor/laramin/utility/src/Utility.php(15): Illuminate\\Pipeline\\Pipeline->{closure:{closure:Illuminate\\Pipeline\\Pipeline::carry():184}:185}()
#54 /home/pranjal/Pranjal/vscode/Files/core/vendor/laravel/framework/src/Illuminate/Pipeline/Pipeline.php(209): Laramin\\Utility\\Utility->handle()
#55 /home/pranjal/Pranjal/vscode/Files/core/vendor/laravel/framework/src/Illuminate/Pipeline/Pipeline.php(127): Illuminate\\Pipeline\\Pipeline->{closure:{closure:Illuminate\\Pipeline\\Pipeline::carry():184}:185}()
#56 /home/pranjal/Pranjal/vscode/Files/core/vendor/laravel/framework/src/Illuminate/Foundation/Http/Kernel.php(176): Illuminate\\Pipeline\\Pipeline->then()
#57 /home/pranjal/Pranjal/vscode/Files/core/vendor/laravel/framework/src/Illuminate/Foundation/Http/Kernel.php(145): Illuminate\\Foundation\\Http\\Kernel->sendRequestThroughRouter()
#58 /home/pranjal/Pranjal/vscode/Files/core/vendor/laravel/framework/src/Illuminate/Foundation/Application.php(1220): Illuminate\\Foundation\\Http\\Kernel->handle()
#59 /home/pranjal/Pranjal/vscode/Files/index.php(17): Illuminate\\Foundation\\Application->handleRequest()
#60 {main}

[previous exception] [object] (Illuminate\\View\\ViewException(code: 0): Undefined array key \"version\" (View: /home/pranjal/Pranjal/vscode/Files/core/resources/views/admin/layouts/app.blade.php) at /home/pranjal/Pranjal/vscode/Files/core/app/Providers/AppServiceProvider.php:60)
[stacktrace]
#0 /home/pranjal/Pranjal/vscode/Files/core/vendor/laravel/framework/src/Illuminate/View/Engines/PhpEngine.php(60): Illuminate\\View\\Engines\\CompilerEngine->handleViewException()
#1 /home/pranjal/Pranjal/vscode/Files/core/vendor/laravel/framework/src/Illuminate/View/Engines/CompilerEngine.php(75): Illuminate\\View\\Engines\\PhpEngine->evaluatePath()
#2 /home/pranjal/Pranjal/vscode/Files/core/vendor/laravel/framework/src/Illuminate/View/View.php(209): Illuminate\\View\\Engines\\CompilerEngine->get()
#3 /home/pranjal/Pranjal/vscode/Files/core/vendor/laravel/framework/src/Illuminate/View/View.php(192): Illuminate\\View\\View->getContents()
#4 /home/pranjal/Pranjal/vscode/Files/core/vendor/laravel/framework/src/Illuminate/View/View.php(161): Illuminate\\View\\View->renderContents()
#5 /home/pranjal/Pranjal/vscode/Files/core/storage/framework/views/352e4f31816487ef220ed296bddaef8a.php(341): Illuminate\\View\\View->render()
#6 /home/pranjal/Pranjal/vscode/Files/core/vendor/laravel/framework/src/Illuminate/Filesystem/Filesystem.php(123): require('...')
#7 /home/pranjal/Pranjal/vscode/Files/core/vendor/laravel/framework/src/Illuminate/Filesystem/Filesystem.php(124): Illuminate\\Filesystem\\Filesystem::{closure:Illuminate\\Filesystem\\Filesystem::getRequire():120}()
#8 /home/pranjal/Pranjal/vscode/Files/core/vendor/laravel/framework/src/Illuminate/View/Engines/PhpEngine.php(58): Illuminate\\Filesystem\\Filesystem->getRequire()
#9 /home/pranjal/Pranjal/vscode/Files/core/vendor/laravel/framework/src/Illuminate/View/Engines/CompilerEngine.php(75): Illuminate\\View\\Engines\\PhpEngine->evaluatePath()
#10 /home/pranjal/Pranjal/vscode/Files/core/vendor/laravel/framework/src/Illuminate/View/View.php(209): Illuminate\\View\\Engines\\CompilerEngine->get()
#11 /home/pranjal/Pranjal/vscode/Files/core/vendor/laravel/framework/src/Illuminate/View/View.php(192): Illuminate\\View\\View->getContents()
#12 /home/pranjal/Pranjal/vscode/Files/core/vendor/laravel/framework/src/Illuminate/View/View.php(161): Illuminate\\View\\View->renderContents()
#13 /home/pranjal/Pranjal/vscode/Files/core/vendor/laravel/framework/src/Illuminate/Http/Response.php(79): Illuminate\\View\\View->render()
#14 /home/pranjal/Pranjal/vscode/Files/core/vendor/laravel/framework/src/Illuminate/Http/Response.php(35): Illuminate\\Http\\Response->setContent()
#15 /home/pranjal/Pranjal/vscode/Files/core/vendor/laravel/framework/src/Illuminate/Routing/Router.php(920): Illuminate\\Http\\Response->__construct()
#16 /home/pranjal/Pranjal/vscode/Files/core/vendor/laravel/framework/src/Illuminate/Routing/Router.php(887): Illuminate\\Routing\\Router::toResponse()
#17 /home/pranjal/Pranjal/vscode/Files/core/vendor/laravel/framework/src/Illuminate/Routing/Router.php(807): Illuminate\\Routing\\Router->prepareResponse()
#18 /home/pranjal/Pranjal/vscode/Files/core/vendor/laravel/framework/src/Illuminate/Pipeline/Pipeline.php(170): Illuminate\\Routing\\Router->{closure:Illuminate\\Routing\\Router::runRouteWithinStack():807}()
#19 /home/pranjal/Pranjal/vscode/Files/core/app/Http/Middleware/RedirectIfNotAdmin.php(22): Illuminate\\Pipeline\\Pipeline->{closure:Illuminate\\Pipeline\\Pipeline::prepareDestination():168}()
#20 /home/pranjal/Pranjal/vscode/Files/core/vendor/laravel/framework/src/Illuminate/Pipeline/Pipeline.php(209): App\\Http\\Middleware\\RedirectIfNotAdmin->handle()
#21 /home/pranjal/Pranjal/vscode/Files/core/app/Http/Middleware/ActiveTemplateMiddleware.php(31): Illuminate\\Pipeline\\Pipeline->{closure:{closure:Illuminate\\Pipeline\\Pipeline::carry():184}:185}()
#22 /home/pranjal/Pranjal/vscode/Files/core/vendor/laravel/framework/src/Illuminate/Pipeline/Pipeline.php(209): App\\Http\\Middleware\\ActiveTemplateMiddleware->handle()
#23 /home/pranjal/Pranjal/vscode/Files/core/app/Http/Middleware/LanguageMiddleware.php(22): Illuminate\\Pipeline\\Pipeline->{closure:{closure:Illuminate\\Pipeline\\Pipeline::carry():184}:185}()
#24 /home/pranjal/Pranjal/vscode/Files/core/vendor/laravel/framework/src/Illuminate/Pipeline/Pipeline.php(209): App\\Http\\Middleware\\LanguageMiddleware->handle()
#25 /home/pranjal/Pranjal/vscode/Files/core/vendor/laravel/framework/src/Illuminate/Routing/Middleware/SubstituteBindings.php(51): Illuminate\\Pipeline\\Pipeline->{closure:{closure:Illuminate\\Pipeline\\Pipeline::carry():184}:185}()
#26 /home/pranjal/Pranjal/vscode/Files/core/vendor/laravel/framework/src/Illuminate/Pipeline/Pipeline.php(209): Illuminate\\Routing\\Middleware\\SubstituteBindings->handle()
#27 /home/pranjal/Pranjal/vscode/Files/core/vendor/laravel/framework/src/Illuminate/Foundation/Http/Middleware/VerifyCsrfToken.php(88): Illuminate\\Pipeline\\Pipeline->{closure:{closure:Illuminate\\Pipeline\\Pipeline::carry():184}:185}()
#28 /home/pranjal/Pranjal/vscode/Files/core/vendor/laravel/framework/src/Illuminate/Pipeline/Pipeline.php(209): Illuminate\\Foundation\\Http\\Middleware\\VerifyCsrfToken->handle()
#29 /home/pranjal/Pranjal/vscode/Files/core/vendor/laravel/framework/src/Illuminate/View/Middleware/ShareErrorsFromSession.php(49): Illuminate\\Pipeline\\Pipeline->{closure:{closure:Illuminate\\Pipeline\\Pipeline::carry():184}:185}()
#30 /home/pranjal/Pranjal/vscode/Files/core/vendor/laravel/framework/src/Illuminate/Pipeline/Pipeline.php(209): Illuminate\\View\\Middleware\\ShareErrorsFromSession->handle()
#31 /home/pranjal/Pranjal/vscode/Files/core/vendor/laravel/framework/src/Illuminate/Session/Middleware/StartSession.php(121): Illuminate\\Pipeline\\Pipeline->{closure:{closure:Illuminate\\Pipeline\\Pipeline::carry():184}:185}()
#32 /home/pranjal/Pranjal/vscode/Files/core/vendor/laravel/framework/src/Illuminate/Session/Middleware/StartSession.php(64): Illuminate\\Session\\Middleware\\StartSession->handleStatefulRequest()
#33 /home/pranjal/Pranjal/vscode/Files/core/vendor/laravel/framework/src/Illuminate/Pipeline/Pipeline.php(209): Illuminate\\Session\\Middleware\\StartSession->handle()
#34 /home/pranjal/Pranjal/vscode/Files/core/vendor/laravel/framework/src/Illuminate/Cookie/Middleware/AddQueuedCookiesToResponse.php(37): Illuminate\\Pipeline\\Pipeline->{closure:{closure:Illuminate\\Pipeline\\Pipeline::carry():184}:185}()
#35 /home/pranjal/Pranjal/vscode/Files/core/vendor/laravel/framework/src/Illuminate/Pipeline/Pipeline.php(209): Illuminate\\Cookie\\Middleware\\AddQueuedCookiesToResponse->handle()
#36 /home/pranjal/Pranjal/vscode/Files/core/vendor/laramin/utility/src/Utility.php(15): Illuminate\\Pipeline\\Pipeline->{closure:{closure:Illuminate\\Pipeline\\Pipeline::carry():184}:185}()
#37 /home/pranjal/Pranjal/vscode/Files/core/vendor/laravel/framework/src/Illuminate/Pipeline/Pipeline.php(209): Laramin\\Utility\\Utility->handle()
#38 /home/pranjal/Pranjal/vscode/Files/core/vendor/laravel/framework/src/Illuminate/Pipeline/Pipeline.php(127): Illuminate\\Pipeline\\Pipeline->{closure:{closure:Illuminate\\Pipeline\\Pipeline::carry():184}:185}()
#39 /home/pranjal/Pranjal/vscode/Files/core/vendor/laravel/framework/src/Illuminate/Routing/Router.php(807): Illuminate\\Pipeline\\Pipeline->then()
#40 /home/pranjal/Pranjal/vscode/Files/core/vendor/laravel/framework/src/Illuminate/Routing/Router.php(786): Illuminate\\Routing\\Router->runRouteWithinStack()
#41 /home/pranjal/Pranjal/vscode/Files/core/vendor/laravel/framework/src/Illuminate/Routing/Router.php(750): Illuminate\\Routing\\Router->runRoute()
#42 /home/pranjal/Pranjal/vscode/Files/core/vendor/laravel/framework/src/Illuminate/Routing/Router.php(739): Illuminate\\Routing\\Router->dispatchToRoute()
#43 /home/pranjal/Pranjal/vscode/Files/core/vendor/laravel/framework/src/Illuminate/Foundation/Http/Kernel.php(201): Illuminate\\Routing\\Router->dispatch()
#44 /home/pranjal/Pranjal/vscode/Files/core/vendor/laravel/framework/src/Illuminate/Pipeline/Pipeline.php(170): Illuminate\\Foundation\\Http\\Kernel->{closure:Illuminate\\Foundation\\Http\\Kernel::dispatchToRouter():198}()
#45 /home/pranjal/Pranjal/vscode/Files/core/vendor/laravel/framework/src/Illuminate/Foundation/Http/Middleware/TransformsRequest.php(21): Illuminate\\Pipeline\\Pipeline->{closure:Illuminate\\Pipeline\\Pipeline::prepareDestination():168}()
#46 /home/pranjal/Pranjal/vscode/Files/core/vendor/laravel/framework/src/Illuminate/Foundation/Http/Middleware/ConvertEmptyStringsToNull.php(31): Illuminate\\Foundation\\Http\\Middleware\\TransformsRequest->handle()
#47 /home/pranjal/Pranjal/vscode/Files/core/vendor/laravel/framework/src/Illuminate/Pipeline/Pipeline.php(209): Illuminate\\Foundation\\Http\\Middleware\\ConvertEmptyStringsToNull->handle()
#48 /home/pranjal/Pranjal/vscode/Files/core/vendor/laravel/framework/src/Illuminate/Foundation/Http/Middleware/TransformsRequest.php(21): Illuminate\\Pipeline\\Pipeline->{closure:{closure:Illuminate\\Pipeline\\Pipeline::carry():184}:185}()
#49 /home/pranjal/Pranjal/vscode/Files/core/vendor/laravel/framework/src/Illuminate/Foundation/Http/Middleware/TrimStrings.php(51): Illuminate\\Foundation\\Http\\Middleware\\TransformsRequest->handle()
#50 /home/pranjal/Pranjal/vscode/Files/core/vendor/laravel/framework/src/Illuminate/Pipeline/Pipeline.php(209): Illuminate\\Foundation\\Http\\Middleware\\TrimStrings->handle()
#51 /home/pranjal/Pranjal/vscode/Files/core/vendor/laravel/framework/src/Illuminate/Http/Middleware/ValidatePostSize.php(27): Illuminate\\Pipeline\\Pipeline->{closure:{closure:Illuminate\\Pipeline\\Pipeline::carry():184}:185}()
#52 /home/pranjal/Pranjal/vscode/Files/core/vendor/laravel/framework/src/Illuminate/Pipeline/Pipeline.php(209): Illuminate\\Http\\Middleware\\ValidatePostSize->handle()
#53 /home/pranjal/Pranjal/vscode/Files/core/vendor/laravel/framework/src/Illuminate/Foundation/Http/Middleware/PreventRequestsDuringMaintenance.php(110): Illuminate\\Pipeline\\Pipeline->{closure:{closure:Illuminate\\Pipeline\\Pipeline::carry():184}:185}()
#54 /home/pranjal/Pranjal/vscode/Files/core/vendor/laravel/framework/src/Illuminate/Pipeline/Pipeline.php(209): Illuminate\\Foundation\\Http\\Middleware\\PreventRequestsDuringMaintenance->handle()
#55 /home/pranjal/Pranjal/vscode/Files/core/vendor/laravel/framework/src/Illuminate/Http/Middleware/HandleCors.php(49): Illuminate\\Pipeline\\Pipeline->{closure:{closure:Illuminate\\Pipeline\\Pipeline::carry():184}:185}()
#56 /home/pranjal/Pranjal/vscode/Files/core/vendor/laravel/framework/src/Illuminate/Pipeline/Pipeline.php(209): Illuminate\\Http\\Middleware\\HandleCors->handle()
#57 /home/pranjal/Pranjal/vscode/Files/core/vendor/laravel/framework/src/Illuminate/Http/Middleware/TrustProxies.php(58): Illuminate\\Pipeline\\Pipeline->{closure:{closure:Illuminate\\Pipeline\\Pipeline::carry():184}:185}()
#58 /home/pranjal/Pranjal/vscode/Files/core/vendor/laravel/framework/src/Illuminate/Pipeline/Pipeline.php(209): Illuminate\\Http\\Middleware\\TrustProxies->handle()
#59 /home/pranjal/Pranjal/vscode/Files/core/vendor/laravel/framework/src/Illuminate/Foundation/Http/Middleware/InvokeDeferredCallbacks.php(22): Illuminate\\Pipeline\\Pipeline->{closure:{closure:Illuminate\\Pipeline\\Pipeline::carry():184}:185}()
#60 /home/pranjal/Pranjal/vscode/Files/core/vendor/laravel/framework/src/Illuminate/Pipeline/Pipeline.php(209): Illuminate\\Foundation\\Http\\Middleware\\InvokeDeferredCallbacks->handle()
#61 /home/pranjal/Pranjal/vscode/Files/core/vendor/laramin/utility/src/Utility.php(15): Illuminate\\Pipeline\\Pipeline->{closure:{closure:Illuminate\\Pipeline\\Pipeline::carry():184}:185}()
#62 /home/pranjal/Pranjal/vscode/Files/core/vendor/laravel/framework/src/Illuminate/Pipeline/Pipeline.php(209): Laramin\\Utility\\Utility->handle()
#63 /home/pranjal/Pranjal/vscode/Files/core/vendor/laravel/framework/src/Illuminate/Pipeline/Pipeline.php(127): Illuminate\\Pipeline\\Pipeline->{closure:{closure:Illuminate\\Pipeline\\Pipeline::carry():184}:185}()
#64 /home/pranjal/Pranjal/vscode/Files/core/vendor/laravel/framework/src/Illuminate/Foundation/Http/Kernel.php(176): Illuminate\\Pipeline\\Pipeline->then()
#65 /home/pranjal/Pranjal/vscode/Files/core/vendor/laravel/framework/src/Illuminate/Foundation/Http/Kernel.php(145): Illuminate\\Foundation\\Http\\Kernel->sendRequestThroughRouter()
#66 /home/pranjal/Pranjal/vscode/Files/core/vendor/laravel/framework/src/Illuminate/Foundation/Application.php(1220): Illuminate\\Foundation\\Http\\Kernel->handle()
#67 /home/pranjal/Pranjal/vscode/Files/index.php(17): Illuminate\\Foundation\\Application->handleRequest()
#68 {main}

[previous exception] [object] (ErrorException(code: 0): Undefined array key \"version\" at /home/pranjal/Pranjal/vscode/Files/core/app/Providers/AppServiceProvider.php:60)
[stacktrace]
#0 /home/pranjal/Pranjal/vscode/Files/core/vendor/laravel/framework/src/Illuminate/Foundation/Bootstrap/HandleExceptions.php(258): Illuminate\\Foundation\\Bootstrap\\HandleExceptions->handleError()
#1 /home/pranjal/Pranjal/vscode/Files/core/app/Providers/AppServiceProvider.php(60): Illuminate\\Foundation\\Bootstrap\\HandleExceptions->{closure:Illuminate\\Foundation\\Bootstrap\\HandleExceptions::forwardsTo():257}()
#2 /home/pranjal/Pranjal/vscode/Files/core/vendor/laravel/framework/src/Illuminate/Events/Dispatcher.php(459): App\\Providers\\AppServiceProvider->{closure:App\\Providers\\AppServiceProvider::boot():51}()
#3 /home/pranjal/Pranjal/vscode/Files/core/vendor/laravel/framework/src/Illuminate/Events/Dispatcher.php(287): Illuminate\\Events\\Dispatcher->{closure:Illuminate\\Events\\Dispatcher::makeListener():454}()
#4 /home/pranjal/Pranjal/vscode/Files/core/vendor/laravel/framework/src/Illuminate/Events/Dispatcher.php(267): Illuminate\\Events\\Dispatcher->invokeListeners()
#5 /home/pranjal/Pranjal/vscode/Files/core/vendor/laravel/framework/src/Illuminate/View/Concerns/ManagesEvents.php(178): Illuminate\\Events\\Dispatcher->dispatch()
#6 /home/pranjal/Pranjal/vscode/Files/core/vendor/laravel/framework/src/Illuminate/View/View.php(190): Illuminate\\View\\Factory->callComposer()
#7 /home/pranjal/Pranjal/vscode/Files/core/vendor/laravel/framework/src/Illuminate/View/View.php(161): Illuminate\\View\\View->renderContents()
#8 /home/pranjal/Pranjal/vscode/Files/core/storage/framework/views/bd994467445c0c077eb81ef6ab510c57.php(7): Illuminate\\View\\View->render()
#9 /home/pranjal/Pranjal/vscode/Files/core/vendor/laravel/framework/src/Illuminate/Filesystem/Filesystem.php(123): require('...')
#10 /home/pranjal/Pranjal/vscode/Files/core/vendor/laravel/framework/src/Illuminate/Filesystem/Filesystem.php(124): Illuminate\\Filesystem\\Filesystem::{closure:Illuminate\\Filesystem\\Filesystem::getRequire():120}()
#11 /home/pranjal/Pranjal/vscode/Files/core/vendor/laravel/framework/src/Illuminate/View/Engines/PhpEngine.php(58): Illuminate\\Filesystem\\Filesystem->getRequire()
#12 /home/pranjal/Pranjal/vscode/Files/core/vendor/laravel/framework/src/Illuminate/View/Engines/CompilerEngine.php(75): Illuminate\\View\\Engines\\PhpEngine->evaluatePath()
#13 /home/pranjal/Pranjal/vscode/Files/core/vendor/laravel/framework/src/Illuminate/View/View.php(209): Illuminate\\View\\Engines\\CompilerEngine->get()
#14 /home/pranjal/Pranjal/vscode/Files/core/vendor/laravel/framework/src/Illuminate/View/View.php(192): Illuminate\\View\\View->getContents()
#15 /home/pranjal/Pranjal/vscode/Files/core/vendor/laravel/framework/src/Illuminate/View/View.php(161): Illuminate\\View\\View->renderContents()
#16 /home/pranjal/Pranjal/vscode/Files/core/storage/framework/views/352e4f31816487ef220ed296bddaef8a.php(341): Illuminate\\View\\View->render()
#17 /home/pranjal/Pranjal/vscode/Files/core/vendor/laravel/framework/src/Illuminate/Filesystem/Filesystem.php(123): require('...')
#18 /home/pranjal/Pranjal/vscode/Files/core/vendor/laravel/framework/src/Illuminate/Filesystem/Filesystem.php(124): Illuminate\\Filesystem\\Filesystem::{closure:Illuminate\\Filesystem\\Filesystem::getRequire():120}()
#19 /home/pranjal/Pranjal/vscode/Files/core/vendor/laravel/framework/src/Illuminate/View/Engines/PhpEngine.php(58): Illuminate\\Filesystem\\Filesystem->getRequire()
#20 /home/pranjal/Pranjal/vscode/Files/core/vendor/laravel/framework/src/Illuminate/View/Engines/CompilerEngine.php(75): Illuminate\\View\\Engines\\PhpEngine->evaluatePath()
#21 /home/pranjal/Pranjal/vscode/Files/core/vendor/laravel/framework/src/Illuminate/View/View.php(209): Illuminate\\View\\Engines\\CompilerEngine->get()
#22 /home/pranjal/Pranjal/vscode/Files/core/vendor/laravel/framework/src/Illuminate/View/View.php(192): Illuminate\\View\\View->getContents()
#23 /home/pranjal/Pranjal/vscode/Files/core/vendor/laravel/framework/src/Illuminate/View/View.php(161): Illuminate\\View\\View->renderContents()
#24 /home/pranjal/Pranjal/vscode/Files/core/vendor/laravel/framework/src/Illuminate/Http/Response.php(79): Illuminate\\View\\View->render()
#25 /home/pranjal/Pranjal/vscode/Files/core/vendor/laravel/framework/src/Illuminate/Http/Response.php(35): Illuminate\\Http\\Response->setContent()
#26 /home/pranjal/Pranjal/vscode/Files/core/vendor/laravel/framework/src/Illuminate/Routing/Router.php(920): Illuminate\\Http\\Response->__construct()
#27 /home/pranjal/Pranjal/vscode/Files/core/vendor/laravel/framework/src/Illuminate/Routing/Router.php(887): Illuminate\\Routing\\Router::toResponse()
#28 /home/pranjal/Pranjal/vscode/Files/core/vendor/laravel/framework/src/Illuminate/Routing/Router.php(807): Illuminate\\Routing\\Router->prepareResponse()
#29 /home/pranjal/Pranjal/vscode/Files/core/vendor/laravel/framework/src/Illuminate/Pipeline/Pipeline.php(170): Illuminate\\Routing\\Router->{closure:Illuminate\\Routing\\Router::runRouteWithinStack():807}()
#30 /home/pranjal/Pranjal/vscode/Files/core/app/Http/Middleware/RedirectIfNotAdmin.php(22): Illuminate\\Pipeline\\Pipeline->{closure:Illuminate\\Pipeline\\Pipeline::prepareDestination():168}()
#31 /home/pranjal/Pranjal/vscode/Files/core/vendor/laravel/framework/src/Illuminate/Pipeline/Pipeline.php(209): App\\Http\\Middleware\\RedirectIfNotAdmin->handle()
#32 /home/pranjal/Pranjal/vscode/Files/core/app/Http/Middleware/ActiveTemplateMiddleware.php(31): Illuminate\\Pipeline\\Pipeline->{closure:{closure:Illuminate\\Pipeline\\Pipeline::carry():184}:185}()
#33 /home/pranjal/Pranjal/vscode/Files/core/vendor/laravel/framework/src/Illuminate/Pipeline/Pipeline.php(209): App\\Http\\Middleware\\ActiveTemplateMiddleware->handle()
#34 /home/pranjal/Pranjal/vscode/Files/core/app/Http/Middleware/LanguageMiddleware.php(22): Illuminate\\Pipeline\\Pipeline->{closure:{closure:Illuminate\\Pipeline\\Pipeline::carry():184}:185}()
#35 /home/pranjal/Pranjal/vscode/Files/core/vendor/laravel/framework/src/Illuminate/Pipeline/Pipeline.php(209): App\\Http\\Middleware\\LanguageMiddleware->handle()
#36 /home/pranjal/Pranjal/vscode/Files/core/vendor/laravel/framework/src/Illuminate/Routing/Middleware/SubstituteBindings.php(51): Illuminate\\Pipeline\\Pipeline->{closure:{closure:Illuminate\\Pipeline\\Pipeline::carry():184}:185}()
#37 /home/pranjal/Pranjal/vscode/Files/core/vendor/laravel/framework/src/Illuminate/Pipeline/Pipeline.php(209): Illuminate\\Routing\\Middleware\\SubstituteBindings->handle()
#38 /home/pranjal/Pranjal/vscode/Files/core/vendor/laravel/framework/src/Illuminate/Foundation/Http/Middleware/VerifyCsrfToken.php(88): Illuminate\\Pipeline\\Pipeline->{closure:{closure:Illuminate\\Pipeline\\Pipeline::carry():184}:185}()
#39 /home/pranjal/Pranjal/vscode/Files/core/vendor/laravel/framework/src/Illuminate/Pipeline/Pipeline.php(209): Illuminate\\Foundation\\Http\\Middleware\\VerifyCsrfToken->handle()
#40 /home/pranjal/Pranjal/vscode/Files/core/vendor/laravel/framework/src/Illuminate/View/Middleware/ShareErrorsFromSession.php(49): Illuminate\\Pipeline\\Pipeline->{closure:{closure:Illuminate\\Pipeline\\Pipeline::carry():184}:185}()
#41 /home/pranjal/Pranjal/vscode/Files/core/vendor/laravel/framework/src/Illuminate/Pipeline/Pipeline.php(209): Illuminate\\View\\Middleware\\ShareErrorsFromSession->handle()
#42 /home/pranjal/Pranjal/vscode/Files/core/vendor/laravel/framework/src/Illuminate/Session/Middleware/StartSession.php(121): Illuminate\\Pipeline\\Pipeline->{closure:{closure:Illuminate\\Pipeline\\Pipeline::carry():184}:185}()
#43 /home/pranjal/Pranjal/vscode/Files/core/vendor/laravel/framework/src/Illuminate/Session/Middleware/StartSession.php(64): Illuminate\\Session\\Middleware\\StartSession->handleStatefulRequest()
#44 /home/pranjal/Pranjal/vscode/Files/core/vendor/laravel/framework/src/Illuminate/Pipeline/Pipeline.php(209): Illuminate\\Session\\Middleware\\StartSession->handle()
#45 /home/pranjal/Pranjal/vscode/Files/core/vendor/laravel/framework/src/Illuminate/Cookie/Middleware/AddQueuedCookiesToResponse.php(37): Illuminate\\Pipeline\\Pipeline->{closure:{closure:Illuminate\\Pipeline\\Pipeline::carry():184}:185}()
#46 /home/pranjal/Pranjal/vscode/Files/core/vendor/laravel/framework/src/Illuminate/Pipeline/Pipeline.php(209): Illuminate\\Cookie\\Middleware\\AddQueuedCookiesToResponse->handle()
#47 /home/pranjal/Pranjal/vscode/Files/core/vendor/laramin/utility/src/Utility.php(15): Illuminate\\Pipeline\\Pipeline->{closure:{closure:Illuminate\\Pipeline\\Pipeline::carry():184}:185}()
#48 /home/pranjal/Pranjal/vscode/Files/core/vendor/laravel/framework/src/Illuminate/Pipeline/Pipeline.php(209): Laramin\\Utility\\Utility->handle()
#49 /home/pranjal/Pranjal/vscode/Files/core/vendor/laravel/framework/src/Illuminate/Pipeline/Pipeline.php(127): Illuminate\\Pipeline\\Pipeline->{closure:{closure:Illuminate\\Pipeline\\Pipeline::carry():184}:185}()
#50 /home/pranjal/Pranjal/vscode/Files/core/vendor/laravel/framework/src/Illuminate/Routing/Router.php(807): Illuminate\\Pipeline\\Pipeline->then()
#51 /home/pranjal/Pranjal/vscode/Files/core/vendor/laravel/framework/src/Illuminate/Routing/Router.php(786): Illuminate\\Routing\\Router->runRouteWithinStack()
#52 /home/pranjal/Pranjal/vscode/Files/core/vendor/laravel/framework/src/Illuminate/Routing/Router.php(750): Illuminate\\Routing\\Router->runRoute()
#53 /home/pranjal/Pranjal/vscode/Files/core/vendor/laravel/framework/src/Illuminate/Routing/Router.php(739): Illuminate\\Routing\\Router->dispatchToRoute()
#54 /home/pranjal/Pranjal/vscode/Files/core/vendor/laravel/framework/src/Illuminate/Foundation/Http/Kernel.php(201): Illuminate\\Routing\\Router->dispatch()
#55 /home/pranjal/Pranjal/vscode/Files/core/vendor/laravel/framework/src/Illuminate/Pipeline/Pipeline.php(170): Illuminate\\Foundation\\Http\\Kernel->{closure:Illuminate\\Foundation\\Http\\Kernel::dispatchToRouter():198}()
#56 /home/pranjal/Pranjal/vscode/Files/core/vendor/laravel/framework/src/Illuminate/Foundation/Http/Middleware/TransformsRequest.php(21): Illuminate\\Pipeline\\Pipeline->{closure:Illuminate\\Pipeline\\Pipeline::prepareDestination():168}()
#57 /home/pranjal/Pranjal/vscode/Files/core/vendor/laravel/framework/src/Illuminate/Foundation/Http/Middleware/ConvertEmptyStringsToNull.php(31): Illuminate\\Foundation\\Http\\Middleware\\TransformsRequest->handle()
#58 /home/pranjal/Pranjal/vscode/Files/core/vendor/laravel/framework/src/Illuminate/Pipeline/Pipeline.php(209): Illuminate\\Foundation\\Http\\Middleware\\ConvertEmptyStringsToNull->handle()
#59 /home/pranjal/Pranjal/vscode/Files/core/vendor/laravel/framework/src/Illuminate/Foundation/Http/Middleware/TransformsRequest.php(21): Illuminate\\Pipeline\\Pipeline->{closure:{closure:Illuminate\\Pipeline\\Pipeline::carry():184}:185}()
#60 /home/pranjal/Pranjal/vscode/Files/core/vendor/laravel/framework/src/Illuminate/Foundation/Http/Middleware/TrimStrings.php(51): Illuminate\\Foundation\\Http\\Middleware\\TransformsRequest->handle()
#61 /home/pranjal/Pranjal/vscode/Files/core/vendor/laravel/framework/src/Illuminate/Pipeline/Pipeline.php(209): Illuminate\\Foundation\\Http\\Middleware\\TrimStrings->handle()
#62 /home/pranjal/Pranjal/vscode/Files/core/vendor/laravel/framework/src/Illuminate/Http/Middleware/ValidatePostSize.php(27): Illuminate\\Pipeline\\Pipeline->{closure:{closure:Illuminate\\Pipeline\\Pipeline::carry():184}:185}()
#63 /home/pranjal/Pranjal/vscode/Files/core/vendor/laravel/framework/src/Illuminate/Pipeline/Pipeline.php(209): Illuminate\\Http\\Middleware\\ValidatePostSize->handle()
#64 /home/pranjal/Pranjal/vscode/Files/core/vendor/laravel/framework/src/Illuminate/Foundation/Http/Middleware/PreventRequestsDuringMaintenance.php(110): Illuminate\\Pipeline\\Pipeline->{closure:{closure:Illuminate\\Pipeline\\Pipeline::carry():184}:185}()
#65 /home/pranjal/Pranjal/vscode/Files/core/vendor/laravel/framework/src/Illuminate/Pipeline/Pipeline.php(209): Illuminate\\Foundation\\Http\\Middleware\\PreventRequestsDuringMaintenance->handle()
#66 /home/pranjal/Pranjal/vscode/Files/core/vendor/laravel/framework/src/Illuminate/Http/Middleware/HandleCors.php(49): Illuminate\\Pipeline\\Pipeline->{closure:{closure:Illuminate\\Pipeline\\Pipeline::carry():184}:185}()
#67 /home/pranjal/Pranjal/vscode/Files/core/vendor/laravel/framework/src/Illuminate/Pipeline/Pipeline.php(209): Illuminate\\Http\\Middleware\\HandleCors->handle()
#68 /home/pranjal/Pranjal/vscode/Files/core/vendor/laravel/framework/src/Illuminate/Http/Middleware/TrustProxies.php(58): Illuminate\\Pipeline\\Pipeline->{closure:{closure:Illuminate\\Pipeline\\Pipeline::carry():184}:185}()
#69 /home/pranjal/Pranjal/vscode/Files/core/vendor/laravel/framework/src/Illuminate/Pipeline/Pipeline.php(209): Illuminate\\Http\\Middleware\\TrustProxies->handle()
#70 /home/pranjal/Pranjal/vscode/Files/core/vendor/laravel/framework/src/Illuminate/Foundation/Http/Middleware/InvokeDeferredCallbacks.php(22): Illuminate\\Pipeline\\Pipeline->{closure:{closure:Illuminate\\Pipeline\\Pipeline::carry():184}:185}()
#71 /home/pranjal/Pranjal/vscode/Files/core/vendor/laravel/framework/src/Illuminate/Pipeline/Pipeline.php(209): Illuminate\\Foundation\\Http\\Middleware\\InvokeDeferredCallbacks->handle()
#72 /home/pranjal/Pranjal/vscode/Files/core/vendor/laramin/utility/src/Utility.php(15): Illuminate\\Pipeline\\Pipeline->{closure:{closure:Illuminate\\Pipeline\\Pipeline::carry():184}:185}()
#73 /home/pranjal/Pranjal/vscode/Files/core/vendor/laravel/framework/src/Illuminate/Pipeline/Pipeline.php(209): Laramin\\Utility\\Utility->handle()
#74 /home/pranjal/Pranjal/vscode/Files/core/vendor/laravel/framework/src/Illuminate/Pipeline/Pipeline.php(127): Illuminate\\Pipeline\\Pipeline->{closure:{closure:Illuminate\\Pipeline\\Pipeline::carry():184}:185}()
#75 /home/pranjal/Pranjal/vscode/Files/core/vendor/laravel/framework/src/Illuminate/Foundation/Http/Kernel.php(176): Illuminate\\Pipeline\\Pipeline->then()
#76 /home/pranjal/Pranjal/vscode/Files/core/vendor/laravel/framework/src/Illuminate/Foundation/Http/Kernel.php(145): Illuminate\\Foundation\\Http\\Kernel->sendRequestThroughRouter()
#77 /home/pranjal/Pranjal/vscode/Files/core/vendor/laravel/framework/src/Illuminate/Foundation/Application.php(1220): Illuminate\\Foundation\\Http\\Kernel->handle()
#78 /home/pranjal/Pranjal/vscode/Files/index.php(17): Illuminate\\Foundation\\Application->handleRequest()
#79 {main}
"} 
[2026-07-26 16:35:27] production.ERROR: Undefined array key "version" (View: /home/pranjal/Pranjal/vscode/Files/core/resources/views/admin/layouts/app.blade.php) (View: /home/pranjal/Pranjal/vscode/Files/core/resources/views/admin/layouts/app.blade.php) {"exception":"[object] (Illuminate\\View\\ViewException(code: 0): Undefined array key \"version\" (View: /home/pranjal/Pranjal/vscode/Files/core/resources/views/admin/layouts/app.blade.php) (View: /home/pranjal/Pranjal/vscode/Files/core/resources/views/admin/layouts/app.blade.php) at /home/pranjal/Pranjal/vscode/Files/core/app/Providers/AppServiceProvider.php:60)
[stacktrace]
#0 /home/pranjal/Pranjal/vscode/Files/core/vendor/laravel/framework/src/Illuminate/View/Engines/PhpEngine.php(60): Illuminate\\View\\Engines\\CompilerEngine->handleViewException()
#1 /home/pranjal/Pranjal/vscode/Files/core/vendor/laravel/framework/src/Illuminate/View/Engines/CompilerEngine.php(75): Illuminate\\View\\Engines\\PhpEngine->evaluatePath()
#2 /home/pranjal/Pranjal/vscode/Files/core/vendor/laravel/framework/src/Illuminate/View/View.php(209): Illuminate\\View\\Engines\\CompilerEngine->get()
#3 /home/pranjal/Pranjal/vscode/Files/core/vendor/laravel/framework/src/Illuminate/View/View.php(192): Illuminate\\View\\View->getContents()
#4 /home/pranjal/Pranjal/vscode/Files/core/vendor/laravel/framework/src/Illuminate/View/View.php(161): Illuminate\\View\\View->renderContents()
#5 /home/pranjal/Pranjal/vscode/Files/core/vendor/laravel/framework/src/Illuminate/Http/Response.php(79): Illuminate\\View\\View->render()
#6 /home/pranjal/Pranjal/vscode/Files/core/vendor/laravel/framework/src/Illuminate/Http/Response.php(35): Illuminate\\Http\\Response->setContent()
#7 /home/pranjal/Pranjal/vscode/Files/core/vendor/laravel/framework/src/Illuminate/Routing/Router.php(920): Illuminate\\Http\\Response->__construct()
#8 /home/pranjal/Pranjal/vscode/Files/core/vendor/laravel/framework/src/Illuminate/Routing/Router.php(887): Illuminate\\Routing\\Router::toResponse()
#9 /home/pranjal/Pranjal/vscode/Files/core/vendor/laravel/framework/src/Illuminate/Routing/Router.php(807): Illuminate\\Routing\\Router->prepareResponse()
#10 /home/pranjal/Pranjal/vscode/Files/core/vendor/laravel/framework/src/Illuminate/Pipeline/Pipeline.php(170): Illuminate\\Routing\\Router->{closure:Illuminate\\Routing\\Router::runRouteWithinStack():807}()
#11 /home/pranjal/Pranjal/vscode/Files/core/app/Http/Middleware/RedirectIfNotAdmin.php(22): Illuminate\\Pipeline\\Pipeline->{closure:Illuminate\\Pipeline\\Pipeline::prepareDestination():168}()
#12 /home/pranjal/Pranjal/vscode/Files/core/vendor/laravel/framework/src/Illuminate/Pipeline/Pipeline.php(209): App\\Http\\Middleware\\RedirectIfNotAdmin->handle()
#13 /home/pranjal/Pranjal/vscode/Files/core/app/Http/Middleware/ActiveTemplateMiddleware.php(31): Illuminate\\Pipeline\\Pipeline->{closure:{closure:Illuminate\\Pipeline\\Pipeline::carry():184}:185}()
#14 /home/pranjal/Pranjal/vscode/Files/core/vendor/laravel/framework/src/Illuminate/Pipeline/Pipeline.php(209): App\\Http\\Middleware\\ActiveTemplateMiddleware->handle()
#15 /home/pranjal/Pranjal/vscode/Files/core/app/Http/Middleware/LanguageMiddleware.php(22): Illuminate\\Pipeline\\Pipeline->{closure:{closure:Illuminate\\Pipeline\\Pipeline::carry():184}:185}()
#16 /home/pranjal/Pranjal/vscode/Files/core/vendor/laravel/framework/src/Illuminate/Pipeline/Pipeline.php(209): App\\Http\\Middleware\\LanguageMiddleware->handle()
#17 /home/pranjal/Pranjal/vscode/Files/core/vendor/laravel/framework/src/Illuminate/Routing/Middleware/SubstituteBindings.php(51): Illuminate\\Pipeline\\Pipeline->{closure:{closure:Illuminate\\Pipeline\\Pipeline::carry():184}:185}()
#18 /home/pranjal/Pranjal/vscode/Files/core/vendor/laravel/framework/src/Illuminate/Pipeline/Pipeline.php(209): Illuminate\\Routing\\Middleware\\SubstituteBindings->handle()
#19 /home/pranjal/Pranjal/vscode/Files/core/vendor/laravel/framework/src/Illuminate/Foundation/Http/Middleware/VerifyCsrfToken.php(88): Illuminate\\Pipeline\\Pipeline->{closure:{closure:Illuminate\\Pipeline\\Pipeline::carry():184}:185}()
#20 /home/pranjal/Pranjal/vscode/Files/core/vendor/laravel/framework/src/Illuminate/Pipeline/Pipeline.php(209): Illuminate\\Foundation\\Http\\Middleware\\VerifyCsrfToken->handle()
#21 /home/pranjal/Pranjal/vscode/Files/core/vendor/laravel/framework/src/Illuminate/View/Middleware/ShareErrorsFromSession.php(49): Illuminate\\Pipeline\\Pipeline->{closure:{closure:Illuminate\\Pipeline\\Pipeline::carry():184}:185}()
#22 /home/pranjal/Pranjal/vscode/Files/core/vendor/laravel/framework/src/Illuminate/Pipeline/Pipeline.php(209): Illuminate\\View\\Middleware\\ShareErrorsFromSession->handle()
#23 /home/pranjal/Pranjal/vscode/Files/core/vendor/laravel/framework/src/Illuminate/Session/Middleware/StartSession.php(121): Illuminate\\Pipeline\\Pipeline->{closure:{closure:Illuminate\\Pipeline\\Pipeline::carry():184}:185}()
#24 /home/pranjal/Pranjal/vscode/Files/core/vendor/laravel/framework/src/Illuminate/Session/Middleware/StartSession.php(64): Illuminate\\Session\\Middleware\\StartSession->handleStatefulRequest()
#25 /home/pranjal/Pranjal/vscode/Files/core/vendor/laravel/framework/src/Illuminate/Pipeline/Pipeline.php(209): Illuminate\\Session\\Middleware\\StartSession->handle()
#26 /home/pranjal/Pranjal/vscode/Files/core/vendor/laravel/framework/src/Illuminate/Cookie/Middleware/AddQueuedCookiesToResponse.php(37): Illuminate\\Pipeline\\Pipeline->{closure:{closure:Illuminate\\Pipeline\\Pipeline::carry():184}:185}()
#27 /home/pranjal/Pranjal/vscode/Files/core/vendor/laravel/framework/src/Illuminate/Pipeline/Pipeline.php(209): Illuminate\\Cookie\\Middleware\\AddQueuedCookiesToResponse->handle()
#28 /home/pranjal/Pranjal/vscode/Files/core/vendor/laramin/utility/src/Utility.php(15): Illuminate\\Pipeline\\Pipeline->{closure:{closure:Illuminate\\Pipeline\\Pipeline::carry():184}:185}()
#29 /home/pranjal/Pranjal/vscode/Files/core/vendor/laravel/framework/src/Illuminate/Pipeline/Pipeline.php(209): Laramin\\Utility\\Utility->handle()
#30 /home/pranjal/Pranjal/vscode/Files/core/vendor/laravel/framework/src/Illuminate/Pipeline/Pipeline.php(127): Illuminate\\Pipeline\\Pipeline->{closure:{closure:Illuminate\\Pipeline\\Pipeline::carry():184}:185}()
#31 /home/pranjal/Pranjal/vscode/Files/core/vendor/laravel/framework/src/Illuminate/Routing/Router.php(807): Illuminate\\Pipeline\\Pipeline->then()
#32 /home/pranjal/Pranjal/vscode/Files/core/vendor/laravel/framework/src/Illuminate/Routing/Router.php(786): Illuminate\\Routing\\Router->runRouteWithinStack()
#33 /home/pranjal/Pranjal/vscode/Files/core/vendor/laravel/framework/src/Illuminate/Routing/Router.php(750): Illuminate\\Routing\\Router->runRoute()
#34 /home/pranjal/Pranjal/vscode/Files/core/vendor/laravel/framework/src/Illuminate/Routing/Router.php(739): Illuminate\\Routing\\Router->dispatchToRoute()
#35 /home/pranjal/Pranjal/vscode/Files/core/vendor/laravel/framework/src/Illuminate/Foundation/Http/Kernel.php(201): Illuminate\\Routing\\Router->dispatch()
#36 /home/pranjal/Pranjal/vscode/Files/core/vendor/laravel/framework/src/Illuminate/Pipeline/Pipeline.php(170): Illuminate\\Foundation\\Http\\Kernel->{closure:Illuminate\\Foundation\\Http\\Kernel::dispatchToRouter():198}()
#37 /home/pranjal/Pranjal/vscode/Files/core/vendor/laravel/framework/src/Illuminate/Foundation/Http/Middleware/TransformsRequest.php(21): Illuminate\\Pipeline\\Pipeline->{closure:Illuminate\\Pipeline\\Pipeline::prepareDestination():168}()
#38 /home/pranjal/Pranjal/vscode/Files/core/vendor/laravel/framework/src/Illuminate/Foundation/Http/Middleware/ConvertEmptyStringsToNull.php(31): Illuminate\\Foundation\\Http\\Middleware\\TransformsRequest->handle()
#39 /home/pranjal/Pranjal/vscode/Files/core/vendor/laravel/framework/src/Illuminate/Pipeline/Pipeline.php(209): Illuminate\\Foundation\\Http\\Middleware\\ConvertEmptyStringsToNull->handle()
#40 /home/pranjal/Pranjal/vscode/Files/core/vendor/laravel/framework/src/Illuminate/Foundation/Http/Middleware/TransformsRequest.php(21): Illuminate\\Pipeline\\Pipeline->{closure:{closure:Illuminate\\Pipeline\\Pipeline::carry():184}:185}()
#41 /home/pranjal/Pranjal/vscode/Files/core/vendor/laravel/framework/src/Illuminate/Foundation/Http/Middleware/TrimStrings.php(51): Illuminate\\Foundation\\Http\\Middleware\\TransformsRequest->handle()
#42 /home/pranjal/Pranjal/vscode/Files/core/vendor/laravel/framework/src/Illuminate/Pipeline/Pipeline.php(209): Illuminate\\Foundation\\Http\\Middleware\\TrimStrings->handle()
#43 /home/pranjal/Pranjal/vscode/Files/core/vendor/laravel/framework/src/Illuminate/Http/Middleware/ValidatePostSize.php(27): Illuminate\\Pipeline\\Pipeline->{closure:{closure:Illuminate\\Pipeline\\Pipeline::carry():184}:185}()
#44 /home/pranjal/Pranjal/vscode/Files/core/vendor/laravel/framework/src/Illuminate/Pipeline/Pipeline.php(209): Illuminate\\Http\\Middleware\\ValidatePostSize->handle()
#45 /home/pranjal/Pranjal/vscode/Files/core/vendor/laravel/framework/src/Illuminate/Foundation/Http/Middleware/PreventRequestsDuringMaintenance.php(110): Illuminate\\Pipeline\\Pipeline->{closure:{closure:Illuminate\\Pipeline\\Pipeline::carry():184}:185}()
#46 /home/pranjal/Pranjal/vscode/Files/core/vendor/laravel/framework/src/Illuminate/Pipeline/Pipeline.php(209): Illuminate\\Foundation\\Http\\Middleware\\PreventRequestsDuringMaintenance->handle()
#47 /home/pranjal/Pranjal/vscode/Files/core/vendor/laravel/framework/src/Illuminate/Http/Middleware/HandleCors.php(49): Illuminate\\Pipeline\\Pipeline->{closure:{closure:Illuminate\\Pipeline\\Pipeline::carry():184}:185}()
#48 /home/pranjal/Pranjal/vscode/Files/core/vendor/laravel/framework/src/Illuminate/Pipeline/Pipeline.php(209): Illuminate\\Http\\Middleware\\HandleCors->handle()
#49 /home/pranjal/Pranjal/vscode/Files/core/vendor/laravel/framework/src/Illuminate/Http/Middleware/TrustProxies.php(58): Illuminate\\Pipeline\\Pipeline->{closure:{closure:Illuminate\\Pipeline\\Pipeline::carry():184}:185}()
#50 /home/pranjal/Pranjal/vscode/Files/core/vendor/laravel/framework/src/Illuminate/Pipeline/Pipeline.php(209): Illuminate\\Http\\Middleware\\TrustProxies->handle()
#51 /home/pranjal/Pranjal/vscode/Files/core/vendor/laravel/framework/src/Illuminate/Foundation/Http/Middleware/InvokeDeferredCallbacks.php(22): Illuminate\\Pipeline\\Pipeline->{closure:{closure:Illuminate\\Pipeline\\Pipeline::carry():184}:185}()
#52 /home/pranjal/Pranjal/vscode/Files/core/vendor/laravel/framework/src/Illuminate/Pipeline/Pipeline.php(209): Illuminate\\Foundation\\Http\\Middleware\\InvokeDeferredCallbacks->handle()
#53 /home/pranjal/Pranjal/vscode/Files/core/vendor/laramin/utility/src/Utility.php(15): Illuminate\\Pipeline\\Pipeline->{closure:{closure:Illuminate\\Pipeline\\Pipeline::carry():184}:185}()
#54 /home/pranjal/Pranjal/vscode/Files/core/vendor/laravel/framework/src/Illuminate/Pipeline/Pipeline.php(209): Laramin\\Utility\\Utility->handle()
#55 /home/pranjal/Pranjal/vscode/Files/core/vendor/laravel/framework/src/Illuminate/Pipeline/Pipeline.php(127): Illuminate\\Pipeline\\Pipeline->{closure:{closure:Illuminate\\Pipeline\\Pipeline::carry():184}:185}()
#56 /home/pranjal/Pranjal/vscode/Files/core/vendor/laravel/framework/src/Illuminate/Foundation/Http/Kernel.php(176): Illuminate\\Pipeline\\Pipeline->then()
#57 /home/pranjal/Pranjal/vscode/Files/core/vendor/laravel/framework/src/Illuminate/Foundation/Http/Kernel.php(145): Illuminate\\Foundation\\Http\\Kernel->sendRequestThroughRouter()
#58 /home/pranjal/Pranjal/vscode/Files/core/vendor/laravel/framework/src/Illuminate/Foundation/Application.php(1220): Illuminate\\Foundation\\Http\\Kernel->handle()
#59 /home/pranjal/Pranjal/vscode/Files/index.php(17): Illuminate\\Foundation\\Application->handleRequest()
#60 {main}

[previous exception] [object] (Illuminate\\View\\ViewException(code: 0): Undefined array key \"version\" (View: /home/pranjal/Pranjal/vscode/Files/core/resources/views/admin/layouts/app.blade.php) at /home/pranjal/Pranjal/vscode/Files/core/app/Providers/AppServiceProvider.php:60)
[stacktrace]
#0 /home/pranjal/Pranjal/vscode/Files/core/vendor/laravel/framework/src/Illuminate/View/Engines/PhpEngine.php(60): Illuminate\\View\\Engines\\CompilerEngine->handleViewException()
#1 /home/pranjal/Pranjal/vscode/Files/core/vendor/laravel/framework/src/Illuminate/View/Engines/CompilerEngine.php(75): Illuminate\\View\\Engines\\PhpEngine->evaluatePath()
#2 /home/pranjal/Pranjal/vscode/Files/core/vendor/laravel/framework/src/Illuminate/View/View.php(209): Illuminate\\View\\Engines\\CompilerEngine->get()
#3 /home/pranjal/Pranjal/vscode/Files/core/vendor/laravel/framework/src/Illuminate/View/View.php(192): Illuminate\\View\\View->getContents()
#4 /home/pranjal/Pranjal/vscode/Files/core/vendor/laravel/framework/src/Illuminate/View/View.php(161): Illuminate\\View\\View->renderContents()
#5 /home/pranjal/Pranjal/vscode/Files/core/storage/framework/views/352e4f31816487ef220ed296bddaef8a.php(341): Illuminate\\View\\View->render()
#6 /home/pranjal/Pranjal/vscode/Files/core/vendor/laravel/framework/src/Illuminate/Filesystem/Filesystem.php(123): require('...')
#7 /home/pranjal/Pranjal/vscode/Files/core/vendor/laravel/framework/src/Illuminate/Filesystem/Filesystem.php(124): Illuminate\\Filesystem\\Filesystem::{closure:Illuminate\\Filesystem\\Filesystem::getRequire():120}()
#8 /home/pranjal/Pranjal/vscode/Files/core/vendor/laravel/framework/src/Illuminate/View/Engines/PhpEngine.php(58): Illuminate\\Filesystem\\Filesystem->getRequire()
#9 /home/pranjal/Pranjal/vscode/Files/core/vendor/laravel/framework/src/Illuminate/View/Engines/CompilerEngine.php(75): Illuminate\\View\\Engines\\PhpEngine->evaluatePath()
#10 /home/pranjal/Pranjal/vscode/Files/core/vendor/laravel/framework/src/Illuminate/View/View.php(209): Illuminate\\View\\Engines\\CompilerEngine->get()
#11 /home/pranjal/Pranjal/vscode/Files/core/vendor/laravel/framework/src/Illuminate/View/View.php(192): Illuminate\\View\\View->getContents()
#12 /home/pranjal/Pranjal/vscode/Files/core/vendor/laravel/framework/src/Illuminate/View/View.php(161): Illuminate\\View\\View->renderContents()
#13 /home/pranjal/Pranjal/vscode/Files/core/vendor/laravel/framework/src/Illuminate/Http/Response.php(79): Illuminate\\View\\View->render()
#14 /home/pranjal/Pranjal/vscode/Files/core/vendor/laravel/framework/src/Illuminate/Http/Response.php(35): Illuminate\\Http\\Response->setContent()
#15 /home/pranjal/Pranjal/vscode/Files/core/vendor/laravel/framework/src/Illuminate/Routing/Router.php(920): Illuminate\\Http\\Response->__construct()
#16 /home/pranjal/Pranjal/vscode/Files/core/vendor/laravel/framework/src/Illuminate/Routing/Router.php(887): Illuminate\\Routing\\Router::toResponse()
#17 /home/pranjal/Pranjal/vscode/Files/core/vendor/laravel/framework/src/Illuminate/Routing/Router.php(807): Illuminate\\Routing\\Router->prepareResponse()
#18 /home/pranjal/Pranjal/vscode/Files/core/vendor/laravel/framework/src/Illuminate/Pipeline/Pipeline.php(170): Illuminate\\Routing\\Router->{closure:Illuminate\\Routing\\Router::runRouteWithinStack():807}()
#19 /home/pranjal/Pranjal/vscode/Files/core/app/Http/Middleware/RedirectIfNotAdmin.php(22): Illuminate\\Pipeline\\Pipeline->{closure:Illuminate\\Pipeline\\Pipeline::prepareDestination():168}()
#20 /home/pranjal/Pranjal/vscode/Files/core/vendor/laravel/framework/src/Illuminate/Pipeline/Pipeline.php(209): App\\Http\\Middleware\\RedirectIfNotAdmin->handle()
#21 /home/pranjal/Pranjal/vscode/Files/core/app/Http/Middleware/ActiveTemplateMiddleware.php(31): Illuminate\\Pipeline\\Pipeline->{closure:{closure:Illuminate\\Pipeline\\Pipeline::carry():184}:185}()
#22 /home/pranjal/Pranjal/vscode/Files/core/vendor/laravel/framework/src/Illuminate/Pipeline/Pipeline.php(209): App\\Http\\Middleware\\ActiveTemplateMiddleware->handle()
#23 /home/pranjal/Pranjal/vscode/Files/core/app/Http/Middleware/LanguageMiddleware.php(22): Illuminate\\Pipeline\\Pipeline->{closure:{closure:Illuminate\\Pipeline\\Pipeline::carry():184}:185}()
#24 /home/pranjal/Pranjal/vscode/Files/core/vendor/laravel/framework/src/Illuminate/Pipeline/Pipeline.php(209): App\\Http\\Middleware\\LanguageMiddleware->handle()
#25 /home/pranjal/Pranjal/vscode/Files/core/vendor/laravel/framework/src/Illuminate/Routing/Middleware/SubstituteBindings.php(51): Illuminate\\Pipeline\\Pipeline->{closure:{closure:Illuminate\\Pipeline\\Pipeline::carry():184}:185}()
#26 /home/pranjal/Pranjal/vscode/Files/core/vendor/laravel/framework/src/Illuminate/Pipeline/Pipeline.php(209): Illuminate\\Routing\\Middleware\\SubstituteBindings->handle()
#27 /home/pranjal/Pranjal/vscode/Files/core/vendor/laravel/framework/src/Illuminate/Foundation/Http/Middleware/VerifyCsrfToken.php(88): Illuminate\\Pipeline\\Pipeline->{closure:{closure:Illuminate\\Pipeline\\Pipeline::carry():184}:185}()
#28 /home/pranjal/Pranjal/vscode/Files/core/vendor/laravel/framework/src/Illuminate/Pipeline/Pipeline.php(209): Illuminate\\Foundation\\Http\\Middleware\\VerifyCsrfToken->handle()
#29 /home/pranjal/Pranjal/vscode/Files/core/vendor/laravel/framework/src/Illuminate/View/Middleware/ShareErrorsFromSession.php(49): Illuminate\\Pipeline\\Pipeline->{closure:{closure:Illuminate\\Pipeline\\Pipeline::carry():184}:185}()
#30 /home/pranjal/Pranjal/vscode/Files/core/vendor/laravel/framework/src/Illuminate/Pipeline/Pipeline.php(209): Illuminate\\View\\Middleware\\ShareErrorsFromSession->handle()
#31 /home/pranjal/Pranjal/vscode/Files/core/vendor/laravel/framework/src/Illuminate/Session/Middleware/StartSession.php(121): Illuminate\\Pipeline\\Pipeline->{closure:{closure:Illuminate\\Pipeline\\Pipeline::carry():184}:185}()
#32 /home/pranjal/Pranjal/vscode/Files/core/vendor/laravel/framework/src/Illuminate/Session/Middleware/StartSession.php(64): Illuminate\\Session\\Middleware\\StartSession->handleStatefulRequest()
#33 /home/pranjal/Pranjal/vscode/Files/core/vendor/laravel/framework/src/Illuminate/Pipeline/Pipeline.php(209): Illuminate\\Session\\Middleware\\StartSession->handle()
#34 /home/pranjal/Pranjal/vscode/Files/core/vendor/laravel/framework/src/Illuminate/Cookie/Middleware/AddQueuedCookiesToResponse.php(37): Illuminate\\Pipeline\\Pipeline->{closure:{closure:Illuminate\\Pipeline\\Pipeline::carry():184}:185}()
#35 /home/pranjal/Pranjal/vscode/Files/core/vendor/laravel/framework/src/Illuminate/Pipeline/Pipeline.php(209): Illuminate\\Cookie\\Middleware\\AddQueuedCookiesToResponse->handle()
#36 /home/pranjal/Pranjal/vscode/Files/core/vendor/laramin/utility/src/Utility.php(15): Illuminate\\Pipeline\\Pipeline->{closure:{closure:Illuminate\\Pipeline\\Pipeline::carry():184}:185}()
#37 /home/pranjal/Pranjal/vscode/Files/core/vendor/laravel/framework/src/Illuminate/Pipeline/Pipeline.php(209): Laramin\\Utility\\Utility->handle()
#38 /home/pranjal/Pranjal/vscode/Files/core/vendor/laravel/framework/src/Illuminate/Pipeline/Pipeline.php(127): Illuminate\\Pipeline\\Pipeline->{closure:{closure:Illuminate\\Pipeline\\Pipeline::carry():184}:185}()
#39 /home/pranjal/Pranjal/vscode/Files/core/vendor/laravel/framework/src/Illuminate/Routing/Router.php(807): Illuminate\\Pipeline\\Pipeline->then()
#40 /home/pranjal/Pranjal/vscode/Files/core/vendor/laravel/framework/src/Illuminate/Routing/Router.php(786): Illuminate\\Routing\\Router->runRouteWithinStack()
#41 /home/pranjal/Pranjal/vscode/Files/core/vendor/laravel/framework/src/Illuminate/Routing/Router.php(750): Illuminate\\Routing\\Router->runRoute()
#42 /home/pranjal/Pranjal/vscode/Files/core/vendor/laravel/framework/src/Illuminate/Routing/Router.php(739): Illuminate\\Routing\\Router->dispatchToRoute()
#43 /home/pranjal/Pranjal/vscode/Files/core/vendor/laravel/framework/src/Illuminate/Foundation/Http/Kernel.php(201): Illuminate\\Routing\\Router->dispatch()
#44 /home/pranjal/Pranjal/vscode/Files/core/vendor/laravel/framework/src/Illuminate/Pipeline/Pipeline.php(170): Illuminate\\Foundation\\Http\\Kernel->{closure:Illuminate\\Foundation\\Http\\Kernel::dispatchToRouter():198}()
#45 /home/pranjal/Pranjal/vscode/Files/core/vendor/laravel/framework/src/Illuminate/Foundation/Http/Middleware/TransformsRequest.php(21): Illuminate\\Pipeline\\Pipeline->{closure:Illuminate\\Pipeline\\Pipeline::prepareDestination():168}()
#46 /home/pranjal/Pranjal/vscode/Files/core/vendor/laravel/framework/src/Illuminate/Foundation/Http/Middleware/ConvertEmptyStringsToNull.php(31): Illuminate\\Foundation\\Http\\Middleware\\TransformsRequest->handle()
#47 /home/pranjal/Pranjal/vscode/Files/core/vendor/laravel/framework/src/Illuminate/Pipeline/Pipeline.php(209): Illuminate\\Foundation\\Http\\Middleware\\ConvertEmptyStringsToNull->handle()
#48 /home/pranjal/Pranjal/vscode/Files/core/vendor/laravel/framework/src/Illuminate/Foundation/Http/Middleware/TransformsRequest.php(21): Illuminate\\Pipeline\\Pipeline->{closure:{closure:Illuminate\\Pipeline\\Pipeline::carry():184}:185}()
#49 /home/pranjal/Pranjal/vscode/Files/core/vendor/laravel/framework/src/Illuminate/Foundation/Http/Middleware/TrimStrings.php(51): Illuminate\\Foundation\\Http\\Middleware\\TransformsRequest->handle()
#50 /home/pranjal/Pranjal/vscode/Files/core/vendor/laravel/framework/src/Illuminate/Pipeline/Pipeline.php(209): Illuminate\\Foundation\\Http\\Middleware\\TrimStrings->handle()
#51 /home/pranjal/Pranjal/vscode/Files/core/vendor/laravel/framework/src/Illuminate/Http/Middleware/ValidatePostSize.php(27): Illuminate\\Pipeline\\Pipeline->{closure:{closure:Illuminate\\Pipeline\\Pipeline::carry():184}:185}()
#52 /home/pranjal/Pranjal/vscode/Files/core/vendor/laravel/framework/src/Illuminate/Pipeline/Pipeline.php(209): Illuminate\\Http\\Middleware\\ValidatePostSize->handle()
#53 /home/pranjal/Pranjal/vscode/Files/core/vendor/laravel/framework/src/Illuminate/Foundation/Http/Middleware/PreventRequestsDuringMaintenance.php(110): Illuminate\\Pipeline\\Pipeline->{closure:{closure:Illuminate\\Pipeline\\Pipeline::carry():184}:185}()
#54 /home/pranjal/Pranjal/vscode/Files/core/vendor/laravel/framework/src/Illuminate/Pipeline/Pipeline.php(209): Illuminate\\Foundation\\Http\\Middleware\\PreventRequestsDuringMaintenance->handle()
#55 /home/pranjal/Pranjal/vscode/Files/core/vendor/laravel/framework/src/Illuminate/Http/Middleware/HandleCors.php(49): Illuminate\\Pipeline\\Pipeline->{closure:{closure:Illuminate\\Pipeline\\Pipeline::carry():184}:185}()
#56 /home/pranjal/Pranjal/vscode/Files/core/vendor/laravel/framework/src/Illuminate/Pipeline/Pipeline.php(209): Illuminate\\Http\\Middleware\\HandleCors->handle()
#57 /home/pranjal/Pranjal/vscode/Files/core/vendor/laravel/framework/src/Illuminate/Http/Middleware/TrustProxies.php(58): Illuminate\\Pipeline\\Pipeline->{closure:{closure:Illuminate\\Pipeline\\Pipeline::carry():184}:185}()
#58 /home/pranjal/Pranjal/vscode/Files/core/vendor/laravel/framework/src/Illuminate/Pipeline/Pipeline.php(209): Illuminate\\Http\\Middleware\\TrustProxies->handle()
#59 /home/pranjal/Pranjal/vscode/Files/core/vendor/laravel/framework/src/Illuminate/Foundation/Http/Middleware/InvokeDeferredCallbacks.php(22): Illuminate\\Pipeline\\Pipeline->{closure:{closure:Illuminate\\Pipeline\\Pipeline::carry():184}:185}()
#60 /home/pranjal/Pranjal/vscode/Files/core/vendor/laravel/framework/src/Illuminate/Pipeline/Pipeline.php(209): Illuminate\\Foundation\\Http\\Middleware\\InvokeDeferredCallbacks->handle()
#61 /home/pranjal/Pranjal/vscode/Files/core/vendor/laramin/utility/src/Utility.php(15): Illuminate\\Pipeline\\Pipeline->{closure:{closure:Illuminate\\Pipeline\\Pipeline::carry():184}:185}()
#62 /home/pranjal/Pranjal/vscode/Files/core/vendor/laravel/framework/src/Illuminate/Pipeline/Pipeline.php(209): Laramin\\Utility\\Utility->handle()
#63 /home/pranjal/Pranjal/vscode/Files/core/vendor/laravel/framework/src/Illuminate/Pipeline/Pipeline.php(127): Illuminate\\Pipeline\\Pipeline->{closure:{closure:Illuminate\\Pipeline\\Pipeline::carry():184}:185}()
#64 /home/pranjal/Pranjal/vscode/Files/core/vendor/laravel/framework/src/Illuminate/Foundation/Http/Kernel.php(176): Illuminate\\Pipeline\\Pipeline->then()
#65 /home/pranjal/Pranjal/vscode/Files/core/vendor/laravel/framework/src/Illuminate/Foundation/Http/Kernel.php(145): Illuminate\\Foundation\\Http\\Kernel->sendRequestThroughRouter()
#66 /home/pranjal/Pranjal/vscode/Files/core/vendor/laravel/framework/src/Illuminate/Foundation/Application.php(1220): Illuminate\\Foundation\\Http\\Kernel->handle()
#67 /home/pranjal/Pranjal/vscode/Files/index.php(17): Illuminate\\Foundation\\Application->handleRequest()
#68 {main}

[previous exception] [object] (ErrorException(code: 0): Undefined array key \"version\" at /home/pranjal/Pranjal/vscode/Files/core/app/Providers/AppServiceProvider.php:60)
[stacktrace]
#0 /home/pranjal/Pranjal/vscode/Files/core/vendor/laravel/framework/src/Illuminate/Foundation/Bootstrap/HandleExceptions.php(258): Illuminate\\Foundation\\Bootstrap\\HandleExceptions->handleError()
#1 /home/pranjal/Pranjal/vscode/Files/core/app/Providers/AppServiceProvider.php(60): Illuminate\\Foundation\\Bootstrap\\HandleExceptions->{closure:Illuminate\\Foundation\\Bootstrap\\HandleExceptions::forwardsTo():257}()
#2 /home/pranjal/Pranjal/vscode/Files/core/vendor/laravel/framework/src/Illuminate/Events/Dispatcher.php(459): App\\Providers\\AppServiceProvider->{closure:App\\Providers\\AppServiceProvider::boot():51}()
#3 /home/pranjal/Pranjal/vscode/Files/core/vendor/laravel/framework/src/Illuminate/Events/Dispatcher.php(287): Illuminate\\Events\\Dispatcher->{closure:Illuminate\\Events\\Dispatcher::makeListener():454}()
#4 /home/pranjal/Pranjal/vscode/Files/core/vendor/laravel/framework/src/Illuminate/Events/Dispatcher.php(267): Illuminate\\Events\\Dispatcher->invokeListeners()
#5 /home/pranjal/Pranjal/vscode/Files/core/vendor/laravel/framework/src/Illuminate/View/Concerns/ManagesEvents.php(178): Illuminate\\Events\\Dispatcher->dispatch()
#6 /home/pranjal/Pranjal/vscode/Files/core/vendor/laravel/framework/src/Illuminate/View/View.php(190): Illuminate\\View\\Factory->callComposer()
#7 /home/pranjal/Pranjal/vscode/Files/core/vendor/laravel/framework/src/Illuminate/View/View.php(161): Illuminate\\View\\View->renderContents()
#8 /home/pranjal/Pranjal/vscode/Files/core/storage/framework/views/bd994467445c0c077eb81ef6ab510c57.php(7): Illuminate\\View\\View->render()
#9 /home/pranjal/Pranjal/vscode/Files/core/vendor/laravel/framework/src/Illuminate/Filesystem/Filesystem.php(123): require('...')
#10 /home/pranjal/Pranjal/vscode/Files/core/vendor/laravel/framework/src/Illuminate/Filesystem/Filesystem.php(124): Illuminate\\Filesystem\\Filesystem::{closure:Illuminate\\Filesystem\\Filesystem::getRequire():120}()
#11 /home/pranjal/Pranjal/vscode/Files/core/vendor/laravel/framework/src/Illuminate/View/Engines/PhpEngine.php(58): Illuminate\\Filesystem\\Filesystem->getRequire()
#12 /home/pranjal/Pranjal/vscode/Files/core/vendor/laravel/framework/src/Illuminate/View/Engines/CompilerEngine.php(75): Illuminate\\View\\Engines\\PhpEngine->evaluatePath()
#13 /home/pranjal/Pranjal/vscode/Files/core/vendor/laravel/framework/src/Illuminate/View/View.php(209): Illuminate\\View\\Engines\\CompilerEngine->get()
#14 /home/pranjal/Pranjal/vscode/Files/core/vendor/laravel/framework/src/Illuminate/View/View.php(192): Illuminate\\View\\View->getContents()
#15 /home/pranjal/Pranjal/vscode/Files/core/vendor/laravel/framework/src/Illuminate/View/View.php(161): Illuminate\\View\\View->renderContents()
#16 /home/pranjal/Pranjal/vscode/Files/core/storage/framework/views/352e4f31816487ef220ed296bddaef8a.php(341): Illuminate\\View\\View->render()
#17 /home/pranjal/Pranjal/vscode/Files/core/vendor/laravel/framework/src/Illuminate/Filesystem/Filesystem.php(123): require('...')
#18 /home/pranjal/Pranjal/vscode/Files/core/vendor/laravel/framework/src/Illuminate/Filesystem/Filesystem.php(124): Illuminate\\Filesystem\\Filesystem::{closure:Illuminate\\Filesystem\\Filesystem::getRequire():120}()
#19 /home/pranjal/Pranjal/vscode/Files/core/vendor/laravel/framework/src/Illuminate/View/Engines/PhpEngine.php(58): Illuminate\\Filesystem\\Filesystem->getRequire()
#20 /home/pranjal/Pranjal/vscode/Files/core/vendor/laravel/framework/src/Illuminate/View/Engines/CompilerEngine.php(75): Illuminate\\View\\Engines\\PhpEngine->evaluatePath()
#21 /home/pranjal/Pranjal/vscode/Files/core/vendor/laravel/framework/src/Illuminate/View/View.php(209): Illuminate\\View\\Engines\\CompilerEngine->get()
#22 /home/pranjal/Pranjal/vscode/Files/core/vendor/laravel/framework/src/Illuminate/View/View.php(192): Illuminate\\View\\View->getContents()
#23 /home/pranjal/Pranjal/vscode/Files/core/vendor/laravel/framework/src/Illuminate/View/View.php(161): Illuminate\\View\\View->renderContents()
#24 /home/pranjal/Pranjal/vscode/Files/core/vendor/laravel/framework/src/Illuminate/Http/Response.php(79): Illuminate\\View\\View->render()
#25 /home/pranjal/Pranjal/vscode/Files/core/vendor/laravel/framework/src/Illuminate/Http/Response.php(35): Illuminate\\Http\\Response->setContent()
#26 /home/pranjal/Pranjal/vscode/Files/core/vendor/laravel/framework/src/Illuminate/Routing/Router.php(920): Illuminate\\Http\\Response->__construct()
#27 /home/pranjal/Pranjal/vscode/Files/core/vendor/laravel/framework/src/Illuminate/Routing/Router.php(887): Illuminate\\Routing\\Router::toResponse()
#28 /home/pranjal/Pranjal/vscode/Files/core/vendor/laravel/framework/src/Illuminate/Routing/Router.php(807): Illuminate\\Routing\\Router->prepareResponse()
#29 /home/pranjal/Pranjal/vscode/Files/core/vendor/laravel/framework/src/Illuminate/Pipeline/Pipeline.php(170): Illuminate\\Routing\\Router->{closure:Illuminate\\Routing\\Router::runRouteWithinStack():807}()
#30 /home/pranjal/Pranjal/vscode/Files/core/app/Http/Middleware/RedirectIfNotAdmin.php(22): Illuminate\\Pipeline\\Pipeline->{closure:Illuminate\\Pipeline\\Pipeline::prepareDestination():168}()
#31 /home/pranjal/Pranjal/vscode/Files/core/vendor/laravel/framework/src/Illuminate/Pipeline/Pipeline.php(209): App\\Http\\Middleware\\RedirectIfNotAdmin->handle()
#32 /home/pranjal/Pranjal/vscode/Files/core/app/Http/Middleware/ActiveTemplateMiddleware.php(31): Illuminate\\Pipeline\\Pipeline->{closure:{closure:Illuminate\\Pipeline\\Pipeline::carry():184}:185}()
#33 /home/pranjal/Pranjal/vscode/Files/core/vendor/laravel/framework/src/Illuminate/Pipeline/Pipeline.php(209): App\\Http\\Middleware\\ActiveTemplateMiddleware->handle()
#34 /home/pranjal/Pranjal/vscode/Files/core/app/Http/Middleware/LanguageMiddleware.php(22): Illuminate\\Pipeline\\Pipeline->{closure:{closure:Illuminate\\Pipeline\\Pipeline::carry():184}:185}()
#35 /home/pranjal/Pranjal/vscode/Files/core/vendor/laravel/framework/src/Illuminate/Pipeline/Pipeline.php(209): App\\Http\\Middleware\\LanguageMiddleware->handle()
#36 /home/pranjal/Pranjal/vscode/Files/core/vendor/laravel/framework/src/Illuminate/Routing/Middleware/SubstituteBindings.php(51): Illuminate\\Pipeline\\Pipeline->{closure:{closure:Illuminate\\Pipeline\\Pipeline::carry():184}:185}()
#37 /home/pranjal/Pranjal/vscode/Files/core/vendor/laravel/framework/src/Illuminate/Pipeline/Pipeline.php(209): Illuminate\\Routing\\Middleware\\SubstituteBindings->handle()
#38 /home/pranjal/Pranjal/vscode/Files/core/vendor/laravel/framework/src/Illuminate/Foundation/Http/Middleware/VerifyCsrfToken.php(88): Illuminate\\Pipeline\\Pipeline->{closure:{closure:Illuminate\\Pipeline\\Pipeline::carry():184}:185}()
#39 /home/pranjal/Pranjal/vscode/Files/core/vendor/laravel/framework/src/Illuminate/Pipeline/Pipeline.php(209): Illuminate\\Foundation\\Http\\Middleware\\VerifyCsrfToken->handle()
#40 /home/pranjal/Pranjal/vscode/Files/core/vendor/laravel/framework/src/Illuminate/View/Middleware/ShareErrorsFromSession.php(49): Illuminate\\Pipeline\\Pipeline->{closure:{closure:Illuminate\\Pipeline\\Pipeline::carry():184}:185}()
#41 /home/pranjal/Pranjal/vscode/Files/core/vendor/laravel/framework/src/Illuminate/Pipeline/Pipeline.php(209): Illuminate\\View\\Middleware\\ShareErrorsFromSession->handle()
#42 /home/pranjal/Pranjal/vscode/Files/core/vendor/laravel/framework/src/Illuminate/Session/Middleware/StartSession.php(121): Illuminate\\Pipeline\\Pipeline->{closure:{closure:Illuminate\\Pipeline\\Pipeline::carry():184}:185}()
#43 /home/pranjal/Pranjal/vscode/Files/core/vendor/laravel/framework/src/Illuminate/Session/Middleware/StartSession.php(64): Illuminate\\Session\\Middleware\\StartSession->handleStatefulRequest()
#44 /home/pranjal/Pranjal/vscode/Files/core/vendor/laravel/framework/src/Illuminate/Pipeline/Pipeline.php(209): Illuminate\\Session\\Middleware\\StartSession->handle()
#45 /home/pranjal/Pranjal/vscode/Files/core/vendor/laravel/framework/src/Illuminate/Cookie/Middleware/AddQueuedCookiesToResponse.php(37): Illuminate\\Pipeline\\Pipeline->{closure:{closure:Illuminate\\Pipeline\\Pipeline::carry():184}:185}()
#46 /home/pranjal/Pranjal/vscode/Files/core/vendor/laravel/framework/src/Illuminate/Pipeline/Pipeline.php(209): Illuminate\\Cookie\\Middleware\\AddQueuedCookiesToResponse->handle()
#47 /home/pranjal/Pranjal/vscode/Files/core/vendor/laramin/utility/src/Utility.php(15): Illuminate\\Pipeline\\Pipeline->{closure:{closure:Illuminate\\Pipeline\\Pipeline::carry():184}:185}()
#48 /home/pranjal/Pranjal/vscode/Files/core/vendor/laravel/framework/src/Illuminate/Pipeline/Pipeline.php(209): Laramin\\Utility\\Utility->handle()
#49 /home/pranjal/Pranjal/vscode/Files/core/vendor/laravel/framework/src/Illuminate/Pipeline/Pipeline.php(127): Illuminate\\Pipeline\\Pipeline->{closure:{closure:Illuminate\\Pipeline\\Pipeline::carry():184}:185}()
#50 /home/pranjal/Pranjal/vscode/Files/core/vendor/laravel/framework/src/Illuminate/Routing/Router.php(807): Illuminate\\Pipeline\\Pipeline->then()
#51 /home/pranjal/Pranjal/vscode/Files/core/vendor/laravel/framework/src/Illuminate/Routing/Router.php(786): Illuminate\\Routing\\Router->runRouteWithinStack()
#52 /home/pranjal/Pranjal/vscode/Files/core/vendor/laravel/framework/src/Illuminate/Routing/Router.php(750): Illuminate\\Routing\\Router->runRoute()
#53 /home/pranjal/Pranjal/vscode/Files/core/vendor/laravel/framework/src/Illuminate/Routing/Router.php(739): Illuminate\\Routing\\Router->dispatchToRoute()
#54 /home/pranjal/Pranjal/vscode/Files/core/vendor/laravel/framework/src/Illuminate/Foundation/Http/Kernel.php(201): Illuminate\\Routing\\Router->dispatch()
#55 /home/pranjal/Pranjal/vscode/Files/core/vendor/laravel/framework/src/Illuminate/Pipeline/Pipeline.php(170): Illuminate\\Foundation\\Http\\Kernel->{closure:Illuminate\\Foundation\\Http\\Kernel::dispatchToRouter():198}()
#56 /home/pranjal/Pranjal/vscode/Files/core/vendor/laravel/framework/src/Illuminate/Foundation/Http/Middleware/TransformsRequest.php(21): Illuminate\\Pipeline\\Pipeline->{closure:Illuminate\\Pipeline\\Pipeline::prepareDestination():168}()
#57 /home/pranjal/Pranjal/vscode/Files/core/vendor/laravel/framework/src/Illuminate/Foundation/Http/Middleware/ConvertEmptyStringsToNull.php(31): Illuminate\\Foundation\\Http\\Middleware\\TransformsRequest->handle()
#58 /home/pranjal/Pranjal/vscode/Files/core/vendor/laravel/framework/src/Illuminate/Pipeline/Pipeline.php(209): Illuminate\\Foundation\\Http\\Middleware\\ConvertEmptyStringsToNull->handle()
#59 /home/pranjal/Pranjal/vscode/Files/core/vendor/laravel/framework/src/Illuminate/Foundation/Http/Middleware/TransformsRequest.php(21): Illuminate\\Pipeline\\Pipeline->{closure:{closure:Illuminate\\Pipeline\\Pipeline::carry():184}:185}()
#60 /home/pranjal/Pranjal/vscode/Files/core/vendor/laravel/framework/src/Illuminate/Foundation/Http/Middleware/TrimStrings.php(51): Illuminate\\Foundation\\Http\\Middleware\\TransformsRequest->handle()
#61 /home/pranjal/Pranjal/vscode/Files/core/vendor/laravel/framework/src/Illuminate/Pipeline/Pipeline.php(209): Illuminate\\Foundation\\Http\\Middleware\\TrimStrings->handle()
#62 /home/pranjal/Pranjal/vscode/Files/core/vendor/laravel/framework/src/Illuminate/Http/Middleware/ValidatePostSize.php(27): Illuminate\\Pipeline\\Pipeline->{closure:{closure:Illuminate\\Pipeline\\Pipeline::carry():184}:185}()
#63 /home/pranjal/Pranjal/vscode/Files/core/vendor/laravel/framework/src/Illuminate/Pipeline/Pipeline.php(209): Illuminate\\Http\\Middleware\\ValidatePostSize->handle()
#64 /home/pranjal/Pranjal/vscode/Files/core/vendor/laravel/framework/src/Illuminate/Foundation/Http/Middleware/PreventRequestsDuringMaintenance.php(110): Illuminate\\Pipeline\\Pipeline->{closure:{closure:Illuminate\\Pipeline\\Pipeline::carry():184}:185}()
#65 /home/pranjal/Pranjal/vscode/Files/core/vendor/laravel/framework/src/Illuminate/Pipeline/Pipeline.php(209): Illuminate\\Foundation\\Http\\Middleware\\PreventRequestsDuringMaintenance->handle()
#66 /home/pranjal/Pranjal/vscode/Files/core/vendor/laravel/framework/src/Illuminate/Http/Middleware/HandleCors.php(49): Illuminate\\Pipeline\\Pipeline->{closure:{closure:Illuminate\\Pipeline\\Pipeline::carry():184}:185}()
#67 /home/pranjal/Pranjal/vscode/Files/core/vendor/laravel/framework/src/Illuminate/Pipeline/Pipeline.php(209): Illuminate\\Http\\Middleware\\HandleCors->handle()
#68 /home/pranjal/Pranjal/vscode/Files/core/vendor/laravel/framework/src/Illuminate/Http/Middleware/TrustProxies.php(58): Illuminate\\Pipeline\\Pipeline->{closure:{closure:Illuminate\\Pipeline\\Pipeline::carry():184}:185}()
#69 /home/pranjal/Pranjal/vscode/Files/core/vendor/laravel/framework/src/Illuminate/Pipeline/Pipeline.php(209): Illuminate\\Http\\Middleware\\TrustProxies->handle()
#70 /home/pranjal/Pranjal/vscode/Files/core/vendor/laravel/framework/src/Illuminate/Foundation/Http/Middleware/InvokeDeferredCallbacks.php(22): Illuminate\\Pipeline\\Pipeline->{closure:{closure:Illuminate\\Pipeline\\Pipeline::carry():184}:185}()
#71 /home/pranjal/Pranjal/vscode/Files/core/vendor/laravel/framework/src/Illuminate/Pipeline/Pipeline.php(209): Illuminate\\Foundation\\Http\\Middleware\\InvokeDeferredCallbacks->handle()
#72 /home/pranjal/Pranjal/vscode/Files/core/vendor/laramin/utility/src/Utility.php(15): Illuminate\\Pipeline\\Pipeline->{closure:{closure:Illuminate\\Pipeline\\Pipeline::carry():184}:185}()
#73 /home/pranjal/Pranjal/vscode/Files/core/vendor/laravel/framework/src/Illuminate/Pipeline/Pipeline.php(209): Laramin\\Utility\\Utility->handle()
#74 /home/pranjal/Pranjal/vscode/Files/core/vendor/laravel/framework/src/Illuminate/Pipeline/Pipeline.php(127): Illuminate\\Pipeline\\Pipeline->{closure:{closure:Illuminate\\Pipeline\\Pipeline::carry():184}:185}()
#75 /home/pranjal/Pranjal/vscode/Files/core/vendor/laravel/framework/src/Illuminate/Foundation/Http/Kernel.php(176): Illuminate\\Pipeline\\Pipeline->then()
#76 /home/pranjal/Pranjal/vscode/Files/core/vendor/laravel/framework/src/Illuminate/Foundation/Http/Kernel.php(145): Illuminate\\Foundation\\Http\\Kernel->sendRequestThroughRouter()
#77 /home/pranjal/Pranjal/vscode/Files/core/vendor/laravel/framework/src/Illuminate/Foundation/Application.php(1220): Illuminate\\Foundation\\Http\\Kernel->handle()
#78 /home/pranjal/Pranjal/vscode/Files/index.php(17): Illuminate\\Foundation\\Application->handleRequest()
#79 {main}
"} 
[2026-07-26 16:35:29] production.ERROR: Undefined array key "version" (View: /home/pranjal/Pranjal/vscode/Files/core/resources/views/admin/layouts/app.blade.php) (View: /home/pranjal/Pranjal/vscode/Files/core/resources/views/admin/layouts/app.blade.php) {"exception":"[object] (Illuminate\\View\\ViewException(code: 0): Undefined array key \"version\" (View: /home/pranjal/Pranjal/vscode/Files/core/resources/views/admin/layouts/app.blade.php) (View: /home/pranjal/Pranjal/vscode/Files/core/resources/views/admin/layouts/app.blade.php) at /home/pranjal/Pranjal/vscode/Files/core/app/Providers/AppServiceProvider.php:60)
[stacktrace]
#0 /home/pranjal/Pranjal/vscode/Files/core/vendor/laravel/framework/src/Illuminate/View/Engines/PhpEngine.php(60): Illuminate\\View\\Engines\\CompilerEngine->handleViewException()
#1 /home/pranjal/Pranjal/vscode/Files/core/vendor/laravel/framework/src/Illuminate/View/Engines/CompilerEngine.php(75): Illuminate\\View\\Engines\\PhpEngine->evaluatePath()
#2 /home/pranjal/Pranjal/vscode/Files/core/vendor/laravel/framework/src/Illuminate/View/View.php(209): Illuminate\\View\\Engines\\CompilerEngine->get()
#3 /home/pranjal/Pranjal/vscode/Files/core/vendor/laravel/framework/src/Illuminate/View/View.php(192): Illuminate\\View\\View->getContents()
#4 /home/pranjal/Pranjal/vscode/Files/core/vendor/laravel/framework/src/Illuminate/View/View.php(161): Illuminate\\View\\View->renderContents()
#5 /home/pranjal/Pranjal/vscode/Files/core/vendor/laravel/framework/src/Illuminate/Http/Response.php(79): Illuminate\\View\\View->render()
#6 /home/pranjal/Pranjal/vscode/Files/core/vendor/laravel/framework/src/Illuminate/Http/Response.php(35): Illuminate\\Http\\Response->setContent()
#7 /home/pranjal/Pranjal/vscode/Files/core/vendor/laravel/framework/src/Illuminate/Routing/Router.php(920): Illuminate\\Http\\Response->__construct()
#8 /home/pranjal/Pranjal/vscode/Files/core/vendor/laravel/framework/src/Illuminate/Routing/Router.php(887): Illuminate\\Routing\\Router::toResponse()
#9 /home/pranjal/Pranjal/vscode/Files/core/vendor/laravel/framework/src/Illuminate/Routing/Router.php(807): Illuminate\\Routing\\Router->prepareResponse()
#10 /home/pranjal/Pranjal/vscode/Files/core/vendor/laravel/framework/src/Illuminate/Pipeline/Pipeline.php(170): Illuminate\\Routing\\Router->{closure:Illuminate\\Routing\\Router::runRouteWithinStack():807}()
#11 /home/pranjal/Pranjal/vscode/Files/core/app/Http/Middleware/RedirectIfNotAdmin.php(22): Illuminate\\Pipeline\\Pipeline->{closure:Illuminate\\Pipeline\\Pipeline::prepareDestination():168}()
#12 /home/pranjal/Pranjal/vscode/Files/core/vendor/laravel/framework/src/Illuminate/Pipeline/Pipeline.php(209): App\\Http\\Middleware\\RedirectIfNotAdmin->handle()
#13 /home/pranjal/Pranjal/vscode/Files/core/app/Http/Middleware/ActiveTemplateMiddleware.php(31): Illuminate\\Pipeline\\Pipeline->{closure:{closure:Illuminate\\Pipeline\\Pipeline::carry():184}:185}()
#14 /home/pranjal/Pranjal/vscode/Files/core/vendor/laravel/framework/src/Illuminate/Pipeline/Pipeline.php(209): App\\Http\\Middleware\\ActiveTemplateMiddleware->handle()
#15 /home/pranjal/Pranjal/vscode/Files/core/app/Http/Middleware/LanguageMiddleware.php(22): Illuminate\\Pipeline\\Pipeline->{closure:{closure:Illuminate\\Pipeline\\Pipeline::carry():184}:185}()
#16 /home/pranjal/Pranjal/vscode/Files/core/vendor/laravel/framework/src/Illuminate/Pipeline/Pipeline.php(209): App\\Http\\Middleware\\LanguageMiddleware->handle()
#17 /home/pranjal/Pranjal/vscode/Files/core/vendor/laravel/framework/src/Illuminate/Routing/Middleware/SubstituteBindings.php(51): Illuminate\\Pipeline\\Pipeline->{closure:{closure:Illuminate\\Pipeline\\Pipeline::carry():184}:185}()
#18 /home/pranjal/Pranjal/vscode/Files/core/vendor/laravel/framework/src/Illuminate/Pipeline/Pipeline.php(209): Illuminate\\Routing\\Middleware\\SubstituteBindings->handle()
#19 /home/pranjal/Pranjal/vscode/Files/core/vendor/laravel/framework/src/Illuminate/Foundation/Http/Middleware/VerifyCsrfToken.php(88): Illuminate\\Pipeline\\Pipeline->{closure:{closure:Illuminate\\Pipeline\\Pipeline::carry():184}:185}()
#20 /home/pranjal/Pranjal/vscode/Files/core/vendor/laravel/framework/src/Illuminate/Pipeline/Pipeline.php(209): Illuminate\\Foundation\\Http\\Middleware\\VerifyCsrfToken->handle()
#21 /home/pranjal/Pranjal/vscode/Files/core/vendor/laravel/framework/src/Illuminate/View/Middleware/ShareErrorsFromSession.php(49): Illuminate\\Pipeline\\Pipeline->{closure:{closure:Illuminate\\Pipeline\\Pipeline::carry():184}:185}()
#22 /home/pranjal/Pranjal/vscode/Files/core/vendor/laravel/framework/src/Illuminate/Pipeline/Pipeline.php(209): Illuminate\\View\\Middleware\\ShareErrorsFromSession->handle()
#23 /home/pranjal/Pranjal/vscode/Files/core/vendor/laravel/framework/src/Illuminate/Session/Middleware/StartSession.php(121): Illuminate\\Pipeline\\Pipeline->{closure:{closure:Illuminate\\Pipeline\\Pipeline::carry():184}:185}()
#24 /home/pranjal/Pranjal/vscode/Files/core/vendor/laravel/framework/src/Illuminate/Session/Middleware/StartSession.php(64): Illuminate\\Session\\Middleware\\StartSession->handleStatefulRequest()
#25 /home/pranjal/Pranjal/vscode/Files/core/vendor/laravel/framework/src/Illuminate/Pipeline/Pipeline.php(209): Illuminate\\Session\\Middleware\\StartSession->handle()
#26 /home/pranjal/Pranjal/vscode/Files/core/vendor/laravel/framework/src/Illuminate/Cookie/Middleware/AddQueuedCookiesToResponse.php(37): Illuminate\\Pipeline\\Pipeline->{closure:{closure:Illuminate\\Pipeline\\Pipeline::carry():184}:185}()
#27 /home/pranjal/Pranjal/vscode/Files/core/vendor/laravel/framework/src/Illuminate/Pipeline/Pipeline.php(209): Illuminate\\Cookie\\Middleware\\AddQueuedCookiesToResponse->handle()
#28 /home/pranjal/Pranjal/vscode/Files/core/vendor/laramin/utility/src/Utility.php(15): Illuminate\\Pipeline\\Pipeline->{closure:{closure:Illuminate\\Pipeline\\Pipeline::carry():184}:185}()
#29 /home/pranjal/Pranjal/vscode/Files/core/vendor/laravel/framework/src/Illuminate/Pipeline/Pipeline.php(209): Laramin\\Utility\\Utility->handle()
#30 /home/pranjal/Pranjal/vscode/Files/core/vendor/laravel/framework/src/Illuminate/Pipeline/Pipeline.php(127): Illuminate\\Pipeline\\Pipeline->{closure:{closure:Illuminate\\Pipeline\\Pipeline::carry():184}:185}()
#31 /home/pranjal/Pranjal/vscode/Files/core/vendor/laravel/framework/src/Illuminate/Routing/Router.php(807): Illuminate\\Pipeline\\Pipeline->then()
#32 /home/pranjal/Pranjal/vscode/Files/core/vendor/laravel/framework/src/Illuminate/Routing/Router.php(786): Illuminate\\Routing\\Router->runRouteWithinStack()
#33 /home/pranjal/Pranjal/vscode/Files/core/vendor/laravel/framework/src/Illuminate/Routing/Router.php(750): Illuminate\\Routing\\Router->runRoute()
#34 /home/pranjal/Pranjal/vscode/Files/core/vendor/laravel/framework/src/Illuminate/Routing/Router.php(739): Illuminate\\Routing\\Router->dispatchToRoute()
#35 /home/pranjal/Pranjal/vscode/Files/core/vendor/laravel/framework/src/Illuminate/Foundation/Http/Kernel.php(201): Illuminate\\Routing\\Router->dispatch()
#36 /home/pranjal/Pranjal/vscode/Files/core/vendor/laravel/framework/src/Illuminate/Pipeline/Pipeline.php(170): Illuminate\\Foundation\\Http\\Kernel->{closure:Illuminate\\Foundation\\Http\\Kernel::dispatchToRouter():198}()
#37 /home/pranjal/Pranjal/vscode/Files/core/vendor/laravel/framework/src/Illuminate/Foundation/Http/Middleware/TransformsRequest.php(21): Illuminate\\Pipeline\\Pipeline->{closure:Illuminate\\Pipeline\\Pipeline::prepareDestination():168}()
#38 /home/pranjal/Pranjal/vscode/Files/core/vendor/laravel/framework/src/Illuminate/Foundation/Http/Middleware/ConvertEmptyStringsToNull.php(31): Illuminate\\Foundation\\Http\\Middleware\\TransformsRequest->handle()
#39 /home/pranjal/Pranjal/vscode/Files/core/vendor/laravel/framework/src/Illuminate/Pipeline/Pipeline.php(209): Illuminate\\Foundation\\Http\\Middleware\\ConvertEmptyStringsToNull->handle()
#40 /home/pranjal/Pranjal/vscode/Files/core/vendor/laravel/framework/src/Illuminate/Foundation/Http/Middleware/TransformsRequest.php(21): Illuminate\\Pipeline\\Pipeline->{closure:{closure:Illuminate\\Pipeline\\Pipeline::carry():184}:185}()
#41 /home/pranjal/Pranjal/vscode/Files/core/vendor/laravel/framework/src/Illuminate/Foundation/Http/Middleware/TrimStrings.php(51): Illuminate\\Foundation\\Http\\Middleware\\TransformsRequest->handle()
#42 /home/pranjal/Pranjal/vscode/Files/core/vendor/laravel/framework/src/Illuminate/Pipeline/Pipeline.php(209): Illuminate\\Foundation\\Http\\Middleware\\TrimStrings->handle()
#43 /home/pranjal/Pranjal/vscode/Files/core/vendor/laravel/framework/src/Illuminate/Http/Middleware/ValidatePostSize.php(27): Illuminate\\Pipeline\\Pipeline->{closure:{closure:Illuminate\\Pipeline\\Pipeline::carry():184}:185}()
#44 /home/pranjal/Pranjal/vscode/Files/core/vendor/laravel/framework/src/Illuminate/Pipeline/Pipeline.php(209): Illuminate\\Http\\Middleware\\ValidatePostSize->handle()
#45 /home/pranjal/Pranjal/vscode/Files/core/vendor/laravel/framework/src/Illuminate/Foundation/Http/Middleware/PreventRequestsDuringMaintenance.php(110): Illuminate\\Pipeline\\Pipeline->{closure:{closure:Illuminate\\Pipeline\\Pipeline::carry():184}:185}()
#46 /home/pranjal/Pranjal/vscode/Files/core/vendor/laravel/framework/src/Illuminate/Pipeline/Pipeline.php(209): Illuminate\\Foundation\\Http\\Middleware\\PreventRequestsDuringMaintenance->handle()
#47 /home/pranjal/Pranjal/vscode/Files/core/vendor/laravel/framework/src/Illuminate/Http/Middleware/HandleCors.php(49): Illuminate\\Pipeline\\Pipeline->{closure:{closure:Illuminate\\Pipeline\\Pipeline::carry():184}:185}()
#48 /home/pranjal/Pranjal/vscode/Files/core/vendor/laravel/framework/src/Illuminate/Pipeline/Pipeline.php(209): Illuminate\\Http\\Middleware\\HandleCors->handle()
#49 /home/pranjal/Pranjal/vscode/Files/core/vendor/laravel/framework/src/Illuminate/Http/Middleware/TrustProxies.php(58): Illuminate\\Pipeline\\Pipeline->{closure:{closure:Illuminate\\Pipeline\\Pipeline::carry():184}:185}()
#50 /home/pranjal/Pranjal/vscode/Files/core/vendor/laravel/framework/src/Illuminate/Pipeline/Pipeline.php(209): Illuminate\\Http\\Middleware\\TrustProxies->handle()
#51 /home/pranjal/Pranjal/vscode/Files/core/vendor/laravel/framework/src/Illuminate/Foundation/Http/Middleware/InvokeDeferredCallbacks.php(22): Illuminate\\Pipeline\\Pipeline->{closure:{closure:Illuminate\\Pipeline\\Pipeline::carry():184}:185}()
#52 /home/pranjal/Pranjal/vscode/Files/core/vendor/laravel/framework/src/Illuminate/Pipeline/Pipeline.php(209): Illuminate\\Foundation\\Http\\Middleware\\InvokeDeferredCallbacks->handle()
#53 /home/pranjal/Pranjal/vscode/Files/core/vendor/laramin/utility/src/Utility.php(15): Illuminate\\Pipeline\\Pipeline->{closure:{closure:Illuminate\\Pipeline\\Pipeline::carry():184}:185}()
#54 /home/pranjal/Pranjal/vscode/Files/core/vendor/laravel/framework/src/Illuminate/Pipeline/Pipeline.php(209): Laramin\\Utility\\Utility->handle()
#55 /home/pranjal/Pranjal/vscode/Files/core/vendor/laravel/framework/src/Illuminate/Pipeline/Pipeline.php(127): Illuminate\\Pipeline\\Pipeline->{closure:{closure:Illuminate\\Pipeline\\Pipeline::carry():184}:185}()
#56 /home/pranjal/Pranjal/vscode/Files/core/vendor/laravel/framework/src/Illuminate/Foundation/Http/Kernel.php(176): Illuminate\\Pipeline\\Pipeline->then()
#57 /home/pranjal/Pranjal/vscode/Files/core/vendor/laravel/framework/src/Illuminate/Foundation/Http/Kernel.php(145): Illuminate\\Foundation\\Http\\Kernel->sendRequestThroughRouter()
#58 /home/pranjal/Pranjal/vscode/Files/core/vendor/laravel/framework/src/Illuminate/Foundation/Application.php(1220): Illuminate\\Foundation\\Http\\Kernel->handle()
#59 /home/pranjal/Pranjal/vscode/Files/index.php(17): Illuminate\\Foundation\\Application->handleRequest()
#60 {main}

[previous exception] [object] (Illuminate\\View\\ViewException(code: 0): Undefined array key \"version\" (View: /home/pranjal/Pranjal/vscode/Files/core/resources/views/admin/layouts/app.blade.php) at /home/pranjal/Pranjal/vscode/Files/core/app/Providers/AppServiceProvider.php:60)
[stacktrace]
#0 /home/pranjal/Pranjal/vscode/Files/core/vendor/laravel/framework/src/Illuminate/View/Engines/PhpEngine.php(60): Illuminate\\View\\Engines\\CompilerEngine->handleViewException()
#1 /home/pranjal/Pranjal/vscode/Files/core/vendor/laravel/framework/src/Illuminate/View/Engines/CompilerEngine.php(75): Illuminate\\View\\Engines\\PhpEngine->evaluatePath()
#2 /home/pranjal/Pranjal/vscode/Files/core/vendor/laravel/framework/src/Illuminate/View/View.php(209): Illuminate\\View\\Engines\\CompilerEngine->get()
#3 /home/pranjal/Pranjal/vscode/Files/core/vendor/laravel/framework/src/Illuminate/View/View.php(192): Illuminate\\View\\View->getContents()
#4 /home/pranjal/Pranjal/vscode/Files/core/vendor/laravel/framework/src/Illuminate/View/View.php(161): Illuminate\\View\\View->renderContents()
#5 /home/pranjal/Pranjal/vscode/Files/core/storage/framework/views/352e4f31816487ef220ed296bddaef8a.php(341): Illuminate\\View\\View->render()
#6 /home/pranjal/Pranjal/vscode/Files/core/vendor/laravel/framework/src/Illuminate/Filesystem/Filesystem.php(123): require('...')
#7 /home/pranjal/Pranjal/vscode/Files/core/vendor/laravel/framework/src/Illuminate/Filesystem/Filesystem.php(124): Illuminate\\Filesystem\\Filesystem::{closure:Illuminate\\Filesystem\\Filesystem::getRequire():120}()
#8 /home/pranjal/Pranjal/vscode/Files/core/vendor/laravel/framework/src/Illuminate/View/Engines/PhpEngine.php(58): Illuminate\\Filesystem\\Filesystem->getRequire()
#9 /home/pranjal/Pranjal/vscode/Files/core/vendor/laravel/framework/src/Illuminate/View/Engines/CompilerEngine.php(75): Illuminate\\View\\Engines\\PhpEngine->evaluatePath()
#10 /home/pranjal/Pranjal/vscode/Files/core/vendor/laravel/framework/src/Illuminate/View/View.php(209): Illuminate\\View\\Engines\\CompilerEngine->get()
#11 /home/pranjal/Pranjal/vscode/Files/core/vendor/laravel/framework/src/Illuminate/View/View.php(192): Illuminate\\View\\View->getContents()
#12 /home/pranjal/Pranjal/vscode/Files/core/vendor/laravel/framework/src/Illuminate/View/View.php(161): Illuminate\\View\\View->renderContents()
#13 /home/pranjal/Pranjal/vscode/Files/core/vendor/laravel/framework/src/Illuminate/Http/Response.php(79): Illuminate\\View\\View->render()
#14 /home/pranjal/Pranjal/vscode/Files/core/vendor/laravel/framework/src/Illuminate/Http/Response.php(35): Illuminate\\Http\\Response->setContent()
#15 /home/pranjal/Pranjal/vscode/Files/core/vendor/laravel/framework/src/Illuminate/Routing/Router.php(920): Illuminate\\Http\\Response->__construct()
#16 /home/pranjal/Pranjal/vscode/Files/core/vendor/laravel/framework/src/Illuminate/Routing/Router.php(887): Illuminate\\Routing\\Router::toResponse()
#17 /home/pranjal/Pranjal/vscode/Files/core/vendor/laravel/framework/src/Illuminate/Routing/Router.php(807): Illuminate\\Routing\\Router->prepareResponse()
#18 /home/pranjal/Pranjal/vscode/Files/core/vendor/laravel/framework/src/Illuminate/Pipeline/Pipeline.php(170): Illuminate\\Routing\\Router->{closure:Illuminate\\Routing\\Router::runRouteWithinStack():807}()
#19 /home/pranjal/Pranjal/vscode/Files/core/app/Http/Middleware/RedirectIfNotAdmin.php(22): Illuminate\\Pipeline\\Pipeline->{closure:Illuminate\\Pipeline\\Pipeline::prepareDestination():168}()
#20 /home/pranjal/Pranjal/vscode/Files/core/vendor/laravel/framework/src/Illuminate/Pipeline/Pipeline.php(209): App\\Http\\Middleware\\RedirectIfNotAdmin->handle()
#21 /home/pranjal/Pranjal/vscode/Files/core/app/Http/Middleware/ActiveTemplateMiddleware.php(31): Illuminate\\Pipeline\\Pipeline->{closure:{closure:Illuminate\\Pipeline\\Pipeline::carry():184}:185}()
#22 /home/pranjal/Pranjal/vscode/Files/core/vendor/laravel/framework/src/Illuminate/Pipeline/Pipeline.php(209): App\\Http\\Middleware\\ActiveTemplateMiddleware->handle()
#23 /home/pranjal/Pranjal/vscode/Files/core/app/Http/Middleware/LanguageMiddleware.php(22): Illuminate\\Pipeline\\Pipeline->{closure:{closure:Illuminate\\Pipeline\\Pipeline::carry():184}:185}()
#24 /home/pranjal/Pranjal/vscode/Files/core/vendor/laravel/framework/src/Illuminate/Pipeline/Pipeline.php(209): App\\Http\\Middleware\\LanguageMiddleware->handle()
#25 /home/pranjal/Pranjal/vscode/Files/core/vendor/laravel/framework/src/Illuminate/Routing/Middleware/SubstituteBindings.php(51): Illuminate\\Pipeline\\Pipeline->{closure:{closure:Illuminate\\Pipeline\\Pipeline::carry():184}:185}()
#26 /home/pranjal/Pranjal/vscode/Files/core/vendor/laravel/framework/src/Illuminate/Pipeline/Pipeline.php(209): Illuminate\\Routing\\Middleware\\SubstituteBindings->handle()
#27 /home/pranjal/Pranjal/vscode/Files/core/vendor/laravel/framework/src/Illuminate/Foundation/Http/Middleware/VerifyCsrfToken.php(88): Illuminate\\Pipeline\\Pipeline->{closure:{closure:Illuminate\\Pipeline\\Pipeline::carry():184}:185}()
#28 /home/pranjal/Pranjal/vscode/Files/core/vendor/laravel/framework/src/Illuminate/Pipeline/Pipeline.php(209): Illuminate\\Foundation\\Http\\Middleware\\VerifyCsrfToken->handle()
#29 /home/pranjal/Pranjal/vscode/Files/core/vendor/laravel/framework/src/Illuminate/View/Middleware/ShareErrorsFromSession.php(49): Illuminate\\Pipeline\\Pipeline->{closure:{closure:Illuminate\\Pipeline\\Pipeline::carry():184}:185}()
#30 /home/pranjal/Pranjal/vscode/Files/core/vendor/laravel/framework/src/Illuminate/Pipeline/Pipeline.php(209): Illuminate\\View\\Middleware\\ShareErrorsFromSession->handle()
#31 /home/pranjal/Pranjal/vscode/Files/core/vendor/laravel/framework/src/Illuminate/Session/Middleware/StartSession.php(121): Illuminate\\Pipeline\\Pipeline->{closure:{closure:Illuminate\\Pipeline\\Pipeline::carry():184}:185}()
#32 /home/pranjal/Pranjal/vscode/Files/core/vendor/laravel/framework/src/Illuminate/Session/Middleware/StartSession.php(64): Illuminate\\Session\\Middleware\\StartSession->handleStatefulRequest()
#33 /home/pranjal/Pranjal/vscode/Files/core/vendor/laravel/framework/src/Illuminate/Pipeline/Pipeline.php(209): Illuminate\\Session\\Middleware\\StartSession->handle()
#34 /home/pranjal/Pranjal/vscode/Files/core/vendor/laravel/framework/src/Illuminate/Cookie/Middleware/AddQueuedCookiesToResponse.php(37): Illuminate\\Pipeline\\Pipeline->{closure:{closure:Illuminate\\Pipeline\\Pipeline::carry():184}:185}()
#35 /home/pranjal/Pranjal/vscode/Files/core/vendor/laravel/framework/src/Illuminate/Pipeline/Pipeline.php(209): Illuminate\\Cookie\\Middleware\\AddQueuedCookiesToResponse->handle()
#36 /home/pranjal/Pranjal/vscode/Files/core/vendor/laramin/utility/src/Utility.php(15): Illuminate\\Pipeline\\Pipeline->{closure:{closure:Illuminate\\Pipeline\\Pipeline::carry():184}:185}()
#37 /home/pranjal/Pranjal/vscode/Files/core/vendor/laravel/framework/src/Illuminate/Pipeline/Pipeline.php(209): Laramin\\Utility\\Utility->handle()
#38 /home/pranjal/Pranjal/vscode/Files/core/vendor/laravel/framework/src/Illuminate/Pipeline/Pipeline.php(127): Illuminate\\Pipeline\\Pipeline->{closure:{closure:Illuminate\\Pipeline\\Pipeline::carry():184}:185}()
#39 /home/pranjal/Pranjal/vscode/Files/core/vendor/laravel/framework/src/Illuminate/Routing/Router.php(807): Illuminate\\Pipeline\\Pipeline->then()
#40 /home/pranjal/Pranjal/vscode/Files/core/vendor/laravel/framework/src/Illuminate/Routing/Router.php(786): Illuminate\\Routing\\Router->runRouteWithinStack()
#41 /home/pranjal/Pranjal/vscode/Files/core/vendor/laravel/framework/src/Illuminate/Routing/Router.php(750): Illuminate\\Routing\\Router->runRoute()
#42 /home/pranjal/Pranjal/vscode/Files/core/vendor/laravel/framework/src/Illuminate/Routing/Router.php(739): Illuminate\\Routing\\Router->dispatchToRoute()
#43 /home/pranjal/Pranjal/vscode/Files/core/vendor/laravel/framework/src/Illuminate/Foundation/Http/Kernel.php(201): Illuminate\\Routing\\Router->dispatch()
#44 /home/pranjal/Pranjal/vscode/Files/core/vendor/laravel/framework/src/Illuminate/Pipeline/Pipeline.php(170): Illuminate\\Foundation\\Http\\Kernel->{closure:Illuminate\\Foundation\\Http\\Kernel::dispatchToRouter():198}()
#45 /home/pranjal/Pranjal/vscode/Files/core/vendor/laravel/framework/src/Illuminate/Foundation/Http/Middleware/TransformsRequest.php(21): Illuminate\\Pipeline\\Pipeline->{closure:Illuminate\\Pipeline\\Pipeline::prepareDestination():168}()
#46 /home/pranjal/Pranjal/vscode/Files/core/vendor/laravel/framework/src/Illuminate/Foundation/Http/Middleware/ConvertEmptyStringsToNull.php(31): Illuminate\\Foundation\\Http\\Middleware\\TransformsRequest->handle()
#47 /home/pranjal/Pranjal/vscode/Files/core/vendor/laravel/framework/src/Illuminate/Pipeline/Pipeline.php(209): Illuminate\\Foundation\\Http\\Middleware\\ConvertEmptyStringsToNull->handle()
#48 /home/pranjal/Pranjal/vscode/Files/core/vendor/laravel/framework/src/Illuminate/Foundation/Http/Middleware/TransformsRequest.php(21): Illuminate\\Pipeline\\Pipeline->{closure:{closure:Illuminate\\Pipeline\\Pipeline::carry():184}:185}()
#49 /home/pranjal/Pranjal/vscode/Files/core/vendor/laravel/framework/src/Illuminate/Foundation/Http/Middleware/TrimStrings.php(51): Illuminate\\Foundation\\Http\\Middleware\\TransformsRequest->handle()
#50 /home/pranjal/Pranjal/vscode/Files/core/vendor/laravel/framework/src/Illuminate/Pipeline/Pipeline.php(209): Illuminate\\Foundation\\Http\\Middleware\\TrimStrings->handle()
#51 /home/pranjal/Pranjal/vscode/Files/core/vendor/laravel/framework/src/Illuminate/Http/Middleware/ValidatePostSize.php(27): Illuminate\\Pipeline\\Pipeline->{closure:{closure:Illuminate\\Pipeline\\Pipeline::carry():184}:185}()
#52 /home/pranjal/Pranjal/vscode/Files/core/vendor/laravel/framework/src/Illuminate/Pipeline/Pipeline.php(209): Illuminate\\Http\\Middleware\\ValidatePostSize->handle()
#53 /home/pranjal/Pranjal/vscode/Files/core/vendor/laravel/framework/src/Illuminate/Foundation/Http/Middleware/PreventRequestsDuringMaintenance.php(110): Illuminate\\Pipeline\\Pipeline->{closure:{closure:Illuminate\\Pipeline\\Pipeline::carry():184}:185}()
#54 /home/pranjal/Pranjal/vscode/Files/core/vendor/laravel/framework/src/Illuminate/Pipeline/Pipeline.php(209): Illuminate\\Foundation\\Http\\Middleware\\PreventRequestsDuringMaintenance->handle()
#55 /home/pranjal/Pranjal/vscode/Files/core/vendor/laravel/framework/src/Illuminate/Http/Middleware/HandleCors.php(49): Illuminate\\Pipeline\\Pipeline->{closure:{closure:Illuminate\\Pipeline\\Pipeline::carry():184}:185}()
#56 /home/pranjal/Pranjal/vscode/Files/core/vendor/laravel/framework/src/Illuminate/Pipeline/Pipeline.php(209): Illuminate\\Http\\Middleware\\HandleCors->handle()
#57 /home/pranjal/Pranjal/vscode/Files/core/vendor/laravel/framework/src/Illuminate/Http/Middleware/TrustProxies.php(58): Illuminate\\Pipeline\\Pipeline->{closure:{closure:Illuminate\\Pipeline\\Pipeline::carry():184}:185}()
#58 /home/pranjal/Pranjal/vscode/Files/core/vendor/laravel/framework/src/Illuminate/Pipeline/Pipeline.php(209): Illuminate\\Http\\Middleware\\TrustProxies->handle()
#59 /home/pranjal/Pranjal/vscode/Files/core/vendor/laravel/framework/src/Illuminate/Foundation/Http/Middleware/InvokeDeferredCallbacks.php(22): Illuminate\\Pipeline\\Pipeline->{closure:{closure:Illuminate\\Pipeline\\Pipeline::carry():184}:185}()
#60 /home/pranjal/Pranjal/vscode/Files/core/vendor/laravel/framework/src/Illuminate/Pipeline/Pipeline.php(209): Illuminate\\Foundation\\Http\\Middleware\\InvokeDeferredCallbacks->handle()
#61 /home/pranjal/Pranjal/vscode/Files/core/vendor/laramin/utility/src/Utility.php(15): Illuminate\\Pipeline\\Pipeline->{closure:{closure:Illuminate\\Pipeline\\Pipeline::carry():184}:185}()
#62 /home/pranjal/Pranjal/vscode/Files/core/vendor/laravel/framework/src/Illuminate/Pipeline/Pipeline.php(209): Laramin\\Utility\\Utility->handle()
#63 /home/pranjal/Pranjal/vscode/Files/core/vendor/laravel/framework/src/Illuminate/Pipeline/Pipeline.php(127): Illuminate\\Pipeline\\Pipeline->{closure:{closure:Illuminate\\Pipeline\\Pipeline::carry():184}:185}()
#64 /home/pranjal/Pranjal/vscode/Files/core/vendor/laravel/framework/src/Illuminate/Foundation/Http/Kernel.php(176): Illuminate\\Pipeline\\Pipeline->then()
#65 /home/pranjal/Pranjal/vscode/Files/core/vendor/laravel/framework/src/Illuminate/Foundation/Http/Kernel.php(145): Illuminate\\Foundation\\Http\\Kernel->sendRequestThroughRouter()
#66 /home/pranjal/Pranjal/vscode/Files/core/vendor/laravel/framework/src/Illuminate/Foundation/Application.php(1220): Illuminate\\Foundation\\Http\\Kernel->handle()
#67 /home/pranjal/Pranjal/vscode/Files/index.php(17): Illuminate\\Foundation\\Application->handleRequest()
#68 {main}

[previous exception] [object] (ErrorException(code: 0): Undefined array key \"version\" at /home/pranjal/Pranjal/vscode/Files/core/app/Providers/AppServiceProvider.php:60)
[stacktrace]
#0 /home/pranjal/Pranjal/vscode/Files/core/vendor/laravel/framework/src/Illuminate/Foundation/Bootstrap/HandleExceptions.php(258): Illuminate\\Foundation\\Bootstrap\\HandleExceptions->handleError()
#1 /home/pranjal/Pranjal/vscode/Files/core/app/Providers/AppServiceProvider.php(60): Illuminate\\Foundation\\Bootstrap\\HandleExceptions->{closure:Illuminate\\Foundation\\Bootstrap\\HandleExceptions::forwardsTo():257}()
#2 /home/pranjal/Pranjal/vscode/Files/core/vendor/laravel/framework/src/Illuminate/Events/Dispatcher.php(459): App\\Providers\\AppServiceProvider->{closure:App\\Providers\\AppServiceProvider::boot():51}()
#3 /home/pranjal/Pranjal/vscode/Files/core/vendor/laravel/framework/src/Illuminate/Events/Dispatcher.php(287): Illuminate\\Events\\Dispatcher->{closure:Illuminate\\Events\\Dispatcher::makeListener():454}()
#4 /home/pranjal/Pranjal/vscode/Files/core/vendor/laravel/framework/src/Illuminate/Events/Dispatcher.php(267): Illuminate\\Events\\Dispatcher->invokeListeners()
#5 /home/pranjal/Pranjal/vscode/Files/core/vendor/laravel/framework/src/Illuminate/View/Concerns/ManagesEvents.php(178): Illuminate\\Events\\Dispatcher->dispatch()
#6 /home/pranjal/Pranjal/vscode/Files/core/vendor/laravel/framework/src/Illuminate/View/View.php(190): Illuminate\\View\\Factory->callComposer()
#7 /home/pranjal/Pranjal/vscode/Files/core/vendor/laravel/framework/src/Illuminate/View/View.php(161): Illuminate\\View\\View->renderContents()
#8 /home/pranjal/Pranjal/vscode/Files/core/storage/framework/views/bd994467445c0c077eb81ef6ab510c57.php(7): Illuminate\\View\\View->render()
#9 /home/pranjal/Pranjal/vscode/Files/core/vendor/laravel/framework/src/Illuminate/Filesystem/Filesystem.php(123): require('...')
#10 /home/pranjal/Pranjal/vscode/Files/core/vendor/laravel/framework/src/Illuminate/Filesystem/Filesystem.php(124): Illuminate\\Filesystem\\Filesystem::{closure:Illuminate\\Filesystem\\Filesystem::getRequire():120}()
#11 /home/pranjal/Pranjal/vscode/Files/core/vendor/laravel/framework/src/Illuminate/View/Engines/PhpEngine.php(58): Illuminate\\Filesystem\\Filesystem->getRequire()
#12 /home/pranjal/Pranjal/vscode/Files/core/vendor/laravel/framework/src/Illuminate/View/Engines/CompilerEngine.php(75): Illuminate\\View\\Engines\\PhpEngine->evaluatePath()
#13 /home/pranjal/Pranjal/vscode/Files/core/vendor/laravel/framework/src/Illuminate/View/View.php(209): Illuminate\\View\\Engines\\CompilerEngine->get()
#14 /home/pranjal/Pranjal/vscode/Files/core/vendor/laravel/framework/src/Illuminate/View/View.php(192): Illuminate\\View\\View->getContents()
#15 /home/pranjal/Pranjal/vscode/Files/core/vendor/laravel/framework/src/Illuminate/View/View.php(161): Illuminate\\View\\View->renderContents()
#16 /home/pranjal/Pranjal/vscode/Files/core/storage/framework/views/352e4f31816487ef220ed296bddaef8a.php(341): Illuminate\\View\\View->render()
#17 /home/pranjal/Pranjal/vscode/Files/core/vendor/laravel/framework/src/Illuminate/Filesystem/Filesystem.php(123): require('...')
#18 /home/pranjal/Pranjal/vscode/Files/core/vendor/laravel/framework/src/Illuminate/Filesystem/Filesystem.php(124): Illuminate\\Filesystem\\Filesystem::{closure:Illuminate\\Filesystem\\Filesystem::getRequire():120}()
#19 /home/pranjal/Pranjal/vscode/Files/core/vendor/laravel/framework/src/Illuminate/View/Engines/PhpEngine.php(58): Illuminate\\Filesystem\\Filesystem->getRequire()
#20 /home/pranjal/Pranjal/vscode/Files/core/vendor/laravel/framework/src/Illuminate/View/Engines/CompilerEngine.php(75): Illuminate\\View\\Engines\\PhpEngine->evaluatePath()
#21 /home/pranjal/Pranjal/vscode/Files/core/vendor/laravel/framework/src/Illuminate/View/View.php(209): Illuminate\\View\\Engines\\CompilerEngine->get()
#22 /home/pranjal/Pranjal/vscode/Files/core/vendor/laravel/framework/src/Illuminate/View/View.php(192): Illuminate\\View\\View->getContents()
#23 /home/pranjal/Pranjal/vscode/Files/core/vendor/laravel/framework/src/Illuminate/View/View.php(161): Illuminate\\View\\View->renderContents()
#24 /home/pranjal/Pranjal/vscode/Files/core/vendor/laravel/framework/src/Illuminate/Http/Response.php(79): Illuminate\\View\\View->render()
#25 /home/pranjal/Pranjal/vscode/Files/core/vendor/laravel/framework/src/Illuminate/Http/Response.php(35): Illuminate\\Http\\Response->setContent()
#26 /home/pranjal/Pranjal/vscode/Files/core/vendor/laravel/framework/src/Illuminate/Routing/Router.php(920): Illuminate\\Http\\Response->__construct()
#27 /home/pranjal/Pranjal/vscode/Files/core/vendor/laravel/framework/src/Illuminate/Routing/Router.php(887): Illuminate\\Routing\\Router::toResponse()
#28 /home/pranjal/Pranjal/vscode/Files/core/vendor/laravel/framework/src/Illuminate/Routing/Router.php(807): Illuminate\\Routing\\Router->prepareResponse()
#29 /home/pranjal/Pranjal/vscode/Files/core/vendor/laravel/framework/src/Illuminate/Pipeline/Pipeline.php(170): Illuminate\\Routing\\Router->{closure:Illuminate\\Routing\\Router::runRouteWithinStack():807}()
#30 /home/pranjal/Pranjal/vscode/Files/core/app/Http/Middleware/RedirectIfNotAdmin.php(22): Illuminate\\Pipeline\\Pipeline->{closure:Illuminate\\Pipeline\\Pipeline::prepareDestination():168}()
#31 /home/pranjal/Pranjal/vscode/Files/core/vendor/laravel/framework/src/Illuminate/Pipeline/Pipeline.php(209): App\\Http\\Middleware\\RedirectIfNotAdmin->handle()
#32 /home/pranjal/Pranjal/vscode/Files/core/app/Http/Middleware/ActiveTemplateMiddleware.php(31): Illuminate\\Pipeline\\Pipeline->{closure:{closure:Illuminate\\Pipeline\\Pipeline::carry():184}:185}()
#33 /home/pranjal/Pranjal/vscode/Files/core/vendor/laravel/framework/src/Illuminate/Pipeline/Pipeline.php(209): App\\Http\\Middleware\\ActiveTemplateMiddleware->handle()
#34 /home/pranjal/Pranjal/vscode/Files/core/app/Http/Middleware/LanguageMiddleware.php(22): Illuminate\\Pipeline\\Pipeline->{closure:{closure:Illuminate\\Pipeline\\Pipeline::carry():184}:185}()
#35 /home/pranjal/Pranjal/vscode/Files/core/vendor/laravel/framework/src/Illuminate/Pipeline/Pipeline.php(209): App\\Http\\Middleware\\LanguageMiddleware->handle()
#36 /home/pranjal/Pranjal/vscode/Files/core/vendor/laravel/framework/src/Illuminate/Routing/Middleware/SubstituteBindings.php(51): Illuminate\\Pipeline\\Pipeline->{closure:{closure:Illuminate\\Pipeline\\Pipeline::carry():184}:185}()
#37 /home/pranjal/Pranjal/vscode/Files/core/vendor/laravel/framework/src/Illuminate/Pipeline/Pipeline.php(209): Illuminate\\Routing\\Middleware\\SubstituteBindings->handle()
#38 /home/pranjal/Pranjal/vscode/Files/core/vendor/laravel/framework/src/Illuminate/Foundation/Http/Middleware/VerifyCsrfToken.php(88): Illuminate\\Pipeline\\Pipeline->{closure:{closure:Illuminate\\Pipeline\\Pipeline::carry():184}:185}()
#39 /home/pranjal/Pranjal/vscode/Files/core/vendor/laravel/framework/src/Illuminate/Pipeline/Pipeline.php(209): Illuminate\\Foundation\\Http\\Middleware\\VerifyCsrfToken->handle()
#40 /home/pranjal/Pranjal/vscode/Files/core/vendor/laravel/framework/src/Illuminate/View/Middleware/ShareErrorsFromSession.php(49): Illuminate\\Pipeline\\Pipeline->{closure:{closure:Illuminate\\Pipeline\\Pipeline::carry():184}:185}()
#41 /home/pranjal/Pranjal/vscode/Files/core/vendor/laravel/framework/src/Illuminate/Pipeline/Pipeline.php(209): Illuminate\\View\\Middleware\\ShareErrorsFromSession->handle()
#42 /home/pranjal/Pranjal/vscode/Files/core/vendor/laravel/framework/src/Illuminate/Session/Middleware/StartSession.php(121): Illuminate\\Pipeline\\Pipeline->{closure:{closure:Illuminate\\Pipeline\\Pipeline::carry():184}:185}()
#43 /home/pranjal/Pranjal/vscode/Files/core/vendor/laravel/framework/src/Illuminate/Session/Middleware/StartSession.php(64): Illuminate\\Session\\Middleware\\StartSession->handleStatefulRequest()
#44 /home/pranjal/Pranjal/vscode/Files/core/vendor/laravel/framework/src/Illuminate/Pipeline/Pipeline.php(209): Illuminate\\Session\\Middleware\\StartSession->handle()
#45 /home/pranjal/Pranjal/vscode/Files/core/vendor/laravel/framework/src/Illuminate/Cookie/Middleware/AddQueuedCookiesToResponse.php(37): Illuminate\\Pipeline\\Pipeline->{closure:{closure:Illuminate\\Pipeline\\Pipeline::carry():184}:185}()
#46 /home/pranjal/Pranjal/vscode/Files/core/vendor/laravel/framework/src/Illuminate/Pipeline/Pipeline.php(209): Illuminate\\Cookie\\Middleware\\AddQueuedCookiesToResponse->handle()
#47 /home/pranjal/Pranjal/vscode/Files/core/vendor/laramin/utility/src/Utility.php(15): Illuminate\\Pipeline\\Pipeline->{closure:{closure:Illuminate\\Pipeline\\Pipeline::carry():184}:185}()
#48 /home/pranjal/Pranjal/vscode/Files/core/vendor/laravel/framework/src/Illuminate/Pipeline/Pipeline.php(209): Laramin\\Utility\\Utility->handle()
#49 /home/pranjal/Pranjal/vscode/Files/core/vendor/laravel/framework/src/Illuminate/Pipeline/Pipeline.php(127): Illuminate\\Pipeline\\Pipeline->{closure:{closure:Illuminate\\Pipeline\\Pipeline::carry():184}:185}()
#50 /home/pranjal/Pranjal/vscode/Files/core/vendor/laravel/framework/src/Illuminate/Routing/Router.php(807): Illuminate\\Pipeline\\Pipeline->then()
#51 /home/pranjal/Pranjal/vscode/Files/core/vendor/laravel/framework/src/Illuminate/Routing/Router.php(786): Illuminate\\Routing\\Router->runRouteWithinStack()
#52 /home/pranjal/Pranjal/vscode/Files/core/vendor/laravel/framework/src/Illuminate/Routing/Router.php(750): Illuminate\\Routing\\Router->runRoute()
#53 /home/pranjal/Pranjal/vscode/Files/core/vendor/laravel/framework/src/Illuminate/Routing/Router.php(739): Illuminate\\Routing\\Router->dispatchToRoute()
#54 /home/pranjal/Pranjal/vscode/Files/core/vendor/laravel/framework/src/Illuminate/Foundation/Http/Kernel.php(201): Illuminate\\Routing\\Router->dispatch()
#55 /home/pranjal/Pranjal/vscode/Files/core/vendor/laravel/framework/src/Illuminate/Pipeline/Pipeline.php(170): Illuminate\\Foundation\\Http\\Kernel->{closure:Illuminate\\Foundation\\Http\\Kernel::dispatchToRouter():198}()
#56 /home/pranjal/Pranjal/vscode/Files/core/vendor/laravel/framework/src/Illuminate/Foundation/Http/Middleware/TransformsRequest.php(21): Illuminate\\Pipeline\\Pipeline->{closure:Illuminate\\Pipeline\\Pipeline::prepareDestination():168}()
#57 /home/pranjal/Pranjal/vscode/Files/core/vendor/laravel/framework/src/Illuminate/Foundation/Http/Middleware/ConvertEmptyStringsToNull.php(31): Illuminate\\Foundation\\Http\\Middleware\\TransformsRequest->handle()
#58 /home/pranjal/Pranjal/vscode/Files/core/vendor/laravel/framework/src/Illuminate/Pipeline/Pipeline.php(209): Illuminate\\Foundation\\Http\\Middleware\\ConvertEmptyStringsToNull->handle()
#59 /home/pranjal/Pranjal/vscode/Files/core/vendor/laravel/framework/src/Illuminate/Foundation/Http/Middleware/TransformsRequest.php(21): Illuminate\\Pipeline\\Pipeline->{closure:{closure:Illuminate\\Pipeline\\Pipeline::carry():184}:185}()
#60 /home/pranjal/Pranjal/vscode/Files/core/vendor/laravel/framework/src/Illuminate/Foundation/Http/Middleware/TrimStrings.php(51): Illuminate\\Foundation\\Http\\Middleware\\TransformsRequest->handle()
#61 /home/pranjal/Pranjal/vscode/Files/core/vendor/laravel/framework/src/Illuminate/Pipeline/Pipeline.php(209): Illuminate\\Foundation\\Http\\Middleware\\TrimStrings->handle()
#62 /home/pranjal/Pranjal/vscode/Files/core/vendor/laravel/framework/src/Illuminate/Http/Middleware/ValidatePostSize.php(27): Illuminate\\Pipeline\\Pipeline->{closure:{closure:Illuminate\\Pipeline\\Pipeline::carry():184}:185}()
#63 /home/pranjal/Pranjal/vscode/Files/core/vendor/laravel/framework/src/Illuminate/Pipeline/Pipeline.php(209): Illuminate\\Http\\Middleware\\ValidatePostSize->handle()
#64 /home/pranjal/Pranjal/vscode/Files/core/vendor/laravel/framework/src/Illuminate/Foundation/Http/Middleware/PreventRequestsDuringMaintenance.php(110): Illuminate\\Pipeline\\Pipeline->{closure:{closure:Illuminate\\Pipeline\\Pipeline::carry():184}:185}()
#65 /home/pranjal/Pranjal/vscode/Files/core/vendor/laravel/framework/src/Illuminate/Pipeline/Pipeline.php(209): Illuminate\\Foundation\\Http\\Middleware\\PreventRequestsDuringMaintenance->handle()
#66 /home/pranjal/Pranjal/vscode/Files/core/vendor/laravel/framework/src/Illuminate/Http/Middleware/HandleCors.php(49): Illuminate\\Pipeline\\Pipeline->{closure:{closure:Illuminate\\Pipeline\\Pipeline::carry():184}:185}()
#67 /home/pranjal/Pranjal/vscode/Files/core/vendor/laravel/framework/src/Illuminate/Pipeline/Pipeline.php(209): Illuminate\\Http\\Middleware\\HandleCors->handle()
#68 /home/pranjal/Pranjal/vscode/Files/core/vendor/laravel/framework/src/Illuminate/Http/Middleware/TrustProxies.php(58): Illuminate\\Pipeline\\Pipeline->{closure:{closure:Illuminate\\Pipeline\\Pipeline::carry():184}:185}()
#69 /home/pranjal/Pranjal/vscode/Files/core/vendor/laravel/framework/src/Illuminate/Pipeline/Pipeline.php(209): Illuminate\\Http\\Middleware\\TrustProxies->handle()
#70 /home/pranjal/Pranjal/vscode/Files/core/vendor/laravel/framework/src/Illuminate/Foundation/Http/Middleware/InvokeDeferredCallbacks.php(22): Illuminate\\Pipeline\\Pipeline->{closure:{closure:Illuminate\\Pipeline\\Pipeline::carry():184}:185}()
#71 /home/pranjal/Pranjal/vscode/Files/core/vendor/laravel/framework/src/Illuminate/Pipeline/Pipeline.php(209): Illuminate\\Foundation\\Http\\Middleware\\InvokeDeferredCallbacks->handle()
#72 /home/pranjal/Pranjal/vscode/Files/core/vendor/laramin/utility/src/Utility.php(15): Illuminate\\Pipeline\\Pipeline->{closure:{closure:Illuminate\\Pipeline\\Pipeline::carry():184}:185}()
#73 /home/pranjal/Pranjal/vscode/Files/core/vendor/laravel/framework/src/Illuminate/Pipeline/Pipeline.php(209): Laramin\\Utility\\Utility->handle()
#74 /home/pranjal/Pranjal/vscode/Files/core/vendor/laravel/framework/src/Illuminate/Pipeline/Pipeline.php(127): Illuminate\\Pipeline\\Pipeline->{closure:{closure:Illuminate\\Pipeline\\Pipeline::carry():184}:185}()
#75 /home/pranjal/Pranjal/vscode/Files/core/vendor/laravel/framework/src/Illuminate/Foundation/Http/Kernel.php(176): Illuminate\\Pipeline\\Pipeline->then()
#76 /home/pranjal/Pranjal/vscode/Files/core/vendor/laravel/framework/src/Illuminate/Foundation/Http/Kernel.php(145): Illuminate\\Foundation\\Http\\Kernel->sendRequestThroughRouter()
#77 /home/pranjal/Pranjal/vscode/Files/core/vendor/laravel/framework/src/Illuminate/Foundation/Application.php(1220): Illuminate\\Foundation\\Http\\Kernel->handle()
#78 /home/pranjal/Pranjal/vscode/Files/index.php(17): Illuminate\\Foundation\\Application->handleRequest()
#79 {main}
"} 
[2026-07-26 16:35:38] production.ERROR: Undefined array key "version" (View: /home/pranjal/Pranjal/vscode/Files/core/resources/views/admin/layouts/app.blade.php) (View: /home/pranjal/Pranjal/vscode/Files/core/resources/views/admin/layouts/app.blade.php) {"exception":"[object] (Illuminate\\View\\ViewException(code: 0): Undefined array key \"version\" (View: /home/pranjal/Pranjal/vscode/Files/core/resources/views/admin/layouts/app.blade.php) (View: /home/pranjal/Pranjal/vscode/Files/core/resources/views/admin/layouts/app.blade.php) at /home/pranjal/Pranjal/vscode/Files/core/app/Providers/AppServiceProvider.php:60)
[stacktrace]
#0 /home/pranjal/Pranjal/vscode/Files/core/vendor/laravel/framework/src/Illuminate/View/Engines/PhpEngine.php(60): Illuminate\\View\\Engines\\CompilerEngine->handleViewException()
#1 /home/pranjal/Pranjal/vscode/Files/core/vendor/laravel/framework/src/Illuminate/View/Engines/CompilerEngine.php(75): Illuminate\\View\\Engines\\PhpEngine->evaluatePath()
#2 /home/pranjal/Pranjal/vscode/Files/core/vendor/laravel/framework/src/Illuminate/View/View.php(209): Illuminate\\View\\Engines\\CompilerEngine->get()
#3 /home/pranjal/Pranjal/vscode/Files/core/vendor/laravel/framework/src/Illuminate/View/View.php(192): Illuminate\\View\\View->getContents()
#4 /home/pranjal/Pranjal/vscode/Files/core/vendor/laravel/framework/src/Illuminate/View/View.php(161): Illuminate\\View\\View->renderContents()
#5 /home/pranjal/Pranjal/vscode/Files/core/vendor/laravel/framework/src/Illuminate/Http/Response.php(79): Illuminate\\View\\View->render()
#6 /home/pranjal/Pranjal/vscode/Files/core/vendor/laravel/framework/src/Illuminate/Http/Response.php(35): Illuminate\\Http\\Response->setContent()
#7 /home/pranjal/Pranjal/vscode/Files/core/vendor/laravel/framework/src/Illuminate/Routing/Router.php(920): Illuminate\\Http\\Response->__construct()
#8 /home/pranjal/Pranjal/vscode/Files/core/vendor/laravel/framework/src/Illuminate/Routing/Router.php(887): Illuminate\\Routing\\Router::toResponse()
#9 /home/pranjal/Pranjal/vscode/Files/core/vendor/laravel/framework/src/Illuminate/Routing/Router.php(807): Illuminate\\Routing\\Router->prepareResponse()
#10 /home/pranjal/Pranjal/vscode/Files/core/vendor/laravel/framework/src/Illuminate/Pipeline/Pipeline.php(170): Illuminate\\Routing\\Router->{closure:Illuminate\\Routing\\Router::runRouteWithinStack():807}()
#11 /home/pranjal/Pranjal/vscode/Files/core/app/Http/Middleware/RedirectIfNotAdmin.php(22): Illuminate\\Pipeline\\Pipeline->{closure:Illuminate\\Pipeline\\Pipeline::prepareDestination():168}()
#12 /home/pranjal/Pranjal/vscode/Files/core/vendor/laravel/framework/src/Illuminate/Pipeline/Pipeline.php(209): App\\Http\\Middleware\\RedirectIfNotAdmin->handle()
#13 /home/pranjal/Pranjal/vscode/Files/core/app/Http/Middleware/ActiveTemplateMiddleware.php(31): Illuminate\\Pipeline\\Pipeline->{closure:{closure:Illuminate\\Pipeline\\Pipeline::carry():184}:185}()
#14 /home/pranjal/Pranjal/vscode/Files/core/vendor/laravel/framework/src/Illuminate/Pipeline/Pipeline.php(209): App\\Http\\Middleware\\ActiveTemplateMiddleware->handle()
#15 /home/pranjal/Pranjal/vscode/Files/core/app/Http/Middleware/LanguageMiddleware.php(22): Illuminate\\Pipeline\\Pipeline->{closure:{closure:Illuminate\\Pipeline\\Pipeline::carry():184}:185}()
#16 /home/pranjal/Pranjal/vscode/Files/core/vendor/laravel/framework/src/Illuminate/Pipeline/Pipeline.php(209): App\\Http\\Middleware\\LanguageMiddleware->handle()
#17 /home/pranjal/Pranjal/vscode/Files/core/vendor/laravel/framework/src/Illuminate/Routing/Middleware/SubstituteBindings.php(51): Illuminate\\Pipeline\\Pipeline->{closure:{closure:Illuminate\\Pipeline\\Pipeline::carry():184}:185}()
#18 /home/pranjal/Pranjal/vscode/Files/core/vendor/laravel/framework/src/Illuminate/Pipeline/Pipeline.php(209): Illuminate\\Routing\\Middleware\\SubstituteBindings->handle()
#19 /home/pranjal/Pranjal/vscode/Files/core/vendor/laravel/framework/src/Illuminate/Foundation/Http/Middleware/VerifyCsrfToken.php(88): Illuminate\\Pipeline\\Pipeline->{closure:{closure:Illuminate\\Pipeline\\Pipeline::carry():184}:185}()
#20 /home/pranjal/Pranjal/vscode/Files/core/vendor/laravel/framework/src/Illuminate/Pipeline/Pipeline.php(209): Illuminate\\Foundation\\Http\\Middleware\\VerifyCsrfToken->handle()
#21 /home/pranjal/Pranjal/vscode/Files/core/vendor/laravel/framework/src/Illuminate/View/Middleware/ShareErrorsFromSession.php(49): Illuminate\\Pipeline\\Pipeline->{closure:{closure:Illuminate\\Pipeline\\Pipeline::carry():184}:185}()
#22 /home/pranjal/Pranjal/vscode/Files/core/vendor/laravel/framework/src/Illuminate/Pipeline/Pipeline.php(209): Illuminate\\View\\Middleware\\ShareErrorsFromSession->handle()
#23 /home/pranjal/Pranjal/vscode/Files/core/vendor/laravel/framework/src/Illuminate/Session/Middleware/StartSession.php(121): Illuminate\\Pipeline\\Pipeline->{closure:{closure:Illuminate\\Pipeline\\Pipeline::carry():184}:185}()
#24 /home/pranjal/Pranjal/vscode/Files/core/vendor/laravel/framework/src/Illuminate/Session/Middleware/StartSession.php(64): Illuminate\\Session\\Middleware\\StartSession->handleStatefulRequest()
#25 /home/pranjal/Pranjal/vscode/Files/core/vendor/laravel/framework/src/Illuminate/Pipeline/Pipeline.php(209): Illuminate\\Session\\Middleware\\StartSession->handle()
#26 /home/pranjal/Pranjal/vscode/Files/core/vendor/laravel/framework/src/Illuminate/Cookie/Middleware/AddQueuedCookiesToResponse.php(37): Illuminate\\Pipeline\\Pipeline->{closure:{closure:Illuminate\\Pipeline\\Pipeline::carry():184}:185}()
#27 /home/pranjal/Pranjal/vscode/Files/core/vendor/laravel/framework/src/Illuminate/Pipeline/Pipeline.php(209): Illuminate\\Cookie\\Middleware\\AddQueuedCookiesToResponse->handle()
#28 /home/pranjal/Pranjal/vscode/Files/core/vendor/laramin/utility/src/Utility.php(15): Illuminate\\Pipeline\\Pipeline->{closure:{closure:Illuminate\\Pipeline\\Pipeline::carry():184}:185}()
#29 /home/pranjal/Pranjal/vscode/Files/core/vendor/laravel/framework/src/Illuminate/Pipeline/Pipeline.php(209): Laramin\\Utility\\Utility->handle()
#30 /home/pranjal/Pranjal/vscode/Files/core/vendor/laravel/framework/src/Illuminate/Pipeline/Pipeline.php(127): Illuminate\\Pipeline\\Pipeline->{closure:{closure:Illuminate\\Pipeline\\Pipeline::carry():184}:185}()
#31 /home/pranjal/Pranjal/vscode/Files/core/vendor/laravel/framework/src/Illuminate/Routing/Router.php(807): Illuminate\\Pipeline\\Pipeline->then()
#32 /home/pranjal/Pranjal/vscode/Files/core/vendor/laravel/framework/src/Illuminate/Routing/Router.php(786): Illuminate\\Routing\\Router->runRouteWithinStack()
#33 /home/pranjal/Pranjal/vscode/Files/core/vendor/laravel/framework/src/Illuminate/Routing/Router.php(750): Illuminate\\Routing\\Router->runRoute()
#34 /home/pranjal/Pranjal/vscode/Files/core/vendor/laravel/framework/src/Illuminate/Routing/Router.php(739): Illuminate\\Routing\\Router->dispatchToRoute()
#35 /home/pranjal/Pranjal/vscode/Files/core/vendor/laravel/framework/src/Illuminate/Foundation/Http/Kernel.php(201): Illuminate\\Routing\\Router->dispatch()
#36 /home/pranjal/Pranjal/vscode/Files/core/vendor/laravel/framework/src/Illuminate/Pipeline/Pipeline.php(170): Illuminate\\Foundation\\Http\\Kernel->{closure:Illuminate\\Foundation\\Http\\Kernel::dispatchToRouter():198}()
#37 /home/pranjal/Pranjal/vscode/Files/core/vendor/laravel/framework/src/Illuminate/Foundation/Http/Middleware/TransformsRequest.php(21): Illuminate\\Pipeline\\Pipeline->{closure:Illuminate\\Pipeline\\Pipeline::prepareDestination():168}()
#38 /home/pranjal/Pranjal/vscode/Files/core/vendor/laravel/framework/src/Illuminate/Foundation/Http/Middleware/ConvertEmptyStringsToNull.php(31): Illuminate\\Foundation\\Http\\Middleware\\TransformsRequest->handle()
#39 /home/pranjal/Pranjal/vscode/Files/core/vendor/laravel/framework/src/Illuminate/Pipeline/Pipeline.php(209): Illuminate\\Foundation\\Http\\Middleware\\ConvertEmptyStringsToNull->handle()
#40 /home/pranjal/Pranjal/vscode/Files/core/vendor/laravel/framework/src/Illuminate/Foundation/Http/Middleware/TransformsRequest.php(21): Illuminate\\Pipeline\\Pipeline->{closure:{closure:Illuminate\\Pipeline\\Pipeline::carry():184}:185}()
#41 /home/pranjal/Pranjal/vscode/Files/core/vendor/laravel/framework/src/Illuminate/Foundation/Http/Middleware/TrimStrings.php(51): Illuminate\\Foundation\\Http\\Middleware\\TransformsRequest->handle()
#42 /home/pranjal/Pranjal/vscode/Files/core/vendor/laravel/framework/src/Illuminate/Pipeline/Pipeline.php(209): Illuminate\\Foundation\\Http\\Middleware\\TrimStrings->handle()
#43 /home/pranjal/Pranjal/vscode/Files/core/vendor/laravel/framework/src/Illuminate/Http/Middleware/ValidatePostSize.php(27): Illuminate\\Pipeline\\Pipeline->{closure:{closure:Illuminate\\Pipeline\\Pipeline::carry():184}:185}()
#44 /home/pranjal/Pranjal/vscode/Files/core/vendor/laravel/framework/src/Illuminate/Pipeline/Pipeline.php(209): Illuminate\\Http\\Middleware\\ValidatePostSize->handle()
#45 /home/pranjal/Pranjal/vscode/Files/core/vendor/laravel/framework/src/Illuminate/Foundation/Http/Middleware/PreventRequestsDuringMaintenance.php(110): Illuminate\\Pipeline\\Pipeline->{closure:{closure:Illuminate\\Pipeline\\Pipeline::carry():184}:185}()
#46 /home/pranjal/Pranjal/vscode/Files/core/vendor/laravel/framework/src/Illuminate/Pipeline/Pipeline.php(209): Illuminate\\Foundation\\Http\\Middleware\\PreventRequestsDuringMaintenance->handle()
#47 /home/pranjal/Pranjal/vscode/Files/core/vendor/laravel/framework/src/Illuminate/Http/Middleware/HandleCors.php(49): Illuminate\\Pipeline\\Pipeline->{closure:{closure:Illuminate\\Pipeline\\Pipeline::carry():184}:185}()
#48 /home/pranjal/Pranjal/vscode/Files/core/vendor/laravel/framework/src/Illuminate/Pipeline/Pipeline.php(209): Illuminate\\Http\\Middleware\\HandleCors->handle()
#49 /home/pranjal/Pranjal/vscode/Files/core/vendor/laravel/framework/src/Illuminate/Http/Middleware/TrustProxies.php(58): Illuminate\\Pipeline\\Pipeline->{closure:{closure:Illuminate\\Pipeline\\Pipeline::carry():184}:185}()
#50 /home/pranjal/Pranjal/vscode/Files/core/vendor/laravel/framework/src/Illuminate/Pipeline/Pipeline.php(209): Illuminate\\Http\\Middleware\\TrustProxies->handle()
#51 /home/pranjal/Pranjal/vscode/Files/core/vendor/laravel/framework/src/Illuminate/Foundation/Http/Middleware/InvokeDeferredCallbacks.php(22): Illuminate\\Pipeline\\Pipeline->{closure:{closure:Illuminate\\Pipeline\\Pipeline::carry():184}:185}()
#52 /home/pranjal/Pranjal/vscode/Files/core/vendor/laravel/framework/src/Illuminate/Pipeline/Pipeline.php(209): Illuminate\\Foundation\\Http\\Middleware\\InvokeDeferredCallbacks->handle()
#53 /home/pranjal/Pranjal/vscode/Files/core/vendor/laramin/utility/src/Utility.php(15): Illuminate\\Pipeline\\Pipeline->{closure:{closure:Illuminate\\Pipeline\\Pipeline::carry():184}:185}()
#54 /home/pranjal/Pranjal/vscode/Files/core/vendor/laravel/framework/src/Illuminate/Pipeline/Pipeline.php(209): Laramin\\Utility\\Utility->handle()
#55 /home/pranjal/Pranjal/vscode/Files/core/vendor/laravel/framework/src/Illuminate/Pipeline/Pipeline.php(127): Illuminate\\Pipeline\\Pipeline->{closure:{closure:Illuminate\\Pipeline\\Pipeline::carry():184}:185}()
#56 /home/pranjal/Pranjal/vscode/Files/core/vendor/laravel/framework/src/Illuminate/Foundation/Http/Kernel.php(176): Illuminate\\Pipeline\\Pipeline->then()
#57 /home/pranjal/Pranjal/vscode/Files/core/vendor/laravel/framework/src/Illuminate/Foundation/Http/Kernel.php(145): Illuminate\\Foundation\\Http\\Kernel->sendRequestThroughRouter()
#58 /home/pranjal/Pranjal/vscode/Files/core/vendor/laravel/framework/src/Illuminate/Foundation/Application.php(1220): Illuminate\\Foundation\\Http\\Kernel->handle()
#59 /home/pranjal/Pranjal/vscode/Files/index.php(17): Illuminate\\Foundation\\Application->handleRequest()
#60 {main}

[previous exception] [object] (Illuminate\\View\\ViewException(code: 0): Undefined array key \"version\" (View: /home/pranjal/Pranjal/vscode/Files/core/resources/views/admin/layouts/app.blade.php) at /home/pranjal/Pranjal/vscode/Files/core/app/Providers/AppServiceProvider.php:60)
[stacktrace]
#0 /home/pranjal/Pranjal/vscode/Files/core/vendor/laravel/framework/src/Illuminate/View/Engines/PhpEngine.php(60): Illuminate\\View\\Engines\\CompilerEngine->handleViewException()
#1 /home/pranjal/Pranjal/vscode/Files/core/vendor/laravel/framework/src/Illuminate/View/Engines/CompilerEngine.php(75): Illuminate\\View\\Engines\\PhpEngine->evaluatePath()
#2 /home/pranjal/Pranjal/vscode/Files/core/vendor/laravel/framework/src/Illuminate/View/View.php(209): Illuminate\\View\\Engines\\CompilerEngine->get()
#3 /home/pranjal/Pranjal/vscode/Files/core/vendor/laravel/framework/src/Illuminate/View/View.php(192): Illuminate\\View\\View->getContents()
#4 /home/pranjal/Pranjal/vscode/Files/core/vendor/laravel/framework/src/Illuminate/View/View.php(161): Illuminate\\View\\View->renderContents()
#5 /home/pranjal/Pranjal/vscode/Files/core/storage/framework/views/352e4f31816487ef220ed296bddaef8a.php(341): Illuminate\\View\\View->render()
#6 /home/pranjal/Pranjal/vscode/Files/core/vendor/laravel/framework/src/Illuminate/Filesystem/Filesystem.php(123): require('...')
#7 /home/pranjal/Pranjal/vscode/Files/core/vendor/laravel/framework/src/Illuminate/Filesystem/Filesystem.php(124): Illuminate\\Filesystem\\Filesystem::{closure:Illuminate\\Filesystem\\Filesystem::getRequire():120}()
#8 /home/pranjal/Pranjal/vscode/Files/core/vendor/laravel/framework/src/Illuminate/View/Engines/PhpEngine.php(58): Illuminate\\Filesystem\\Filesystem->getRequire()
#9 /home/pranjal/Pranjal/vscode/Files/core/vendor/laravel/framework/src/Illuminate/View/Engines/CompilerEngine.php(75): Illuminate\\View\\Engines\\PhpEngine->evaluatePath()
#10 /home/pranjal/Pranjal/vscode/Files/core/vendor/laravel/framework/src/Illuminate/View/View.php(209): Illuminate\\View\\Engines\\CompilerEngine->get()
#11 /home/pranjal/Pranjal/vscode/Files/core/vendor/laravel/framework/src/Illuminate/View/View.php(192): Illuminate\\View\\View->getContents()
#12 /home/pranjal/Pranjal/vscode/Files/core/vendor/laravel/framework/src/Illuminate/View/View.php(161): Illuminate\\View\\View->renderContents()
#13 /home/pranjal/Pranjal/vscode/Files/core/vendor/laravel/framework/src/Illuminate/Http/Response.php(79): Illuminate\\View\\View->render()
#14 /home/pranjal/Pranjal/vscode/Files/core/vendor/laravel/framework/src/Illuminate/Http/Response.php(35): Illuminate\\Http\\Response->setContent()
#15 /home/pranjal/Pranjal/vscode/Files/core/vendor/laravel/framework/src/Illuminate/Routing/Router.php(920): Illuminate\\Http\\Response->__construct()
#16 /home/pranjal/Pranjal/vscode/Files/core/vendor/laravel/framework/src/Illuminate/Routing/Router.php(887): Illuminate\\Routing\\Router::toResponse()
#17 /home/pranjal/Pranjal/vscode/Files/core/vendor/laravel/framework/src/Illuminate/Routing/Router.php(807): Illuminate\\Routing\\Router->prepareResponse()
#18 /home/pranjal/Pranjal/vscode/Files/core/vendor/laravel/framework/src/Illuminate/Pipeline/Pipeline.php(170): Illuminate\\Routing\\Router->{closure:Illuminate\\Routing\\Router::runRouteWithinStack():807}()
#19 /home/pranjal/Pranjal/vscode/Files/core/app/Http/Middleware/RedirectIfNotAdmin.php(22): Illuminate\\Pipeline\\Pipeline->{closure:Illuminate\\Pipeline\\Pipeline::prepareDestination():168}()
#20 /home/pranjal/Pranjal/vscode/Files/core/vendor/laravel/framework/src/Illuminate/Pipeline/Pipeline.php(209): App\\Http\\Middleware\\RedirectIfNotAdmin->handle()
#21 /home/pranjal/Pranjal/vscode/Files/core/app/Http/Middleware/ActiveTemplateMiddleware.php(31): Illuminate\\Pipeline\\Pipeline->{closure:{closure:Illuminate\\Pipeline\\Pipeline::carry():184}:185}()
#22 /home/pranjal/Pranjal/vscode/Files/core/vendor/laravel/framework/src/Illuminate/Pipeline/Pipeline.php(209): App\\Http\\Middleware\\ActiveTemplateMiddleware->handle()
#23 /home/pranjal/Pranjal/vscode/Files/core/app/Http/Middleware/LanguageMiddleware.php(22): Illuminate\\Pipeline\\Pipeline->{closure:{closure:Illuminate\\Pipeline\\Pipeline::carry():184}:185}()
#24 /home/pranjal/Pranjal/vscode/Files/core/vendor/laravel/framework/src/Illuminate/Pipeline/Pipeline.php(209): App\\Http\\Middleware\\LanguageMiddleware->handle()
#25 /home/pranjal/Pranjal/vscode/Files/core/vendor/laravel/framework/src/Illuminate/Routing/Middleware/SubstituteBindings.php(51): Illuminate\\Pipeline\\Pipeline->{closure:{closure:Illuminate\\Pipeline\\Pipeline::carry():184}:185}()
#26 /home/pranjal/Pranjal/vscode/Files/core/vendor/laravel/framework/src/Illuminate/Pipeline/Pipeline.php(209): Illuminate\\Routing\\Middleware\\SubstituteBindings->handle()
#27 /home/pranjal/Pranjal/vscode/Files/core/vendor/laravel/framework/src/Illuminate/Foundation/Http/Middleware/VerifyCsrfToken.php(88): Illuminate\\Pipeline\\Pipeline->{closure:{closure:Illuminate\\Pipeline\\Pipeline::carry():184}:185}()
#28 /home/pranjal/Pranjal/vscode/Files/core/vendor/laravel/framework/src/Illuminate/Pipeline/Pipeline.php(209): Illuminate\\Foundation\\Http\\Middleware\\VerifyCsrfToken->handle()
#29 /home/pranjal/Pranjal/vscode/Files/core/vendor/laravel/framework/src/Illuminate/View/Middleware/ShareErrorsFromSession.php(49): Illuminate\\Pipeline\\Pipeline->{closure:{closure:Illuminate\\Pipeline\\Pipeline::carry():184}:185}()
#30 /home/pranjal/Pranjal/vscode/Files/core/vendor/laravel/framework/src/Illuminate/Pipeline/Pipeline.php(209): Illuminate\\View\\Middleware\\ShareErrorsFromSession->handle()
#31 /home/pranjal/Pranjal/vscode/Files/core/vendor/laravel/framework/src/Illuminate/Session/Middleware/StartSession.php(121): Illuminate\\Pipeline\\Pipeline->{closure:{closure:Illuminate\\Pipeline\\Pipeline::carry():184}:185}()
#32 /home/pranjal/Pranjal/vscode/Files/core/vendor/laravel/framework/src/Illuminate/Session/Middleware/StartSession.php(64): Illuminate\\Session\\Middleware\\StartSession->handleStatefulRequest()
#33 /home/pranjal/Pranjal/vscode/Files/core/vendor/laravel/framework/src/Illuminate/Pipeline/Pipeline.php(209): Illuminate\\Session\\Middleware\\StartSession->handle()
#34 /home/pranjal/Pranjal/vscode/Files/core/vendor/laravel/framework/src/Illuminate/Cookie/Middleware/AddQueuedCookiesToResponse.php(37): Illuminate\\Pipeline\\Pipeline->{closure:{closure:Illuminate\\Pipeline\\Pipeline::carry():184}:185}()
#35 /home/pranjal/Pranjal/vscode/Files/core/vendor/laravel/framework/src/Illuminate/Pipeline/Pipeline.php(209): Illuminate\\Cookie\\Middleware\\AddQueuedCookiesToResponse->handle()
#36 /home/pranjal/Pranjal/vscode/Files/core/vendor/laramin/utility/src/Utility.php(15): Illuminate\\Pipeline\\Pipeline->{closure:{closure:Illuminate\\Pipeline\\Pipeline::carry():184}:185}()
#37 /home/pranjal/Pranjal/vscode/Files/core/vendor/laravel/framework/src/Illuminate/Pipeline/Pipeline.php(209): Laramin\\Utility\\Utility->handle()
#38 /home/pranjal/Pranjal/vscode/Files/core/vendor/laravel/framework/src/Illuminate/Pipeline/Pipeline.php(127): Illuminate\\Pipeline\\Pipeline->{closure:{closure:Illuminate\\Pipeline\\Pipeline::carry():184}:185}()
#39 /home/pranjal/Pranjal/vscode/Files/core/vendor/laravel/framework/src/Illuminate/Routing/Router.php(807): Illuminate\\Pipeline\\Pipeline->then()
#40 /home/pranjal/Pranjal/vscode/Files/core/vendor/laravel/framework/src/Illuminate/Routing/Router.php(786): Illuminate\\Routing\\Router->runRouteWithinStack()
#41 /home/pranjal/Pranjal/vscode/Files/core/vendor/laravel/framework/src/Illuminate/Routing/Router.php(750): Illuminate\\Routing\\Router->runRoute()
#42 /home/pranjal/Pranjal/vscode/Files/core/vendor/laravel/framework/src/Illuminate/Routing/Router.php(739): Illuminate\\Routing\\Router->dispatchToRoute()
#43 /home/pranjal/Pranjal/vscode/Files/core/vendor/laravel/framework/src/Illuminate/Foundation/Http/Kernel.php(201): Illuminate\\Routing\\Router->dispatch()
#44 /home/pranjal/Pranjal/vscode/Files/core/vendor/laravel/framework/src/Illuminate/Pipeline/Pipeline.php(170): Illuminate\\Foundation\\Http\\Kernel->{closure:Illuminate\\Foundation\\Http\\Kernel::dispatchToRouter():198}()
#45 /home/pranjal/Pranjal/vscode/Files/core/vendor/laravel/framework/src/Illuminate/Foundation/Http/Middleware/TransformsRequest.php(21): Illuminate\\Pipeline\\Pipeline->{closure:Illuminate\\Pipeline\\Pipeline::prepareDestination():168}()
#46 /home/pranjal/Pranjal/vscode/Files/core/vendor/laravel/framework/src/Illuminate/Foundation/Http/Middleware/ConvertEmptyStringsToNull.php(31): Illuminate\\Foundation\\Http\\Middleware\\TransformsRequest->handle()
#47 /home/pranjal/Pranjal/vscode/Files/core/vendor/laravel/framework/src/Illuminate/Pipeline/Pipeline.php(209): Illuminate\\Foundation\\Http\\Middleware\\ConvertEmptyStringsToNull->handle()
#48 /home/pranjal/Pranjal/vscode/Files/core/vendor/laravel/framework/src/Illuminate/Foundation/Http/Middleware/TransformsRequest.php(21): Illuminate\\Pipeline\\Pipeline->{closure:{closure:Illuminate\\Pipeline\\Pipeline::carry():184}:185}()
#49 /home/pranjal/Pranjal/vscode/Files/core/vendor/laravel/framework/src/Illuminate/Foundation/Http/Middleware/TrimStrings.php(51): Illuminate\\Foundation\\Http\\Middleware\\TransformsRequest->handle()
#50 /home/pranjal/Pranjal/vscode/Files/core/vendor/laravel/framework/src/Illuminate/Pipeline/Pipeline.php(209): Illuminate\\Foundation\\Http\\Middleware\\TrimStrings->handle()
#51 /home/pranjal/Pranjal/vscode/Files/core/vendor/laravel/framework/src/Illuminate/Http/Middleware/ValidatePostSize.php(27): Illuminate\\Pipeline\\Pipeline->{closure:{closure:Illuminate\\Pipeline\\Pipeline::carry():184}:185}()
#52 /home/pranjal/Pranjal/vscode/Files/core/vendor/laravel/framework/src/Illuminate/Pipeline/Pipeline.php(209): Illuminate\\Http\\Middleware\\ValidatePostSize->handle()
#53 /home/pranjal/Pranjal/vscode/Files/core/vendor/laravel/framework/src/Illuminate/Foundation/Http/Middleware/PreventRequestsDuringMaintenance.php(110): Illuminate\\Pipeline\\Pipeline->{closure:{closure:Illuminate\\Pipeline\\Pipeline::carry():184}:185}()
#54 /home/pranjal/Pranjal/vscode/Files/core/vendor/laravel/framework/src/Illuminate/Pipeline/Pipeline.php(209): Illuminate\\Foundation\\Http\\Middleware\\PreventRequestsDuringMaintenance->handle()
#55 /home/pranjal/Pranjal/vscode/Files/core/vendor/laravel/framework/src/Illuminate/Http/Middleware/HandleCors.php(49): Illuminate\\Pipeline\\Pipeline->{closure:{closure:Illuminate\\Pipeline\\Pipeline::carry():184}:185}()
#56 /home/pranjal/Pranjal/vscode/Files/core/vendor/laravel/framework/src/Illuminate/Pipeline/Pipeline.php(209): Illuminate\\Http\\Middleware\\HandleCors->handle()
#57 /home/pranjal/Pranjal/vscode/Files/core/vendor/laravel/framework/src/Illuminate/Http/Middleware/TrustProxies.php(58): Illuminate\\Pipeline\\Pipeline->{closure:{closure:Illuminate\\Pipeline\\Pipeline::carry():184}:185}()
#58 /home/pranjal/Pranjal/vscode/Files/core/vendor/laravel/framework/src/Illuminate/Pipeline/Pipeline.php(209): Illuminate\\Http\\Middleware\\TrustProxies->handle()
#59 /home/pranjal/Pranjal/vscode/Files/core/vendor/laravel/framework/src/Illuminate/Foundation/Http/Middleware/InvokeDeferredCallbacks.php(22): Illuminate\\Pipeline\\Pipeline->{closure:{closure:Illuminate\\Pipeline\\Pipeline::carry():184}:185}()
#60 /home/pranjal/Pranjal/vscode/Files/core/vendor/laravel/framework/src/Illuminate/Pipeline/Pipeline.php(209): Illuminate\\Foundation\\Http\\Middleware\\InvokeDeferredCallbacks->handle()
#61 /home/pranjal/Pranjal/vscode/Files/core/vendor/laramin/utility/src/Utility.php(15): Illuminate\\Pipeline\\Pipeline->{closure:{closure:Illuminate\\Pipeline\\Pipeline::carry():184}:185}()
#62 /home/pranjal/Pranjal/vscode/Files/core/vendor/laravel/framework/src/Illuminate/Pipeline/Pipeline.php(209): Laramin\\Utility\\Utility->handle()
#63 /home/pranjal/Pranjal/vscode/Files/core/vendor/laravel/framework/src/Illuminate/Pipeline/Pipeline.php(127): Illuminate\\Pipeline\\Pipeline->{closure:{closure:Illuminate\\Pipeline\\Pipeline::carry():184}:185}()
#64 /home/pranjal/Pranjal/vscode/Files/core/vendor/laravel/framework/src/Illuminate/Foundation/Http/Kernel.php(176): Illuminate\\Pipeline\\Pipeline->then()
#65 /home/pranjal/Pranjal/vscode/Files/core/vendor/laravel/framework/src/Illuminate/Foundation/Http/Kernel.php(145): Illuminate\\Foundation\\Http\\Kernel->sendRequestThroughRouter()
#66 /home/pranjal/Pranjal/vscode/Files/core/vendor/laravel/framework/src/Illuminate/Foundation/Application.php(1220): Illuminate\\Foundation\\Http\\Kernel->handle()
#67 /home/pranjal/Pranjal/vscode/Files/index.php(17): Illuminate\\Foundation\\Application->handleRequest()
#68 {main}

[previous exception] [object] (ErrorException(code: 0): Undefined array key \"version\" at /home/pranjal/Pranjal/vscode/Files/core/app/Providers/AppServiceProvider.php:60)
[stacktrace]
#0 /home/pranjal/Pranjal/vscode/Files/core/vendor/laravel/framework/src/Illuminate/Foundation/Bootstrap/HandleExceptions.php(258): Illuminate\\Foundation\\Bootstrap\\HandleExceptions->handleError()
#1 /home/pranjal/Pranjal/vscode/Files/core/app/Providers/AppServiceProvider.php(60): Illuminate\\Foundation\\Bootstrap\\HandleExceptions->{closure:Illuminate\\Foundation\\Bootstrap\\HandleExceptions::forwardsTo():257}()
#2 /home/pranjal/Pranjal/vscode/Files/core/vendor/laravel/framework/src/Illuminate/Events/Dispatcher.php(459): App\\Providers\\AppServiceProvider->{closure:App\\Providers\\AppServiceProvider::boot():51}()
#3 /home/pranjal/Pranjal/vscode/Files/core/vendor/laravel/framework/src/Illuminate/Events/Dispatcher.php(287): Illuminate\\Events\\Dispatcher->{closure:Illuminate\\Events\\Dispatcher::makeListener():454}()
#4 /home/pranjal/Pranjal/vscode/Files/core/vendor/laravel/framework/src/Illuminate/Events/Dispatcher.php(267): Illuminate\\Events\\Dispatcher->invokeListeners()
#5 /home/pranjal/Pranjal/vscode/Files/core/vendor/laravel/framework/src/Illuminate/View/Concerns/ManagesEvents.php(178): Illuminate\\Events\\Dispatcher->dispatch()
#6 /home/pranjal/Pranjal/vscode/Files/core/vendor/laravel/framework/src/Illuminate/View/View.php(190): Illuminate\\View\\Factory->callComposer()
#7 /home/pranjal/Pranjal/vscode/Files/core/vendor/laravel/framework/src/Illuminate/View/View.php(161): Illuminate\\View\\View->renderContents()
#8 /home/pranjal/Pranjal/vscode/Files/core/storage/framework/views/bd994467445c0c077eb81ef6ab510c57.php(7): Illuminate\\View\\View->render()
#9 /home/pranjal/Pranjal/vscode/Files/core/vendor/laravel/framework/src/Illuminate/Filesystem/Filesystem.php(123): require('...')
#10 /home/pranjal/Pranjal/vscode/Files/core/vendor/laravel/framework/src/Illuminate/Filesystem/Filesystem.php(124): Illuminate\\Filesystem\\Filesystem::{closure:Illuminate\\Filesystem\\Filesystem::getRequire():120}()
#11 /home/pranjal/Pranjal/vscode/Files/core/vendor/laravel/framework/src/Illuminate/View/Engines/PhpEngine.php(58): Illuminate\\Filesystem\\Filesystem->getRequire()
#12 /home/pranjal/Pranjal/vscode/Files/core/vendor/laravel/framework/src/Illuminate/View/Engines/CompilerEngine.php(75): Illuminate\\View\\Engines\\PhpEngine->evaluatePath()
#13 /home/pranjal/Pranjal/vscode/Files/core/vendor/laravel/framework/src/Illuminate/View/View.php(209): Illuminate\\View\\Engines\\CompilerEngine->get()
#14 /home/pranjal/Pranjal/vscode/Files/core/vendor/laravel/framework/src/Illuminate/View/View.php(192): Illuminate\\View\\View->getContents()
#15 /home/pranjal/Pranjal/vscode/Files/core/vendor/laravel/framework/src/Illuminate/View/View.php(161): Illuminate\\View\\View->renderContents()
#16 /home/pranjal/Pranjal/vscode/Files/core/storage/framework/views/352e4f31816487ef220ed296bddaef8a.php(341): Illuminate\\View\\View->render()
#17 /home/pranjal/Pranjal/vscode/Files/core/vendor/laravel/framework/src/Illuminate/Filesystem/Filesystem.php(123): require('...')
#18 /home/pranjal/Pranjal/vscode/Files/core/vendor/laravel/framework/src/Illuminate/Filesystem/Filesystem.php(124): Illuminate\\Filesystem\\Filesystem::{closure:Illuminate\\Filesystem\\Filesystem::getRequire():120}()
#19 /home/pranjal/Pranjal/vscode/Files/core/vendor/laravel/framework/src/Illuminate/View/Engines/PhpEngine.php(58): Illuminate\\Filesystem\\Filesystem->getRequire()
#20 /home/pranjal/Pranjal/vscode/Files/core/vendor/laravel/framework/src/Illuminate/View/Engines/CompilerEngine.php(75): Illuminate\\View\\Engines\\PhpEngine->evaluatePath()
#21 /home/pranjal/Pranjal/vscode/Files/core/vendor/laravel/framework/src/Illuminate/View/View.php(209): Illuminate\\View\\Engines\\CompilerEngine->get()
#22 /home/pranjal/Pranjal/vscode/Files/core/vendor/laravel/framework/src/Illuminate/View/View.php(192): Illuminate\\View\\View->getContents()
#23 /home/pranjal/Pranjal/vscode/Files/core/vendor/laravel/framework/src/Illuminate/View/View.php(161): Illuminate\\View\\View->renderContents()
#24 /home/pranjal/Pranjal/vscode/Files/core/vendor/laravel/framework/src/Illuminate/Http/Response.php(79): Illuminate\\View\\View->render()
#25 /home/pranjal/Pranjal/vscode/Files/core/vendor/laravel/framework/src/Illuminate/Http/Response.php(35): Illuminate\\Http\\Response->setContent()
#26 /home/pranjal/Pranjal/vscode/Files/core/vendor/laravel/framework/src/Illuminate/Routing/Router.php(920): Illuminate\\Http\\Response->__construct()
#27 /home/pranjal/Pranjal/vscode/Files/core/vendor/laravel/framework/src/Illuminate/Routing/Router.php(887): Illuminate\\Routing\\Router::toResponse()
#28 /home/pranjal/Pranjal/vscode/Files/core/vendor/laravel/framework/src/Illuminate/Routing/Router.php(807): Illuminate\\Routing\\Router->prepareResponse()
#29 /home/pranjal/Pranjal/vscode/Files/core/vendor/laravel/framework/src/Illuminate/Pipeline/Pipeline.php(170): Illuminate\\Routing\\Router->{closure:Illuminate\\Routing\\Router::runRouteWithinStack():807}()
#30 /home/pranjal/Pranjal/vscode/Files/core/app/Http/Middleware/RedirectIfNotAdmin.php(22): Illuminate\\Pipeline\\Pipeline->{closure:Illuminate\\Pipeline\\Pipeline::prepareDestination():168}()
#31 /home/pranjal/Pranjal/vscode/Files/core/vendor/laravel/framework/src/Illuminate/Pipeline/Pipeline.php(209): App\\Http\\Middleware\\RedirectIfNotAdmin->handle()
#32 /home/pranjal/Pranjal/vscode/Files/core/app/Http/Middleware/ActiveTemplateMiddleware.php(31): Illuminate\\Pipeline\\Pipeline->{closure:{closure:Illuminate\\Pipeline\\Pipeline::carry():184}:185}()
#33 /home/pranjal/Pranjal/vscode/Files/core/vendor/laravel/framework/src/Illuminate/Pipeline/Pipeline.php(209): App\\Http\\Middleware\\ActiveTemplateMiddleware->handle()
#34 /home/pranjal/Pranjal/vscode/Files/core/app/Http/Middleware/LanguageMiddleware.php(22): Illuminate\\Pipeline\\Pipeline->{closure:{closure:Illuminate\\Pipeline\\Pipeline::carry():184}:185}()
#35 /home/pranjal/Pranjal/vscode/Files/core/vendor/laravel/framework/src/Illuminate/Pipeline/Pipeline.php(209): App\\Http\\Middleware\\LanguageMiddleware->handle()
#36 /home/pranjal/Pranjal/vscode/Files/core/vendor/laravel/framework/src/Illuminate/Routing/Middleware/SubstituteBindings.php(51): Illuminate\\Pipeline\\Pipeline->{closure:{closure:Illuminate\\Pipeline\\Pipeline::carry():184}:185}()
#37 /home/pranjal/Pranjal/vscode/Files/core/vendor/laravel/framework/src/Illuminate/Pipeline/Pipeline.php(209): Illuminate\\Routing\\Middleware\\SubstituteBindings->handle()
#38 /home/pranjal/Pranjal/vscode/Files/core/vendor/laravel/framework/src/Illuminate/Foundation/Http/Middleware/VerifyCsrfToken.php(88): Illuminate\\Pipeline\\Pipeline->{closure:{closure:Illuminate\\Pipeline\\Pipeline::carry():184}:185}()
#39 /home/pranjal/Pranjal/vscode/Files/core/vendor/laravel/framework/src/Illuminate/Pipeline/Pipeline.php(209): Illuminate\\Foundation\\Http\\Middleware\\VerifyCsrfToken->handle()
#40 /home/pranjal/Pranjal/vscode/Files/core/vendor/laravel/framework/src/Illuminate/View/Middleware/ShareErrorsFromSession.php(49): Illuminate\\Pipeline\\Pipeline->{closure:{closure:Illuminate\\Pipeline\\Pipeline::carry():184}:185}()
#41 /home/pranjal/Pranjal/vscode/Files/core/vendor/laravel/framework/src/Illuminate/Pipeline/Pipeline.php(209): Illuminate\\View\\Middleware\\ShareErrorsFromSession->handle()
#42 /home/pranjal/Pranjal/vscode/Files/core/vendor/laravel/framework/src/Illuminate/Session/Middleware/StartSession.php(121): Illuminate\\Pipeline\\Pipeline->{closure:{closure:Illuminate\\Pipeline\\Pipeline::carry():184}:185}()
#43 /home/pranjal/Pranjal/vscode/Files/core/vendor/laravel/framework/src/Illuminate/Session/Middleware/StartSession.php(64): Illuminate\\Session\\Middleware\\StartSession->handleStatefulRequest()
#44 /home/pranjal/Pranjal/vscode/Files/core/vendor/laravel/framework/src/Illuminate/Pipeline/Pipeline.php(209): Illuminate\\Session\\Middleware\\StartSession->handle()
#45 /home/pranjal/Pranjal/vscode/Files/core/vendor/laravel/framework/src/Illuminate/Cookie/Middleware/AddQueuedCookiesToResponse.php(37): Illuminate\\Pipeline\\Pipeline->{closure:{closure:Illuminate\\Pipeline\\Pipeline::carry():184}:185}()
#46 /home/pranjal/Pranjal/vscode/Files/core/vendor/laravel/framework/src/Illuminate/Pipeline/Pipeline.php(209): Illuminate\\Cookie\\Middleware\\AddQueuedCookiesToResponse->handle()
#47 /home/pranjal/Pranjal/vscode/Files/core/vendor/laramin/utility/src/Utility.php(15): Illuminate\\Pipeline\\Pipeline->{closure:{closure:Illuminate\\Pipeline\\Pipeline::carry():184}:185}()
#48 /home/pranjal/Pranjal/vscode/Files/core/vendor/laravel/framework/src/Illuminate/Pipeline/Pipeline.php(209): Laramin\\Utility\\Utility->handle()
#49 /home/pranjal/Pranjal/vscode/Files/core/vendor/laravel/framework/src/Illuminate/Pipeline/Pipeline.php(127): Illuminate\\Pipeline\\Pipeline->{closure:{closure:Illuminate\\Pipeline\\Pipeline::carry():184}:185}()
#50 /home/pranjal/Pranjal/vscode/Files/core/vendor/laravel/framework/src/Illuminate/Routing/Router.php(807): Illuminate\\Pipeline\\Pipeline->then()
#51 /home/pranjal/Pranjal/vscode/Files/core/vendor/laravel/framework/src/Illuminate/Routing/Router.php(786): Illuminate\\Routing\\Router->runRouteWithinStack()
#52 /home/pranjal/Pranjal/vscode/Files/core/vendor/laravel/framework/src/Illuminate/Routing/Router.php(750): Illuminate\\Routing\\Router->runRoute()
#53 /home/pranjal/Pranjal/vscode/Files/core/vendor/laravel/framework/src/Illuminate/Routing/Router.php(739): Illuminate\\Routing\\Router->dispatchToRoute()
#54 /home/pranjal/Pranjal/vscode/Files/core/vendor/laravel/framework/src/Illuminate/Foundation/Http/Kernel.php(201): Illuminate\\Routing\\Router->dispatch()
#55 /home/pranjal/Pranjal/vscode/Files/core/vendor/laravel/framework/src/Illuminate/Pipeline/Pipeline.php(170): Illuminate\\Foundation\\Http\\Kernel->{closure:Illuminate\\Foundation\\Http\\Kernel::dispatchToRouter():198}()
#56 /home/pranjal/Pranjal/vscode/Files/core/vendor/laravel/framework/src/Illuminate/Foundation/Http/Middleware/TransformsRequest.php(21): Illuminate\\Pipeline\\Pipeline->{closure:Illuminate\\Pipeline\\Pipeline::prepareDestination():168}()
#57 /home/pranjal/Pranjal/vscode/Files/core/vendor/laravel/framework/src/Illuminate/Foundation/Http/Middleware/ConvertEmptyStringsToNull.php(31): Illuminate\\Foundation\\Http\\Middleware\\TransformsRequest->handle()
#58 /home/pranjal/Pranjal/vscode/Files/core/vendor/laravel/framework/src/Illuminate/Pipeline/Pipeline.php(209): Illuminate\\Foundation\\Http\\Middleware\\ConvertEmptyStringsToNull->handle()
#59 /home/pranjal/Pranjal/vscode/Files/core/vendor/laravel/framework/src/Illuminate/Foundation/Http/Middleware/TransformsRequest.php(21): Illuminate\\Pipeline\\Pipeline->{closure:{closure:Illuminate\\Pipeline\\Pipeline::carry():184}:185}()
#60 /home/pranjal/Pranjal/vscode/Files/core/vendor/laravel/framework/src/Illuminate/Foundation/Http/Middleware/TrimStrings.php(51): Illuminate\\Foundation\\Http\\Middleware\\TransformsRequest->handle()
#61 /home/pranjal/Pranjal/vscode/Files/core/vendor/laravel/framework/src/Illuminate/Pipeline/Pipeline.php(209): Illuminate\\Foundation\\Http\\Middleware\\TrimStrings->handle()
#62 /home/pranjal/Pranjal/vscode/Files/core/vendor/laravel/framework/src/Illuminate/Http/Middleware/ValidatePostSize.php(27): Illuminate\\Pipeline\\Pipeline->{closure:{closure:Illuminate\\Pipeline\\Pipeline::carry():184}:185}()
#63 /home/pranjal/Pranjal/vscode/Files/core/vendor/laravel/framework/src/Illuminate/Pipeline/Pipeline.php(209): Illuminate\\Http\\Middleware\\ValidatePostSize->handle()
#64 /home/pranjal/Pranjal/vscode/Files/core/vendor/laravel/framework/src/Illuminate/Foundation/Http/Middleware/PreventRequestsDuringMaintenance.php(110): Illuminate\\Pipeline\\Pipeline->{closure:{closure:Illuminate\\Pipeline\\Pipeline::carry():184}:185}()
#65 /home/pranjal/Pranjal/vscode/Files/core/vendor/laravel/framework/src/Illuminate/Pipeline/Pipeline.php(209): Illuminate\\Foundation\\Http\\Middleware\\PreventRequestsDuringMaintenance->handle()
#66 /home/pranjal/Pranjal/vscode/Files/core/vendor/laravel/framework/src/Illuminate/Http/Middleware/HandleCors.php(49): Illuminate\\Pipeline\\Pipeline->{closure:{closure:Illuminate\\Pipeline\\Pipeline::carry():184}:185}()
#67 /home/pranjal/Pranjal/vscode/Files/core/vendor/laravel/framework/src/Illuminate/Pipeline/Pipeline.php(209): Illuminate\\Http\\Middleware\\HandleCors->handle()
#68 /home/pranjal/Pranjal/vscode/Files/core/vendor/laravel/framework/src/Illuminate/Http/Middleware/TrustProxies.php(58): Illuminate\\Pipeline\\Pipeline->{closure:{closure:Illuminate\\Pipeline\\Pipeline::carry():184}:185}()
#69 /home/pranjal/Pranjal/vscode/Files/core/vendor/laravel/framework/src/Illuminate/Pipeline/Pipeline.php(209): Illuminate\\Http\\Middleware\\TrustProxies->handle()
#70 /home/pranjal/Pranjal/vscode/Files/core/vendor/laravel/framework/src/Illuminate/Foundation/Http/Middleware/InvokeDeferredCallbacks.php(22): Illuminate\\Pipeline\\Pipeline->{closure:{closure:Illuminate\\Pipeline\\Pipeline::carry():184}:185}()
#71 /home/pranjal/Pranjal/vscode/Files/core/vendor/laravel/framework/src/Illuminate/Pipeline/Pipeline.php(209): Illuminate\\Foundation\\Http\\Middleware\\InvokeDeferredCallbacks->handle()
#72 /home/pranjal/Pranjal/vscode/Files/core/vendor/laramin/utility/src/Utility.php(15): Illuminate\\Pipeline\\Pipeline->{closure:{closure:Illuminate\\Pipeline\\Pipeline::carry():184}:185}()
#73 /home/pranjal/Pranjal/vscode/Files/core/vendor/laravel/framework/src/Illuminate/Pipeline/Pipeline.php(209): Laramin\\Utility\\Utility->handle()
#74 /home/pranjal/Pranjal/vscode/Files/core/vendor/laravel/framework/src/Illuminate/Pipeline/Pipeline.php(127): Illuminate\\Pipeline\\Pipeline->{closure:{closure:Illuminate\\Pipeline\\Pipeline::carry():184}:185}()
#75 /home/pranjal/Pranjal/vscode/Files/core/vendor/laravel/framework/src/Illuminate/Foundation/Http/Kernel.php(176): Illuminate\\Pipeline\\Pipeline->then()
#76 /home/pranjal/Pranjal/vscode/Files/core/vendor/laravel/framework/src/Illuminate/Foundation/Http/Kernel.php(145): Illuminate\\Foundation\\Http\\Kernel->sendRequestThroughRouter()
#77 /home/pranjal/Pranjal/vscode/Files/core/vendor/laravel/framework/src/Illuminate/Foundation/Application.php(1220): Illuminate\\Foundation\\Http\\Kernel->handle()
#78 /home/pranjal/Pranjal/vscode/Files/index.php(17): Illuminate\\Foundation\\Application->handleRequest()
#79 {main}
"} 
[2026-07-26 16:35:39] production.ERROR: Undefined array key "version" (View: /home/pranjal/Pranjal/vscode/Files/core/resources/views/admin/layouts/app.blade.php) (View: /home/pranjal/Pranjal/vscode/Files/core/resources/views/admin/layouts/app.blade.php) {"exception":"[object] (Illuminate\\View\\ViewException(code: 0): Undefined array key \"version\" (View: /home/pranjal/Pranjal/vscode/Files/core/resources/views/admin/layouts/app.blade.php) (View: /home/pranjal/Pranjal/vscode/Files/core/resources/views/admin/layouts/app.blade.php) at /home/pranjal/Pranjal/vscode/Files/core/app/Providers/AppServiceProvider.php:60)
[stacktrace]
#0 /home/pranjal/Pranjal/vscode/Files/core/vendor/laravel/framework/src/Illuminate/View/Engines/PhpEngine.php(60): Illuminate\\View\\Engines\\CompilerEngine->handleViewException()
#1 /home/pranjal/Pranjal/vscode/Files/core/vendor/laravel/framework/src/Illuminate/View/Engines/CompilerEngine.php(75): Illuminate\\View\\Engines\\PhpEngine->evaluatePath()
#2 /home/pranjal/Pranjal/vscode/Files/core/vendor/laravel/framework/src/Illuminate/View/View.php(209): Illuminate\\View\\Engines\\CompilerEngine->get()
#3 /home/pranjal/Pranjal/vscode/Files/core/vendor/laravel/framework/src/Illuminate/View/View.php(192): Illuminate\\View\\View->getContents()
#4 /home/pranjal/Pranjal/vscode/Files/core/vendor/laravel/framework/src/Illuminate/View/View.php(161): Illuminate\\View\\View->renderContents()
#5 /home/pranjal/Pranjal/vscode/Files/core/vendor/laravel/framework/src/Illuminate/Http/Response.php(79): Illuminate\\View\\View->render()
#6 /home/pranjal/Pranjal/vscode/Files/core/vendor/laravel/framework/src/Illuminate/Http/Response.php(35): Illuminate\\Http\\Response->setContent()
#7 /home/pranjal/Pranjal/vscode/Files/core/vendor/laravel/framework/src/Illuminate/Routing/Router.php(920): Illuminate\\Http\\Response->__construct()
#8 /home/pranjal/Pranjal/vscode/Files/core/vendor/laravel/framework/src/Illuminate/Routing/Router.php(887): Illuminate\\Routing\\Router::toResponse()
#9 /home/pranjal/Pranjal/vscode/Files/core/vendor/laravel/framework/src/Illuminate/Routing/Router.php(807): Illuminate\\Routing\\Router->prepareResponse()
#10 /home/pranjal/Pranjal/vscode/Files/core/vendor/laravel/framework/src/Illuminate/Pipeline/Pipeline.php(170): Illuminate\\Routing\\Router->{closure:Illuminate\\Routing\\Router::runRouteWithinStack():807}()
#11 /home/pranjal/Pranjal/vscode/Files/core/app/Http/Middleware/RedirectIfNotAdmin.php(22): Illuminate\\Pipeline\\Pipeline->{closure:Illuminate\\Pipeline\\Pipeline::prepareDestination():168}()
#12 /home/pranjal/Pranjal/vscode/Files/core/vendor/laravel/framework/src/Illuminate/Pipeline/Pipeline.php(209): App\\Http\\Middleware\\RedirectIfNotAdmin->handle()
#13 /home/pranjal/Pranjal/vscode/Files/core/app/Http/Middleware/ActiveTemplateMiddleware.php(31): Illuminate\\Pipeline\\Pipeline->{closure:{closure:Illuminate\\Pipeline\\Pipeline::carry():184}:185}()
#14 /home/pranjal/Pranjal/vscode/Files/core/vendor/laravel/framework/src/Illuminate/Pipeline/Pipeline.php(209): App\\Http\\Middleware\\ActiveTemplateMiddleware->handle()
#15 /home/pranjal/Pranjal/vscode/Files/core/app/Http/Middleware/LanguageMiddleware.php(22): Illuminate\\Pipeline\\Pipeline->{closure:{closure:Illuminate\\Pipeline\\Pipeline::carry():184}:185}()
#16 /home/pranjal/Pranjal/vscode/Files/core/vendor/laravel/framework/src/Illuminate/Pipeline/Pipeline.php(209): App\\Http\\Middleware\\LanguageMiddleware->handle()
#17 /home/pranjal/Pranjal/vscode/Files/core/vendor/laravel/framework/src/Illuminate/Routing/Middleware/SubstituteBindings.php(51): Illuminate\\Pipeline\\Pipeline->{closure:{closure:Illuminate\\Pipeline\\Pipeline::carry():184}:185}()
#18 /home/pranjal/Pranjal/vscode/Files/core/vendor/laravel/framework/src/Illuminate/Pipeline/Pipeline.php(209): Illuminate\\Routing\\Middleware\\SubstituteBindings->handle()
#19 /home/pranjal/Pranjal/vscode/Files/core/vendor/laravel/framework/src/Illuminate/Foundation/Http/Middleware/VerifyCsrfToken.php(88): Illuminate\\Pipeline\\Pipeline->{closure:{closure:Illuminate\\Pipeline\\Pipeline::carry():184}:185}()
#20 /home/pranjal/Pranjal/vscode/Files/core/vendor/laravel/framework/src/Illuminate/Pipeline/Pipeline.php(209): Illuminate\\Foundation\\Http\\Middleware\\VerifyCsrfToken->handle()
#21 /home/pranjal/Pranjal/vscode/Files/core/vendor/laravel/framework/src/Illuminate/View/Middleware/ShareErrorsFromSession.php(49): Illuminate\\Pipeline\\Pipeline->{closure:{closure:Illuminate\\Pipeline\\Pipeline::carry():184}:185}()
#22 /home/pranjal/Pranjal/vscode/Files/core/vendor/laravel/framework/src/Illuminate/Pipeline/Pipeline.php(209): Illuminate\\View\\Middleware\\ShareErrorsFromSession->handle()
#23 /home/pranjal/Pranjal/vscode/Files/core/vendor/laravel/framework/src/Illuminate/Session/Middleware/StartSession.php(121): Illuminate\\Pipeline\\Pipeline->{closure:{closure:Illuminate\\Pipeline\\Pipeline::carry():184}:185}()
#24 /home/pranjal/Pranjal/vscode/Files/core/vendor/laravel/framework/src/Illuminate/Session/Middleware/StartSession.php(64): Illuminate\\Session\\Middleware\\StartSession->handleStatefulRequest()
#25 /home/pranjal/Pranjal/vscode/Files/core/vendor/laravel/framework/src/Illuminate/Pipeline/Pipeline.php(209): Illuminate\\Session\\Middleware\\StartSession->handle()
#26 /home/pranjal/Pranjal/vscode/Files/core/vendor/laravel/framework/src/Illuminate/Cookie/Middleware/AddQueuedCookiesToResponse.php(37): Illuminate\\Pipeline\\Pipeline->{closure:{closure:Illuminate\\Pipeline\\Pipeline::carry():184}:185}()
#27 /home/pranjal/Pranjal/vscode/Files/core/vendor/laravel/framework/src/Illuminate/Pipeline/Pipeline.php(209): Illuminate\\Cookie\\Middleware\\AddQueuedCookiesToResponse->handle()
#28 /home/pranjal/Pranjal/vscode/Files/core/vendor/laramin/utility/src/Utility.php(15): Illuminate\\Pipeline\\Pipeline->{closure:{closure:Illuminate\\Pipeline\\Pipeline::carry():184}:185}()
#29 /home/pranjal/Pranjal/vscode/Files/core/vendor/laravel/framework/src/Illuminate/Pipeline/Pipeline.php(209): Laramin\\Utility\\Utility->handle()
#30 /home/pranjal/Pranjal/vscode/Files/core/vendor/laravel/framework/src/Illuminate/Pipeline/Pipeline.php(127): Illuminate\\Pipeline\\Pipeline->{closure:{closure:Illuminate\\Pipeline\\Pipeline::carry():184}:185}()
#31 /home/pranjal/Pranjal/vscode/Files/core/vendor/laravel/framework/src/Illuminate/Routing/Router.php(807): Illuminate\\Pipeline\\Pipeline->then()
#32 /home/pranjal/Pranjal/vscode/Files/core/vendor/laravel/framework/src/Illuminate/Routing/Router.php(786): Illuminate\\Routing\\Router->runRouteWithinStack()
#33 /home/pranjal/Pranjal/vscode/Files/core/vendor/laravel/framework/src/Illuminate/Routing/Router.php(750): Illuminate\\Routing\\Router->runRoute()
#34 /home/pranjal/Pranjal/vscode/Files/core/vendor/laravel/framework/src/Illuminate/Routing/Router.php(739): Illuminate\\Routing\\Router->dispatchToRoute()
#35 /home/pranjal/Pranjal/vscode/Files/core/vendor/laravel/framework/src/Illuminate/Foundation/Http/Kernel.php(201): Illuminate\\Routing\\Router->dispatch()
#36 /home/pranjal/Pranjal/vscode/Files/core/vendor/laravel/framework/src/Illuminate/Pipeline/Pipeline.php(170): Illuminate\\Foundation\\Http\\Kernel->{closure:Illuminate\\Foundation\\Http\\Kernel::dispatchToRouter():198}()
#37 /home/pranjal/Pranjal/vscode/Files/core/vendor/laravel/framework/src/Illuminate/Foundation/Http/Middleware/TransformsRequest.php(21): Illuminate\\Pipeline\\Pipeline->{closure:Illuminate\\Pipeline\\Pipeline::prepareDestination():168}()
#38 /home/pranjal/Pranjal/vscode/Files/core/vendor/laravel/framework/src/Illuminate/Foundation/Http/Middleware/ConvertEmptyStringsToNull.php(31): Illuminate\\Foundation\\Http\\Middleware\\TransformsRequest->handle()
#39 /home/pranjal/Pranjal/vscode/Files/core/vendor/laravel/framework/src/Illuminate/Pipeline/Pipeline.php(209): Illuminate\\Foundation\\Http\\Middleware\\ConvertEmptyStringsToNull->handle()
#40 /home/pranjal/Pranjal/vscode/Files/core/vendor/laravel/framework/src/Illuminate/Foundation/Http/Middleware/TransformsRequest.php(21): Illuminate\\Pipeline\\Pipeline->{closure:{closure:Illuminate\\Pipeline\\Pipeline::carry():184}:185}()
#41 /home/pranjal/Pranjal/vscode/Files/core/vendor/laravel/framework/src/Illuminate/Foundation/Http/Middleware/TrimStrings.php(51): Illuminate\\Foundation\\Http\\Middleware\\TransformsRequest->handle()
#42 /home/pranjal/Pranjal/vscode/Files/core/vendor/laravel/framework/src/Illuminate/Pipeline/Pipeline.php(209): Illuminate\\Foundation\\Http\\Middleware\\TrimStrings->handle()
#43 /home/pranjal/Pranjal/vscode/Files/core/vendor/laravel/framework/src/Illuminate/Http/Middleware/ValidatePostSize.php(27): Illuminate\\Pipeline\\Pipeline->{closure:{closure:Illuminate\\Pipeline\\Pipeline::carry():184}:185}()
#44 /home/pranjal/Pranjal/vscode/Files/core/vendor/laravel/framework/src/Illuminate/Pipeline/Pipeline.php(209): Illuminate\\Http\\Middleware\\ValidatePostSize->handle()
#45 /home/pranjal/Pranjal/vscode/Files/core/vendor/laravel/framework/src/Illuminate/Foundation/Http/Middleware/PreventRequestsDuringMaintenance.php(110): Illuminate\\Pipeline\\Pipeline->{closure:{closure:Illuminate\\Pipeline\\Pipeline::carry():184}:185}()
#46 /home/pranjal/Pranjal/vscode/Files/core/vendor/laravel/framework/src/Illuminate/Pipeline/Pipeline.php(209): Illuminate\\Foundation\\Http\\Middleware\\PreventRequestsDuringMaintenance->handle()
#47 /home/pranjal/Pranjal/vscode/Files/core/vendor/laravel/framework/src/Illuminate/Http/Middleware/HandleCors.php(49): Illuminate\\Pipeline\\Pipeline->{closure:{closure:Illuminate\\Pipeline\\Pipeline::carry():184}:185}()
#48 /home/pranjal/Pranjal/vscode/Files/core/vendor/laravel/framework/src/Illuminate/Pipeline/Pipeline.php(209): Illuminate\\Http\\Middleware\\HandleCors->handle()
#49 /home/pranjal/Pranjal/vscode/Files/core/vendor/laravel/framework/src/Illuminate/Http/Middleware/TrustProxies.php(58): Illuminate\\Pipeline\\Pipeline->{closure:{closure:Illuminate\\Pipeline\\Pipeline::carry():184}:185}()
#50 /home/pranjal/Pranjal/vscode/Files/core/vendor/laravel/framework/src/Illuminate/Pipeline/Pipeline.php(209): Illuminate\\Http\\Middleware\\TrustProxies->handle()
#51 /home/pranjal/Pranjal/vscode/Files/core/vendor/laravel/framework/src/Illuminate/Foundation/Http/Middleware/InvokeDeferredCallbacks.php(22): Illuminate\\Pipeline\\Pipeline->{closure:{closure:Illuminate\\Pipeline\\Pipeline::carry():184}:185}()
#52 /home/pranjal/Pranjal/vscode/Files/core/vendor/laravel/framework/src/Illuminate/Pipeline/Pipeline.php(209): Illuminate\\Foundation\\Http\\Middleware\\InvokeDeferredCallbacks->handle()
#53 /home/pranjal/Pranjal/vscode/Files/core/vendor/laramin/utility/src/Utility.php(15): Illuminate\\Pipeline\\Pipeline->{closure:{closure:Illuminate\\Pipeline\\Pipeline::carry():184}:185}()
#54 /home/pranjal/Pranjal/vscode/Files/core/vendor/laravel/framework/src/Illuminate/Pipeline/Pipeline.php(209): Laramin\\Utility\\Utility->handle()
#55 /home/pranjal/Pranjal/vscode/Files/core/vendor/laravel/framework/src/Illuminate/Pipeline/Pipeline.php(127): Illuminate\\Pipeline\\Pipeline->{closure:{closure:Illuminate\\Pipeline\\Pipeline::carry():184}:185}()
#56 /home/pranjal/Pranjal/vscode/Files/core/vendor/laravel/framework/src/Illuminate/Foundation/Http/Kernel.php(176): Illuminate\\Pipeline\\Pipeline->then()
#57 /home/pranjal/Pranjal/vscode/Files/core/vendor/laravel/framework/src/Illuminate/Foundation/Http/Kernel.php(145): Illuminate\\Foundation\\Http\\Kernel->sendRequestThroughRouter()
#58 /home/pranjal/Pranjal/vscode/Files/core/vendor/laravel/framework/src/Illuminate/Foundation/Application.php(1220): Illuminate\\Foundation\\Http\\Kernel->handle()
#59 /home/pranjal/Pranjal/vscode/Files/index.php(17): Illuminate\\Foundation\\Application->handleRequest()
#60 {main}

[previous exception] [object] (Illuminate\\View\\ViewException(code: 0): Undefined array key \"version\" (View: /home/pranjal/Pranjal/vscode/Files/core/resources/views/admin/layouts/app.blade.php) at /home/pranjal/Pranjal/vscode/Files/core/app/Providers/AppServiceProvider.php:60)
[stacktrace]
#0 /home/pranjal/Pranjal/vscode/Files/core/vendor/laravel/framework/src/Illuminate/View/Engines/PhpEngine.php(60): Illuminate\\View\\Engines\\CompilerEngine->handleViewException()
#1 /home/pranjal/Pranjal/vscode/Files/core/vendor/laravel/framework/src/Illuminate/View/Engines/CompilerEngine.php(75): Illuminate\\View\\Engines\\PhpEngine->evaluatePath()
#2 /home/pranjal/Pranjal/vscode/Files/core/vendor/laravel/framework/src/Illuminate/View/View.php(209): Illuminate\\View\\Engines\\CompilerEngine->get()
#3 /home/pranjal/Pranjal/vscode/Files/core/vendor/laravel/framework/src/Illuminate/View/View.php(192): Illuminate\\View\\View->getContents()
#4 /home/pranjal/Pranjal/vscode/Files/core/vendor/laravel/framework/src/Illuminate/View/View.php(161): Illuminate\\View\\View->renderContents()
#5 /home/pranjal/Pranjal/vscode/Files/core/storage/framework/views/352e4f31816487ef220ed296bddaef8a.php(341): Illuminate\\View\\View->render()
#6 /home/pranjal/Pranjal/vscode/Files/core/vendor/laravel/framework/src/Illuminate/Filesystem/Filesystem.php(123): require('...')
#7 /home/pranjal/Pranjal/vscode/Files/core/vendor/laravel/framework/src/Illuminate/Filesystem/Filesystem.php(124): Illuminate\\Filesystem\\Filesystem::{closure:Illuminate\\Filesystem\\Filesystem::getRequire():120}()
#8 /home/pranjal/Pranjal/vscode/Files/core/vendor/laravel/framework/src/Illuminate/View/Engines/PhpEngine.php(58): Illuminate\\Filesystem\\Filesystem->getRequire()
#9 /home/pranjal/Pranjal/vscode/Files/core/vendor/laravel/framework/src/Illuminate/View/Engines/CompilerEngine.php(75): Illuminate\\View\\Engines\\PhpEngine->evaluatePath()
#10 /home/pranjal/Pranjal/vscode/Files/core/vendor/laravel/framework/src/Illuminate/View/View.php(209): Illuminate\\View\\Engines\\CompilerEngine->get()
#11 /home/pranjal/Pranjal/vscode/Files/core/vendor/laravel/framework/src/Illuminate/View/View.php(192): Illuminate\\View\\View->getContents()
#12 /home/pranjal/Pranjal/vscode/Files/core/vendor/laravel/framework/src/Illuminate/View/View.php(161): Illuminate\\View\\View->renderContents()
#13 /home/pranjal/Pranjal/vscode/Files/core/vendor/laravel/framework/src/Illuminate/Http/Response.php(79): Illuminate\\View\\View->render()
#14 /home/pranjal/Pranjal/vscode/Files/core/vendor/laravel/framework/src/Illuminate/Http/Response.php(35): Illuminate\\Http\\Response->setContent()
#15 /home/pranjal/Pranjal/vscode/Files/core/vendor/laravel/framework/src/Illuminate/Routing/Router.php(920): Illuminate\\Http\\Response->__construct()
#16 /home/pranjal/Pranjal/vscode/Files/core/vendor/laravel/framework/src/Illuminate/Routing/Router.php(887): Illuminate\\Routing\\Router::toResponse()
#17 /home/pranjal/Pranjal/vscode/Files/core/vendor/laravel/framework/src/Illuminate/Routing/Router.php(807): Illuminate\\Routing\\Router->prepareResponse()
#18 /home/pranjal/Pranjal/vscode/Files/core/vendor/laravel/framework/src/Illuminate/Pipeline/Pipeline.php(170): Illuminate\\Routing\\Router->{closure:Illuminate\\Routing\\Router::runRouteWithinStack():807}()
#19 /home/pranjal/Pranjal/vscode/Files/core/app/Http/Middleware/RedirectIfNotAdmin.php(22): Illuminate\\Pipeline\\Pipeline->{closure:Illuminate\\Pipeline\\Pipeline::prepareDestination():168}()
#20 /home/pranjal/Pranjal/vscode/Files/core/vendor/laravel/framework/src/Illuminate/Pipeline/Pipeline.php(209): App\\Http\\Middleware\\RedirectIfNotAdmin->handle()
#21 /home/pranjal/Pranjal/vscode/Files/core/app/Http/Middleware/ActiveTemplateMiddleware.php(31): Illuminate\\Pipeline\\Pipeline->{closure:{closure:Illuminate\\Pipeline\\Pipeline::carry():184}:185}()
#22 /home/pranjal/Pranjal/vscode/Files/core/vendor/laravel/framework/src/Illuminate/Pipeline/Pipeline.php(209): App\\Http\\Middleware\\ActiveTemplateMiddleware->handle()
#23 /home/pranjal/Pranjal/vscode/Files/core/app/Http/Middleware/LanguageMiddleware.php(22): Illuminate\\Pipeline\\Pipeline->{closure:{closure:Illuminate\\Pipeline\\Pipeline::carry():184}:185}()
#24 /home/pranjal/Pranjal/vscode/Files/core/vendor/laravel/framework/src/Illuminate/Pipeline/Pipeline.php(209): App\\Http\\Middleware\\LanguageMiddleware->handle()
#25 /home/pranjal/Pranjal/vscode/Files/core/vendor/laravel/framework/src/Illuminate/Routing/Middleware/SubstituteBindings.php(51): Illuminate\\Pipeline\\Pipeline->{closure:{closure:Illuminate\\Pipeline\\Pipeline::carry():184}:185}()
#26 /home/pranjal/Pranjal/vscode/Files/core/vendor/laravel/framework/src/Illuminate/Pipeline/Pipeline.php(209): Illuminate\\Routing\\Middleware\\SubstituteBindings->handle()
#27 /home/pranjal/Pranjal/vscode/Files/core/vendor/laravel/framework/src/Illuminate/Foundation/Http/Middleware/VerifyCsrfToken.php(88): Illuminate\\Pipeline\\Pipeline->{closure:{closure:Illuminate\\Pipeline\\Pipeline::carry():184}:185}()
#28 /home/pranjal/Pranjal/vscode/Files/core/vendor/laravel/framework/src/Illuminate/Pipeline/Pipeline.php(209): Illuminate\\Foundation\\Http\\Middleware\\VerifyCsrfToken->handle()
#29 /home/pranjal/Pranjal/vscode/Files/core/vendor/laravel/framework/src/Illuminate/View/Middleware/ShareErrorsFromSession.php(49): Illuminate\\Pipeline\\Pipeline->{closure:{closure:Illuminate\\Pipeline\\Pipeline::carry():184}:185}()
#30 /home/pranjal/Pranjal/vscode/Files/core/vendor/laravel/framework/src/Illuminate/Pipeline/Pipeline.php(209): Illuminate\\View\\Middleware\\ShareErrorsFromSession->handle()
#31 /home/pranjal/Pranjal/vscode/Files/core/vendor/laravel/framework/src/Illuminate/Session/Middleware/StartSession.php(121): Illuminate\\Pipeline\\Pipeline->{closure:{closure:Illuminate\\Pipeline\\Pipeline::carry():184}:185}()
#32 /home/pranjal/Pranjal/vscode/Files/core/vendor/laravel/framework/src/Illuminate/Session/Middleware/StartSession.php(64): Illuminate\\Session\\Middleware\\StartSession->handleStatefulRequest()
#33 /home/pranjal/Pranjal/vscode/Files/core/vendor/laravel/framework/src/Illuminate/Pipeline/Pipeline.php(209): Illuminate\\Session\\Middleware\\StartSession->handle()
#34 /home/pranjal/Pranjal/vscode/Files/core/vendor/laravel/framework/src/Illuminate/Cookie/Middleware/AddQueuedCookiesToResponse.php(37): Illuminate\\Pipeline\\Pipeline->{closure:{closure:Illuminate\\Pipeline\\Pipeline::carry():184}:185}()
#35 /home/pranjal/Pranjal/vscode/Files/core/vendor/laravel/framework/src/Illuminate/Pipeline/Pipeline.php(209): Illuminate\\Cookie\\Middleware\\AddQueuedCookiesToResponse->handle()
#36 /home/pranjal/Pranjal/vscode/Files/core/vendor/laramin/utility/src/Utility.php(15): Illuminate\\Pipeline\\Pipeline->{closure:{closure:Illuminate\\Pipeline\\Pipeline::carry():184}:185}()
#37 /home/pranjal/Pranjal/vscode/Files/core/vendor/laravel/framework/src/Illuminate/Pipeline/Pipeline.php(209): Laramin\\Utility\\Utility->handle()
#38 /home/pranjal/Pranjal/vscode/Files/core/vendor/laravel/framework/src/Illuminate/Pipeline/Pipeline.php(127): Illuminate\\Pipeline\\Pipeline->{closure:{closure:Illuminate\\Pipeline\\Pipeline::carry():184}:185}()
#39 /home/pranjal/Pranjal/vscode/Files/core/vendor/laravel/framework/src/Illuminate/Routing/Router.php(807): Illuminate\\Pipeline\\Pipeline->then()
#40 /home/pranjal/Pranjal/vscode/Files/core/vendor/laravel/framework/src/Illuminate/Routing/Router.php(786): Illuminate\\Routing\\Router->runRouteWithinStack()
#41 /home/pranjal/Pranjal/vscode/Files/core/vendor/laravel/framework/src/Illuminate/Routing/Router.php(750): Illuminate\\Routing\\Router->runRoute()
#42 /home/pranjal/Pranjal/vscode/Files/core/vendor/laravel/framework/src/Illuminate/Routing/Router.php(739): Illuminate\\Routing\\Router->dispatchToRoute()
#43 /home/pranjal/Pranjal/vscode/Files/core/vendor/laravel/framework/src/Illuminate/Foundation/Http/Kernel.php(201): Illuminate\\Routing\\Router->dispatch()
#44 /home/pranjal/Pranjal/vscode/Files/core/vendor/laravel/framework/src/Illuminate/Pipeline/Pipeline.php(170): Illuminate\\Foundation\\Http\\Kernel->{closure:Illuminate\\Foundation\\Http\\Kernel::dispatchToRouter():198}()
#45 /home/pranjal/Pranjal/vscode/Files/core/vendor/laravel/framework/src/Illuminate/Foundation/Http/Middleware/TransformsRequest.php(21): Illuminate\\Pipeline\\Pipeline->{closure:Illuminate\\Pipeline\\Pipeline::prepareDestination():168}()
#46 /home/pranjal/Pranjal/vscode/Files/core/vendor/laravel/framework/src/Illuminate/Foundation/Http/Middleware/ConvertEmptyStringsToNull.php(31): Illuminate\\Foundation\\Http\\Middleware\\TransformsRequest->handle()
#47 /home/pranjal/Pranjal/vscode/Files/core/vendor/laravel/framework/src/Illuminate/Pipeline/Pipeline.php(209): Illuminate\\Foundation\\Http\\Middleware\\ConvertEmptyStringsToNull->handle()
#48 /home/pranjal/Pranjal/vscode/Files/core/vendor/laravel/framework/src/Illuminate/Foundation/Http/Middleware/TransformsRequest.php(21): Illuminate\\Pipeline\\Pipeline->{closure:{closure:Illuminate\\Pipeline\\Pipeline::carry():184}:185}()
#49 /home/pranjal/Pranjal/vscode/Files/core/vendor/laravel/framework/src/Illuminate/Foundation/Http/Middleware/TrimStrings.php(51): Illuminate\\Foundation\\Http\\Middleware\\TransformsRequest->handle()
#50 /home/pranjal/Pranjal/vscode/Files/core/vendor/laravel/framework/src/Illuminate/Pipeline/Pipeline.php(209): Illuminate\\Foundation\\Http\\Middleware\\TrimStrings->handle()
#51 /home/pranjal/Pranjal/vscode/Files/core/vendor/laravel/framework/src/Illuminate/Http/Middleware/ValidatePostSize.php(27): Illuminate\\Pipeline\\Pipeline->{closure:{closure:Illuminate\\Pipeline\\Pipeline::carry():184}:185}()
#52 /home/pranjal/Pranjal/vscode/Files/core/vendor/laravel/framework/src/Illuminate/Pipeline/Pipeline.php(209): Illuminate\\Http\\Middleware\\ValidatePostSize->handle()
#53 /home/pranjal/Pranjal/vscode/Files/core/vendor/laravel/framework/src/Illuminate/Foundation/Http/Middleware/PreventRequestsDuringMaintenance.php(110): Illuminate\\Pipeline\\Pipeline->{closure:{closure:Illuminate\\Pipeline\\Pipeline::carry():184}:185}()
#54 /home/pranjal/Pranjal/vscode/Files/core/vendor/laravel/framework/src/Illuminate/Pipeline/Pipeline.php(209): Illuminate\\Foundation\\Http\\Middleware\\PreventRequestsDuringMaintenance->handle()
#55 /home/pranjal/Pranjal/vscode/Files/core/vendor/laravel/framework/src/Illuminate/Http/Middleware/HandleCors.php(49): Illuminate\\Pipeline\\Pipeline->{closure:{closure:Illuminate\\Pipeline\\Pipeline::carry():184}:185}()
#56 /home/pranjal/Pranjal/vscode/Files/core/vendor/laravel/framework/src/Illuminate/Pipeline/Pipeline.php(209): Illuminate\\Http\\Middleware\\HandleCors->handle()
#57 /home/pranjal/Pranjal/vscode/Files/core/vendor/laravel/framework/src/Illuminate/Http/Middleware/TrustProxies.php(58): Illuminate\\Pipeline\\Pipeline->{closure:{closure:Illuminate\\Pipeline\\Pipeline::carry():184}:185}()
#58 /home/pranjal/Pranjal/vscode/Files/core/vendor/laravel/framework/src/Illuminate/Pipeline/Pipeline.php(209): Illuminate\\Http\\Middleware\\TrustProxies->handle()
#59 /home/pranjal/Pranjal/vscode/Files/core/vendor/laravel/framework/src/Illuminate/Foundation/Http/Middleware/InvokeDeferredCallbacks.php(22): Illuminate\\Pipeline\\Pipeline->{closure:{closure:Illuminate\\Pipeline\\Pipeline::carry():184}:185}()
#60 /home/pranjal/Pranjal/vscode/Files/core/vendor/laravel/framework/src/Illuminate/Pipeline/Pipeline.php(209): Illuminate\\Foundation\\Http\\Middleware\\InvokeDeferredCallbacks->handle()
#61 /home/pranjal/Pranjal/vscode/Files/core/vendor/laramin/utility/src/Utility.php(15): Illuminate\\Pipeline\\Pipeline->{closure:{closure:Illuminate\\Pipeline\\Pipeline::carry():184}:185}()
#62 /home/pranjal/Pranjal/vscode/Files/core/vendor/laravel/framework/src/Illuminate/Pipeline/Pipeline.php(209): Laramin\\Utility\\Utility->handle()
#63 /home/pranjal/Pranjal/vscode/Files/core/vendor/laravel/framework/src/Illuminate/Pipeline/Pipeline.php(127): Illuminate\\Pipeline\\Pipeline->{closure:{closure:Illuminate\\Pipeline\\Pipeline::carry():184}:185}()
#64 /home/pranjal/Pranjal/vscode/Files/core/vendor/laravel/framework/src/Illuminate/Foundation/Http/Kernel.php(176): Illuminate\\Pipeline\\Pipeline->then()
#65 /home/pranjal/Pranjal/vscode/Files/core/vendor/laravel/framework/src/Illuminate/Foundation/Http/Kernel.php(145): Illuminate\\Foundation\\Http\\Kernel->sendRequestThroughRouter()
#66 /home/pranjal/Pranjal/vscode/Files/core/vendor/laravel/framework/src/Illuminate/Foundation/Application.php(1220): Illuminate\\Foundation\\Http\\Kernel->handle()
#67 /home/pranjal/Pranjal/vscode/Files/index.php(17): Illuminate\\Foundation\\Application->handleRequest()
#68 {main}

[previous exception] [object] (ErrorException(code: 0): Undefined array key \"version\" at /home/pranjal/Pranjal/vscode/Files/core/app/Providers/AppServiceProvider.php:60)
[stacktrace]
#0 /home/pranjal/Pranjal/vscode/Files/core/vendor/laravel/framework/src/Illuminate/Foundation/Bootstrap/HandleExceptions.php(258): Illuminate\\Foundation\\Bootstrap\\HandleExceptions->handleError()
#1 /home/pranjal/Pranjal/vscode/Files/core/app/Providers/AppServiceProvider.php(60): Illuminate\\Foundation\\Bootstrap\\HandleExceptions->{closure:Illuminate\\Foundation\\Bootstrap\\HandleExceptions::forwardsTo():257}()
#2 /home/pranjal/Pranjal/vscode/Files/core/vendor/laravel/framework/src/Illuminate/Events/Dispatcher.php(459): App\\Providers\\AppServiceProvider->{closure:App\\Providers\\AppServiceProvider::boot():51}()
#3 /home/pranjal/Pranjal/vscode/Files/core/vendor/laravel/framework/src/Illuminate/Events/Dispatcher.php(287): Illuminate\\Events\\Dispatcher->{closure:Illuminate\\Events\\Dispatcher::makeListener():454}()
#4 /home/pranjal/Pranjal/vscode/Files/core/vendor/laravel/framework/src/Illuminate/Events/Dispatcher.php(267): Illuminate\\Events\\Dispatcher->invokeListeners()
#5 /home/pranjal/Pranjal/vscode/Files/core/vendor/laravel/framework/src/Illuminate/View/Concerns/ManagesEvents.php(178): Illuminate\\Events\\Dispatcher->dispatch()
#6 /home/pranjal/Pranjal/vscode/Files/core/vendor/laravel/framework/src/Illuminate/View/View.php(190): Illuminate\\View\\Factory->callComposer()
#7 /home/pranjal/Pranjal/vscode/Files/core/vendor/laravel/framework/src/Illuminate/View/View.php(161): Illuminate\\View\\View->renderContents()
#8 /home/pranjal/Pranjal/vscode/Files/core/storage/framework/views/bd994467445c0c077eb81ef6ab510c57.php(7): Illuminate\\View\\View->render()
#9 /home/pranjal/Pranjal/vscode/Files/core/vendor/laravel/framework/src/Illuminate/Filesystem/Filesystem.php(123): require('...')
#10 /home/pranjal/Pranjal/vscode/Files/core/vendor/laravel/framework/src/Illuminate/Filesystem/Filesystem.php(124): Illuminate\\Filesystem\\Filesystem::{closure:Illuminate\\Filesystem\\Filesystem::getRequire():120}()
#11 /home/pranjal/Pranjal/vscode/Files/core/vendor/laravel/framework/src/Illuminate/View/Engines/PhpEngine.php(58): Illuminate\\Filesystem\\Filesystem->getRequire()
#12 /home/pranjal/Pranjal/vscode/Files/core/vendor/laravel/framework/src/Illuminate/View/Engines/CompilerEngine.php(75): Illuminate\\View\\Engines\\PhpEngine->evaluatePath()
#13 /home/pranjal/Pranjal/vscode/Files/core/vendor/laravel/framework/src/Illuminate/View/View.php(209): Illuminate\\View\\Engines\\CompilerEngine->get()
#14 /home/pranjal/Pranjal/vscode/Files/core/vendor/laravel/framework/src/Illuminate/View/View.php(192): Illuminate\\View\\View->getContents()
#15 /home/pranjal/Pranjal/vscode/Files/core/vendor/laravel/framework/src/Illuminate/View/View.php(161): Illuminate\\View\\View->renderContents()
#16 /home/pranjal/Pranjal/vscode/Files/core/storage/framework/views/352e4f31816487ef220ed296bddaef8a.php(341): Illuminate\\View\\View->render()
#17 /home/pranjal/Pranjal/vscode/Files/core/vendor/laravel/framework/src/Illuminate/Filesystem/Filesystem.php(123): require('...')
#18 /home/pranjal/Pranjal/vscode/Files/core/vendor/laravel/framework/src/Illuminate/Filesystem/Filesystem.php(124): Illuminate\\Filesystem\\Filesystem::{closure:Illuminate\\Filesystem\\Filesystem::getRequire():120}()
#19 /home/pranjal/Pranjal/vscode/Files/core/vendor/laravel/framework/src/Illuminate/View/Engines/PhpEngine.php(58): Illuminate\\Filesystem\\Filesystem->getRequire()
#20 /home/pranjal/Pranjal/vscode/Files/core/vendor/laravel/framework/src/Illuminate/View/Engines/CompilerEngine.php(75): Illuminate\\View\\Engines\\PhpEngine->evaluatePath()
#21 /home/pranjal/Pranjal/vscode/Files/core/vendor/laravel/framework/src/Illuminate/View/View.php(209): Illuminate\\View\\Engines\\CompilerEngine->get()
#22 /home/pranjal/Pranjal/vscode/Files/core/vendor/laravel/framework/src/Illuminate/View/View.php(192): Illuminate\\View\\View->getContents()
#23 /home/pranjal/Pranjal/vscode/Files/core/vendor/laravel/framework/src/Illuminate/View/View.php(161): Illuminate\\View\\View->renderContents()
#24 /home/pranjal/Pranjal/vscode/Files/core/vendor/laravel/framework/src/Illuminate/Http/Response.php(79): Illuminate\\View\\View->render()
#25 /home/pranjal/Pranjal/vscode/Files/core/vendor/laravel/framework/src/Illuminate/Http/Response.php(35): Illuminate\\Http\\Response->setContent()
#26 /home/pranjal/Pranjal/vscode/Files/core/vendor/laravel/framework/src/Illuminate/Routing/Router.php(920): Illuminate\\Http\\Response->__construct()
#27 /home/pranjal/Pranjal/vscode/Files/core/vendor/laravel/framework/src/Illuminate/Routing/Router.php(887): Illuminate\\Routing\\Router::toResponse()
#28 /home/pranjal/Pranjal/vscode/Files/core/vendor/laravel/framework/src/Illuminate/Routing/Router.php(807): Illuminate\\Routing\\Router->prepareResponse()
#29 /home/pranjal/Pranjal/vscode/Files/core/vendor/laravel/framework/src/Illuminate/Pipeline/Pipeline.php(170): Illuminate\\Routing\\Router->{closure:Illuminate\\Routing\\Router::runRouteWithinStack():807}()
#30 /home/pranjal/Pranjal/vscode/Files/core/app/Http/Middleware/RedirectIfNotAdmin.php(22): Illuminate\\Pipeline\\Pipeline->{closure:Illuminate\\Pipeline\\Pipeline::prepareDestination():168}()
#31 /home/pranjal/Pranjal/vscode/Files/core/vendor/laravel/framework/src/Illuminate/Pipeline/Pipeline.php(209): App\\Http\\Middleware\\RedirectIfNotAdmin->handle()
#32 /home/pranjal/Pranjal/vscode/Files/core/app/Http/Middleware/ActiveTemplateMiddleware.php(31): Illuminate\\Pipeline\\Pipeline->{closure:{closure:Illuminate\\Pipeline\\Pipeline::carry():184}:185}()
#33 /home/pranjal/Pranjal/vscode/Files/core/vendor/laravel/framework/src/Illuminate/Pipeline/Pipeline.php(209): App\\Http\\Middleware\\ActiveTemplateMiddleware->handle()
#34 /home/pranjal/Pranjal/vscode/Files/core/app/Http/Middleware/LanguageMiddleware.php(22): Illuminate\\Pipeline\\Pipeline->{closure:{closure:Illuminate\\Pipeline\\Pipeline::carry():184}:185}()
#35 /home/pranjal/Pranjal/vscode/Files/core/vendor/laravel/framework/src/Illuminate/Pipeline/Pipeline.php(209): App\\Http\\Middleware\\LanguageMiddleware->handle()
#36 /home/pranjal/Pranjal/vscode/Files/core/vendor/laravel/framework/src/Illuminate/Routing/Middleware/SubstituteBindings.php(51): Illuminate\\Pipeline\\Pipeline->{closure:{closure:Illuminate\\Pipeline\\Pipeline::carry():184}:185}()
#37 /home/pranjal/Pranjal/vscode/Files/core/vendor/laravel/framework/src/Illuminate/Pipeline/Pipeline.php(209): Illuminate\\Routing\\Middleware\\SubstituteBindings->handle()
#38 /home/pranjal/Pranjal/vscode/Files/core/vendor/laravel/framework/src/Illuminate/Foundation/Http/Middleware/VerifyCsrfToken.php(88): Illuminate\\Pipeline\\Pipeline->{closure:{closure:Illuminate\\Pipeline\\Pipeline::carry():184}:185}()
#39 /home/pranjal/Pranjal/vscode/Files/core/vendor/laravel/framework/src/Illuminate/Pipeline/Pipeline.php(209): Illuminate\\Foundation\\Http\\Middleware\\VerifyCsrfToken->handle()
#40 /home/pranjal/Pranjal/vscode/Files/core/vendor/laravel/framework/src/Illuminate/View/Middleware/ShareErrorsFromSession.php(49): Illuminate\\Pipeline\\Pipeline->{closure:{closure:Illuminate\\Pipeline\\Pipeline::carry():184}:185}()
#41 /home/pranjal/Pranjal/vscode/Files/core/vendor/laravel/framework/src/Illuminate/Pipeline/Pipeline.php(209): Illuminate\\View\\Middleware\\ShareErrorsFromSession->handle()
#42 /home/pranjal/Pranjal/vscode/Files/core/vendor/laravel/framework/src/Illuminate/Session/Middleware/StartSession.php(121): Illuminate\\Pipeline\\Pipeline->{closure:{closure:Illuminate\\Pipeline\\Pipeline::carry():184}:185}()
#43 /home/pranjal/Pranjal/vscode/Files/core/vendor/laravel/framework/src/Illuminate/Session/Middleware/StartSession.php(64): Illuminate\\Session\\Middleware\\StartSession->handleStatefulRequest()
#44 /home/pranjal/Pranjal/vscode/Files/core/vendor/laravel/framework/src/Illuminate/Pipeline/Pipeline.php(209): Illuminate\\Session\\Middleware\\StartSession->handle()
#45 /home/pranjal/Pranjal/vscode/Files/core/vendor/laravel/framework/src/Illuminate/Cookie/Middleware/AddQueuedCookiesToResponse.php(37): Illuminate\\Pipeline\\Pipeline->{closure:{closure:Illuminate\\Pipeline\\Pipeline::carry():184}:185}()
#46 /home/pranjal/Pranjal/vscode/Files/core/vendor/laravel/framework/src/Illuminate/Pipeline/Pipeline.php(209): Illuminate\\Cookie\\Middleware\\AddQueuedCookiesToResponse->handle()
#47 /home/pranjal/Pranjal/vscode/Files/core/vendor/laramin/utility/src/Utility.php(15): Illuminate\\Pipeline\\Pipeline->{closure:{closure:Illuminate\\Pipeline\\Pipeline::carry():184}:185}()
#48 /home/pranjal/Pranjal/vscode/Files/core/vendor/laravel/framework/src/Illuminate/Pipeline/Pipeline.php(209): Laramin\\Utility\\Utility->handle()
#49 /home/pranjal/Pranjal/vscode/Files/core/vendor/laravel/framework/src/Illuminate/Pipeline/Pipeline.php(127): Illuminate\\Pipeline\\Pipeline->{closure:{closure:Illuminate\\Pipeline\\Pipeline::carry():184}:185}()
#50 /home/pranjal/Pranjal/vscode/Files/core/vendor/laravel/framework/src/Illuminate/Routing/Router.php(807): Illuminate\\Pipeline\\Pipeline->then()
#51 /home/pranjal/Pranjal/vscode/Files/core/vendor/laravel/framework/src/Illuminate/Routing/Router.php(786): Illuminate\\Routing\\Router->runRouteWithinStack()
#52 /home/pranjal/Pranjal/vscode/Files/core/vendor/laravel/framework/src/Illuminate/Routing/Router.php(750): Illuminate\\Routing\\Router->runRoute()
#53 /home/pranjal/Pranjal/vscode/Files/core/vendor/laravel/framework/src/Illuminate/Routing/Router.php(739): Illuminate\\Routing\\Router->dispatchToRoute()
#54 /home/pranjal/Pranjal/vscode/Files/core/vendor/laravel/framework/src/Illuminate/Foundation/Http/Kernel.php(201): Illuminate\\Routing\\Router->dispatch()
#55 /home/pranjal/Pranjal/vscode/Files/core/vendor/laravel/framework/src/Illuminate/Pipeline/Pipeline.php(170): Illuminate\\Foundation\\Http\\Kernel->{closure:Illuminate\\Foundation\\Http\\Kernel::dispatchToRouter():198}()
#56 /home/pranjal/Pranjal/vscode/Files/core/vendor/laravel/framework/src/Illuminate/Foundation/Http/Middleware/TransformsRequest.php(21): Illuminate\\Pipeline\\Pipeline->{closure:Illuminate\\Pipeline\\Pipeline::prepareDestination():168}()
#57 /home/pranjal/Pranjal/vscode/Files/core/vendor/laravel/framework/src/Illuminate/Foundation/Http/Middleware/ConvertEmptyStringsToNull.php(31): Illuminate\\Foundation\\Http\\Middleware\\TransformsRequest->handle()
#58 /home/pranjal/Pranjal/vscode/Files/core/vendor/laravel/framework/src/Illuminate/Pipeline/Pipeline.php(209): Illuminate\\Foundation\\Http\\Middleware\\ConvertEmptyStringsToNull->handle()
#59 /home/pranjal/Pranjal/vscode/Files/core/vendor/laravel/framework/src/Illuminate/Foundation/Http/Middleware/TransformsRequest.php(21): Illuminate\\Pipeline\\Pipeline->{closure:{closure:Illuminate\\Pipeline\\Pipeline::carry():184}:185}()
#60 /home/pranjal/Pranjal/vscode/Files/core/vendor/laravel/framework/src/Illuminate/Foundation/Http/Middleware/TrimStrings.php(51): Illuminate\\Foundation\\Http\\Middleware\\TransformsRequest->handle()
#61 /home/pranjal/Pranjal/vscode/Files/core/vendor/laravel/framework/src/Illuminate/Pipeline/Pipeline.php(209): Illuminate\\Foundation\\Http\\Middleware\\TrimStrings->handle()
#62 /home/pranjal/Pranjal/vscode/Files/core/vendor/laravel/framework/src/Illuminate/Http/Middleware/ValidatePostSize.php(27): Illuminate\\Pipeline\\Pipeline->{closure:{closure:Illuminate\\Pipeline\\Pipeline::carry():184}:185}()
#63 /home/pranjal/Pranjal/vscode/Files/core/vendor/laravel/framework/src/Illuminate/Pipeline/Pipeline.php(209): Illuminate\\Http\\Middleware\\ValidatePostSize->handle()
#64 /home/pranjal/Pranjal/vscode/Files/core/vendor/laravel/framework/src/Illuminate/Foundation/Http/Middleware/PreventRequestsDuringMaintenance.php(110): Illuminate\\Pipeline\\Pipeline->{closure:{closure:Illuminate\\Pipeline\\Pipeline::carry():184}:185}()
#65 /home/pranjal/Pranjal/vscode/Files/core/vendor/laravel/framework/src/Illuminate/Pipeline/Pipeline.php(209): Illuminate\\Foundation\\Http\\Middleware\\PreventRequestsDuringMaintenance->handle()
#66 /home/pranjal/Pranjal/vscode/Files/core/vendor/laravel/framework/src/Illuminate/Http/Middleware/HandleCors.php(49): Illuminate\\Pipeline\\Pipeline->{closure:{closure:Illuminate\\Pipeline\\Pipeline::carry():184}:185}()
#67 /home/pranjal/Pranjal/vscode/Files/core/vendor/laravel/framework/src/Illuminate/Pipeline/Pipeline.php(209): Illuminate\\Http\\Middleware\\HandleCors->handle()
#68 /home/pranjal/Pranjal/vscode/Files/core/vendor/laravel/framework/src/Illuminate/Http/Middleware/TrustProxies.php(58): Illuminate\\Pipeline\\Pipeline->{closure:{closure:Illuminate\\Pipeline\\Pipeline::carry():184}:185}()
#69 /home/pranjal/Pranjal/vscode/Files/core/vendor/laravel/framework/src/Illuminate/Pipeline/Pipeline.php(209): Illuminate\\Http\\Middleware\\TrustProxies->handle()
#70 /home/pranjal/Pranjal/vscode/Files/core/vendor/laravel/framework/src/Illuminate/Foundation/Http/Middleware/InvokeDeferredCallbacks.php(22): Illuminate\\Pipeline\\Pipeline->{closure:{closure:Illuminate\\Pipeline\\Pipeline::carry():184}:185}()
#71 /home/pranjal/Pranjal/vscode/Files/core/vendor/laravel/framework/src/Illuminate/Pipeline/Pipeline.php(209): Illuminate\\Foundation\\Http\\Middleware\\InvokeDeferredCallbacks->handle()
#72 /home/pranjal/Pranjal/vscode/Files/core/vendor/laramin/utility/src/Utility.php(15): Illuminate\\Pipeline\\Pipeline->{closure:{closure:Illuminate\\Pipeline\\Pipeline::carry():184}:185}()
#73 /home/pranjal/Pranjal/vscode/Files/core/vendor/laravel/framework/src/Illuminate/Pipeline/Pipeline.php(209): Laramin\\Utility\\Utility->handle()
#74 /home/pranjal/Pranjal/vscode/Files/core/vendor/laravel/framework/src/Illuminate/Pipeline/Pipeline.php(127): Illuminate\\Pipeline\\Pipeline->{closure:{closure:Illuminate\\Pipeline\\Pipeline::carry():184}:185}()
#75 /home/pranjal/Pranjal/vscode/Files/core/vendor/laravel/framework/src/Illuminate/Foundation/Http/Kernel.php(176): Illuminate\\Pipeline\\Pipeline->then()
#76 /home/pranjal/Pranjal/vscode/Files/core/vendor/laravel/framework/src/Illuminate/Foundation/Http/Kernel.php(145): Illuminate\\Foundation\\Http\\Kernel->sendRequestThroughRouter()
#77 /home/pranjal/Pranjal/vscode/Files/core/vendor/laravel/framework/src/Illuminate/Foundation/Application.php(1220): Illuminate\\Foundation\\Http\\Kernel->handle()
#78 /home/pranjal/Pranjal/vscode/Files/index.php(17): Illuminate\\Foundation\\Application->handleRequest()
#79 {main}
"} 
[2026-07-26 16:35:39] production.ERROR: Undefined array key "version" (View: /home/pranjal/Pranjal/vscode/Files/core/resources/views/admin/layouts/app.blade.php) (View: /home/pranjal/Pranjal/vscode/Files/core/resources/views/admin/layouts/app.blade.php) {"exception":"[object] (Illuminate\\View\\ViewException(code: 0): Undefined array key \"version\" (View: /home/pranjal/Pranjal/vscode/Files/core/resources/views/admin/layouts/app.blade.php) (View: /home/pranjal/Pranjal/vscode/Files/core/resources/views/admin/layouts/app.blade.php) at /home/pranjal/Pranjal/vscode/Files/core/app/Providers/AppServiceProvider.php:60)
[stacktrace]
#0 /home/pranjal/Pranjal/vscode/Files/core/vendor/laravel/framework/src/Illuminate/View/Engines/PhpEngine.php(60): Illuminate\\View\\Engines\\CompilerEngine->handleViewException()
#1 /home/pranjal/Pranjal/vscode/Files/core/vendor/laravel/framework/src/Illuminate/View/Engines/CompilerEngine.php(75): Illuminate\\View\\Engines\\PhpEngine->evaluatePath()
#2 /home/pranjal/Pranjal/vscode/Files/core/vendor/laravel/framework/src/Illuminate/View/View.php(209): Illuminate\\View\\Engines\\CompilerEngine->get()
#3 /home/pranjal/Pranjal/vscode/Files/core/vendor/laravel/framework/src/Illuminate/View/View.php(192): Illuminate\\View\\View->getContents()
#4 /home/pranjal/Pranjal/vscode/Files/core/vendor/laravel/framework/src/Illuminate/View/View.php(161): Illuminate\\View\\View->renderContents()
#5 /home/pranjal/Pranjal/vscode/Files/core/vendor/laravel/framework/src/Illuminate/Http/Response.php(79): Illuminate\\View\\View->render()
#6 /home/pranjal/Pranjal/vscode/Files/core/vendor/laravel/framework/src/Illuminate/Http/Response.php(35): Illuminate\\Http\\Response->setContent()
#7 /home/pranjal/Pranjal/vscode/Files/core/vendor/laravel/framework/src/Illuminate/Routing/Router.php(920): Illuminate\\Http\\Response->__construct()
#8 /home/pranjal/Pranjal/vscode/Files/core/vendor/laravel/framework/src/Illuminate/Routing/Router.php(887): Illuminate\\Routing\\Router::toResponse()
#9 /home/pranjal/Pranjal/vscode/Files/core/vendor/laravel/framework/src/Illuminate/Routing/Router.php(807): Illuminate\\Routing\\Router->prepareResponse()
#10 /home/pranjal/Pranjal/vscode/Files/core/vendor/laravel/framework/src/Illuminate/Pipeline/Pipeline.php(170): Illuminate\\Routing\\Router->{closure:Illuminate\\Routing\\Router::runRouteWithinStack():807}()
#11 /home/pranjal/Pranjal/vscode/Files/core/app/Http/Middleware/RedirectIfNotAdmin.php(22): Illuminate\\Pipeline\\Pipeline->{closure:Illuminate\\Pipeline\\Pipeline::prepareDestination():168}()
#12 /home/pranjal/Pranjal/vscode/Files/core/vendor/laravel/framework/src/Illuminate/Pipeline/Pipeline.php(209): App\\Http\\Middleware\\RedirectIfNotAdmin->handle()
#13 /home/pranjal/Pranjal/vscode/Files/core/app/Http/Middleware/ActiveTemplateMiddleware.php(31): Illuminate\\Pipeline\\Pipeline->{closure:{closure:Illuminate\\Pipeline\\Pipeline::carry():184}:185}()
#14 /home/pranjal/Pranjal/vscode/Files/core/vendor/laravel/framework/src/Illuminate/Pipeline/Pipeline.php(209): App\\Http\\Middleware\\ActiveTemplateMiddleware->handle()
#15 /home/pranjal/Pranjal/vscode/Files/core/app/Http/Middleware/LanguageMiddleware.php(22): Illuminate\\Pipeline\\Pipeline->{closure:{closure:Illuminate\\Pipeline\\Pipeline::carry():184}:185}()
#16 /home/pranjal/Pranjal/vscode/Files/core/vendor/laravel/framework/src/Illuminate/Pipeline/Pipeline.php(209): App\\Http\\Middleware\\LanguageMiddleware->handle()
#17 /home/pranjal/Pranjal/vscode/Files/core/vendor/laravel/framework/src/Illuminate/Routing/Middleware/SubstituteBindings.php(51): Illuminate\\Pipeline\\Pipeline->{closure:{closure:Illuminate\\Pipeline\\Pipeline::carry():184}:185}()
#18 /home/pranjal/Pranjal/vscode/Files/core/vendor/laravel/framework/src/Illuminate/Pipeline/Pipeline.php(209): Illuminate\\Routing\\Middleware\\SubstituteBindings->handle()
#19 /home/pranjal/Pranjal/vscode/Files/core/vendor/laravel/framework/src/Illuminate/Foundation/Http/Middleware/VerifyCsrfToken.php(88): Illuminate\\Pipeline\\Pipeline->{closure:{closure:Illuminate\\Pipeline\\Pipeline::carry():184}:185}()
#20 /home/pranjal/Pranjal/vscode/Files/core/vendor/laravel/framework/src/Illuminate/Pipeline/Pipeline.php(209): Illuminate\\Foundation\\Http\\Middleware\\VerifyCsrfToken->handle()
#21 /home/pranjal/Pranjal/vscode/Files/core/vendor/laravel/framework/src/Illuminate/View/Middleware/ShareErrorsFromSession.php(49): Illuminate\\Pipeline\\Pipeline->{closure:{closure:Illuminate\\Pipeline\\Pipeline::carry():184}:185}()
#22 /home/pranjal/Pranjal/vscode/Files/core/vendor/laravel/framework/src/Illuminate/Pipeline/Pipeline.php(209): Illuminate\\View\\Middleware\\ShareErrorsFromSession->handle()
#23 /home/pranjal/Pranjal/vscode/Files/core/vendor/laravel/framework/src/Illuminate/Session/Middleware/StartSession.php(121): Illuminate\\Pipeline\\Pipeline->{closure:{closure:Illuminate\\Pipeline\\Pipeline::carry():184}:185}()
#24 /home/pranjal/Pranjal/vscode/Files/core/vendor/laravel/framework/src/Illuminate/Session/Middleware/StartSession.php(64): Illuminate\\Session\\Middleware\\StartSession->handleStatefulRequest()
#25 /home/pranjal/Pranjal/vscode/Files/core/vendor/laravel/framework/src/Illuminate/Pipeline/Pipeline.php(209): Illuminate\\Session\\Middleware\\StartSession->handle()
#26 /home/pranjal/Pranjal/vscode/Files/core/vendor/laravel/framework/src/Illuminate/Cookie/Middleware/AddQueuedCookiesToResponse.php(37): Illuminate\\Pipeline\\Pipeline->{closure:{closure:Illuminate\\Pipeline\\Pipeline::carry():184}:185}()
#27 /home/pranjal/Pranjal/vscode/Files/core/vendor/laravel/framework/src/Illuminate/Pipeline/Pipeline.php(209): Illuminate\\Cookie\\Middleware\\AddQueuedCookiesToResponse->handle()
#28 /home/pranjal/Pranjal/vscode/Files/core/vendor/laramin/utility/src/Utility.php(15): Illuminate\\Pipeline\\Pipeline->{closure:{closure:Illuminate\\Pipeline\\Pipeline::carry():184}:185}()
#29 /home/pranjal/Pranjal/vscode/Files/core/vendor/laravel/framework/src/Illuminate/Pipeline/Pipeline.php(209): Laramin\\Utility\\Utility->handle()
#30 /home/pranjal/Pranjal/vscode/Files/core/vendor/laravel/framework/src/Illuminate/Pipeline/Pipeline.php(127): Illuminate\\Pipeline\\Pipeline->{closure:{closure:Illuminate\\Pipeline\\Pipeline::carry():184}:185}()
#31 /home/pranjal/Pranjal/vscode/Files/core/vendor/laravel/framework/src/Illuminate/Routing/Router.php(807): Illuminate\\Pipeline\\Pipeline->then()
#32 /home/pranjal/Pranjal/vscode/Files/core/vendor/laravel/framework/src/Illuminate/Routing/Router.php(786): Illuminate\\Routing\\Router->runRouteWithinStack()
#33 /home/pranjal/Pranjal/vscode/Files/core/vendor/laravel/framework/src/Illuminate/Routing/Router.php(750): Illuminate\\Routing\\Router->runRoute()
#34 /home/pranjal/Pranjal/vscode/Files/core/vendor/laravel/framework/src/Illuminate/Routing/Router.php(739): Illuminate\\Routing\\Router->dispatchToRoute()
#35 /home/pranjal/Pranjal/vscode/Files/core/vendor/laravel/framework/src/Illuminate/Foundation/Http/Kernel.php(201): Illuminate\\Routing\\Router->dispatch()
#36 /home/pranjal/Pranjal/vscode/Files/core/vendor/laravel/framework/src/Illuminate/Pipeline/Pipeline.php(170): Illuminate\\Foundation\\Http\\Kernel->{closure:Illuminate\\Foundation\\Http\\Kernel::dispatchToRouter():198}()
#37 /home/pranjal/Pranjal/vscode/Files/core/vendor/laravel/framework/src/Illuminate/Foundation/Http/Middleware/TransformsRequest.php(21): Illuminate\\Pipeline\\Pipeline->{closure:Illuminate\\Pipeline\\Pipeline::prepareDestination():168}()
#38 /home/pranjal/Pranjal/vscode/Files/core/vendor/laravel/framework/src/Illuminate/Foundation/Http/Middleware/ConvertEmptyStringsToNull.php(31): Illuminate\\Foundation\\Http\\Middleware\\TransformsRequest->handle()
#39 /home/pranjal/Pranjal/vscode/Files/core/vendor/laravel/framework/src/Illuminate/Pipeline/Pipeline.php(209): Illuminate\\Foundation\\Http\\Middleware\\ConvertEmptyStringsToNull->handle()
#40 /home/pranjal/Pranjal/vscode/Files/core/vendor/laravel/framework/src/Illuminate/Foundation/Http/Middleware/TransformsRequest.php(21): Illuminate\\Pipeline\\Pipeline->{closure:{closure:Illuminate\\Pipeline\\Pipeline::carry():184}:185}()
#41 /home/pranjal/Pranjal/vscode/Files/core/vendor/laravel/framework/src/Illuminate/Foundation/Http/Middleware/TrimStrings.php(51): Illuminate\\Foundation\\Http\\Middleware\\TransformsRequest->handle()
#42 /home/pranjal/Pranjal/vscode/Files/core/vendor/laravel/framework/src/Illuminate/Pipeline/Pipeline.php(209): Illuminate\\Foundation\\Http\\Middleware\\TrimStrings->handle()
#43 /home/pranjal/Pranjal/vscode/Files/core/vendor/laravel/framework/src/Illuminate/Http/Middleware/ValidatePostSize.php(27): Illuminate\\Pipeline\\Pipeline->{closure:{closure:Illuminate\\Pipeline\\Pipeline::carry():184}:185}()
#44 /home/pranjal/Pranjal/vscode/Files/core/vendor/laravel/framework/src/Illuminate/Pipeline/Pipeline.php(209): Illuminate\\Http\\Middleware\\ValidatePostSize->handle()
#45 /home/pranjal/Pranjal/vscode/Files/core/vendor/laravel/framework/src/Illuminate/Foundation/Http/Middleware/PreventRequestsDuringMaintenance.php(110): Illuminate\\Pipeline\\Pipeline->{closure:{closure:Illuminate\\Pipeline\\Pipeline::carry():184}:185}()
#46 /home/pranjal/Pranjal/vscode/Files/core/vendor/laravel/framework/src/Illuminate/Pipeline/Pipeline.php(209): Illuminate\\Foundation\\Http\\Middleware\\PreventRequestsDuringMaintenance->handle()
#47 /home/pranjal/Pranjal/vscode/Files/core/vendor/laravel/framework/src/Illuminate/Http/Middleware/HandleCors.php(49): Illuminate\\Pipeline\\Pipeline->{closure:{closure:Illuminate\\Pipeline\\Pipeline::carry():184}:185}()
#48 /home/pranjal/Pranjal/vscode/Files/core/vendor/laravel/framework/src/Illuminate/Pipeline/Pipeline.php(209): Illuminate\\Http\\Middleware\\HandleCors->handle()
#49 /home/pranjal/Pranjal/vscode/Files/core/vendor/laravel/framework/src/Illuminate/Http/Middleware/TrustProxies.php(58): Illuminate\\Pipeline\\Pipeline->{closure:{closure:Illuminate\\Pipeline\\Pipeline::carry():184}:185}()
#50 /home/pranjal/Pranjal/vscode/Files/core/vendor/laravel/framework/src/Illuminate/Pipeline/Pipeline.php(209): Illuminate\\Http\\Middleware\\TrustProxies->handle()
#51 /home/pranjal/Pranjal/vscode/Files/core/vendor/laravel/framework/src/Illuminate/Foundation/Http/Middleware/InvokeDeferredCallbacks.php(22): Illuminate\\Pipeline\\Pipeline->{closure:{closure:Illuminate\\Pipeline\\Pipeline::carry():184}:185}()
#52 /home/pranjal/Pranjal/vscode/Files/core/vendor/laravel/framework/src/Illuminate/Pipeline/Pipeline.php(209): Illuminate\\Foundation\\Http\\Middleware\\InvokeDeferredCallbacks->handle()
#53 /home/pranjal/Pranjal/vscode/Files/core/vendor/laramin/utility/src/Utility.php(15): Illuminate\\Pipeline\\Pipeline->{closure:{closure:Illuminate\\Pipeline\\Pipeline::carry():184}:185}()
#54 /home/pranjal/Pranjal/vscode/Files/core/vendor/laravel/framework/src/Illuminate/Pipeline/Pipeline.php(209): Laramin\\Utility\\Utility->handle()
#55 /home/pranjal/Pranjal/vscode/Files/core/vendor/laravel/framework/src/Illuminate/Pipeline/Pipeline.php(127): Illuminate\\Pipeline\\Pipeline->{closure:{closure:Illuminate\\Pipeline\\Pipeline::carry():184}:185}()
#56 /home/pranjal/Pranjal/vscode/Files/core/vendor/laravel/framework/src/Illuminate/Foundation/Http/Kernel.php(176): Illuminate\\Pipeline\\Pipeline->then()
#57 /home/pranjal/Pranjal/vscode/Files/core/vendor/laravel/framework/src/Illuminate/Foundation/Http/Kernel.php(145): Illuminate\\Foundation\\Http\\Kernel->sendRequestThroughRouter()
#58 /home/pranjal/Pranjal/vscode/Files/core/vendor/laravel/framework/src/Illuminate/Foundation/Application.php(1220): Illuminate\\Foundation\\Http\\Kernel->handle()
#59 /home/pranjal/Pranjal/vscode/Files/index.php(17): Illuminate\\Foundation\\Application->handleRequest()
#60 {main}

[previous exception] [object] (Illuminate\\View\\ViewException(code: 0): Undefined array key \"version\" (View: /home/pranjal/Pranjal/vscode/Files/core/resources/views/admin/layouts/app.blade.php) at /home/pranjal/Pranjal/vscode/Files/core/app/Providers/AppServiceProvider.php:60)
[stacktrace]
#0 /home/pranjal/Pranjal/vscode/Files/core/vendor/laravel/framework/src/Illuminate/View/Engines/PhpEngine.php(60): Illuminate\\View\\Engines\\CompilerEngine->handleViewException()
#1 /home/pranjal/Pranjal/vscode/Files/core/vendor/laravel/framework/src/Illuminate/View/Engines/CompilerEngine.php(75): Illuminate\\View\\Engines\\PhpEngine->evaluatePath()
#2 /home/pranjal/Pranjal/vscode/Files/core/vendor/laravel/framework/src/Illuminate/View/View.php(209): Illuminate\\View\\Engines\\CompilerEngine->get()
#3 /home/pranjal/Pranjal/vscode/Files/core/vendor/laravel/framework/src/Illuminate/View/View.php(192): Illuminate\\View\\View->getContents()
#4 /home/pranjal/Pranjal/vscode/Files/core/vendor/laravel/framework/src/Illuminate/View/View.php(161): Illuminate\\View\\View->renderContents()
#5 /home/pranjal/Pranjal/vscode/Files/core/storage/framework/views/352e4f31816487ef220ed296bddaef8a.php(341): Illuminate\\View\\View->render()
#6 /home/pranjal/Pranjal/vscode/Files/core/vendor/laravel/framework/src/Illuminate/Filesystem/Filesystem.php(123): require('...')
#7 /home/pranjal/Pranjal/vscode/Files/core/vendor/laravel/framework/src/Illuminate/Filesystem/Filesystem.php(124): Illuminate\\Filesystem\\Filesystem::{closure:Illuminate\\Filesystem\\Filesystem::getRequire():120}()
#8 /home/pranjal/Pranjal/vscode/Files/core/vendor/laravel/framework/src/Illuminate/View/Engines/PhpEngine.php(58): Illuminate\\Filesystem\\Filesystem->getRequire()
#9 /home/pranjal/Pranjal/vscode/Files/core/vendor/laravel/framework/src/Illuminate/View/Engines/CompilerEngine.php(75): Illuminate\\View\\Engines\\PhpEngine->evaluatePath()
#10 /home/pranjal/Pranjal/vscode/Files/core/vendor/laravel/framework/src/Illuminate/View/View.php(209): Illuminate\\View\\Engines\\CompilerEngine->get()
#11 /home/pranjal/Pranjal/vscode/Files/core/vendor/laravel/framework/src/Illuminate/View/View.php(192): Illuminate\\View\\View->getContents()
#12 /home/pranjal/Pranjal/vscode/Files/core/vendor/laravel/framework/src/Illuminate/View/View.php(161): Illuminate\\View\\View->renderContents()
#13 /home/pranjal/Pranjal/vscode/Files/core/vendor/laravel/framework/src/Illuminate/Http/Response.php(79): Illuminate\\View\\View->render()
#14 /home/pranjal/Pranjal/vscode/Files/core/vendor/laravel/framework/src/Illuminate/Http/Response.php(35): Illuminate\\Http\\Response->setContent()
#15 /home/pranjal/Pranjal/vscode/Files/core/vendor/laravel/framework/src/Illuminate/Routing/Router.php(920): Illuminate\\Http\\Response->__construct()
#16 /home/pranjal/Pranjal/vscode/Files/core/vendor/laravel/framework/src/Illuminate/Routing/Router.php(887): Illuminate\\Routing\\Router::toResponse()
#17 /home/pranjal/Pranjal/vscode/Files/core/vendor/laravel/framework/src/Illuminate/Routing/Router.php(807): Illuminate\\Routing\\Router->prepareResponse()
#18 /home/pranjal/Pranjal/vscode/Files/core/vendor/laravel/framework/src/Illuminate/Pipeline/Pipeline.php(170): Illuminate\\Routing\\Router->{closure:Illuminate\\Routing\\Router::runRouteWithinStack():807}()
#19 /home/pranjal/Pranjal/vscode/Files/core/app/Http/Middleware/RedirectIfNotAdmin.php(22): Illuminate\\Pipeline\\Pipeline->{closure:Illuminate\\Pipeline\\Pipeline::prepareDestination():168}()
#20 /home/pranjal/Pranjal/vscode/Files/core/vendor/laravel/framework/src/Illuminate/Pipeline/Pipeline.php(209): App\\Http\\Middleware\\RedirectIfNotAdmin->handle()
#21 /home/pranjal/Pranjal/vscode/Files/core/app/Http/Middleware/ActiveTemplateMiddleware.php(31): Illuminate\\Pipeline\\Pipeline->{closure:{closure:Illuminate\\Pipeline\\Pipeline::carry():184}:185}()
#22 /home/pranjal/Pranjal/vscode/Files/core/vendor/laravel/framework/src/Illuminate/Pipeline/Pipeline.php(209): App\\Http\\Middleware\\ActiveTemplateMiddleware->handle()
#23 /home/pranjal/Pranjal/vscode/Files/core/app/Http/Middleware/LanguageMiddleware.php(22): Illuminate\\Pipeline\\Pipeline->{closure:{closure:Illuminate\\Pipeline\\Pipeline::carry():184}:185}()
#24 /home/pranjal/Pranjal/vscode/Files/core/vendor/laravel/framework/src/Illuminate/Pipeline/Pipeline.php(209): App\\Http\\Middleware\\LanguageMiddleware->handle()
#25 /home/pranjal/Pranjal/vscode/Files/core/vendor/laravel/framework/src/Illuminate/Routing/Middleware/SubstituteBindings.php(51): Illuminate\\Pipeline\\Pipeline->{closure:{closure:Illuminate\\Pipeline\\Pipeline::carry():184}:185}()
#26 /home/pranjal/Pranjal/vscode/Files/core/vendor/laravel/framework/src/Illuminate/Pipeline/Pipeline.php(209): Illuminate\\Routing\\Middleware\\SubstituteBindings->handle()
#27 /home/pranjal/Pranjal/vscode/Files/core/vendor/laravel/framework/src/Illuminate/Foundation/Http/Middleware/VerifyCsrfToken.php(88): Illuminate\\Pipeline\\Pipeline->{closure:{closure:Illuminate\\Pipeline\\Pipeline::carry():184}:185}()
#28 /home/pranjal/Pranjal/vscode/Files/core/vendor/laravel/framework/src/Illuminate/Pipeline/Pipeline.php(209): Illuminate\\Foundation\\Http\\Middleware\\VerifyCsrfToken->handle()
#29 /home/pranjal/Pranjal/vscode/Files/core/vendor/laravel/framework/src/Illuminate/View/Middleware/ShareErrorsFromSession.php(49): Illuminate\\Pipeline\\Pipeline->{closure:{closure:Illuminate\\Pipeline\\Pipeline::carry():184}:185}()
#30 /home/pranjal/Pranjal/vscode/Files/core/vendor/laravel/framework/src/Illuminate/Pipeline/Pipeline.php(209): Illuminate\\View\\Middleware\\ShareErrorsFromSession->handle()
#31 /home/pranjal/Pranjal/vscode/Files/core/vendor/laravel/framework/src/Illuminate/Session/Middleware/StartSession.php(121): Illuminate\\Pipeline\\Pipeline->{closure:{closure:Illuminate\\Pipeline\\Pipeline::carry():184}:185}()
#32 /home/pranjal/Pranjal/vscode/Files/core/vendor/laravel/framework/src/Illuminate/Session/Middleware/StartSession.php(64): Illuminate\\Session\\Middleware\\StartSession->handleStatefulRequest()
#33 /home/pranjal/Pranjal/vscode/Files/core/vendor/laravel/framework/src/Illuminate/Pipeline/Pipeline.php(209): Illuminate\\Session\\Middleware\\StartSession->handle()
#34 /home/pranjal/Pranjal/vscode/Files/core/vendor/laravel/framework/src/Illuminate/Cookie/Middleware/AddQueuedCookiesToResponse.php(37): Illuminate\\Pipeline\\Pipeline->{closure:{closure:Illuminate\\Pipeline\\Pipeline::carry():184}:185}()
#35 /home/pranjal/Pranjal/vscode/Files/core/vendor/laravel/framework/src/Illuminate/Pipeline/Pipeline.php(209): Illuminate\\Cookie\\Middleware\\AddQueuedCookiesToResponse->handle()
#36 /home/pranjal/Pranjal/vscode/Files/core/vendor/laramin/utility/src/Utility.php(15): Illuminate\\Pipeline\\Pipeline->{closure:{closure:Illuminate\\Pipeline\\Pipeline::carry():184}:185}()
#37 /home/pranjal/Pranjal/vscode/Files/core/vendor/laravel/framework/src/Illuminate/Pipeline/Pipeline.php(209): Laramin\\Utility\\Utility->handle()
#38 /home/pranjal/Pranjal/vscode/Files/core/vendor/laravel/framework/src/Illuminate/Pipeline/Pipeline.php(127): Illuminate\\Pipeline\\Pipeline->{closure:{closure:Illuminate\\Pipeline\\Pipeline::carry():184}:185}()
#39 /home/pranjal/Pranjal/vscode/Files/core/vendor/laravel/framework/src/Illuminate/Routing/Router.php(807): Illuminate\\Pipeline\\Pipeline->then()
#40 /home/pranjal/Pranjal/vscode/Files/core/vendor/laravel/framework/src/Illuminate/Routing/Router.php(786): Illuminate\\Routing\\Router->runRouteWithinStack()
#41 /home/pranjal/Pranjal/vscode/Files/core/vendor/laravel/framework/src/Illuminate/Routing/Router.php(750): Illuminate\\Routing\\Router->runRoute()
#42 /home/pranjal/Pranjal/vscode/Files/core/vendor/laravel/framework/src/Illuminate/Routing/Router.php(739): Illuminate\\Routing\\Router->dispatchToRoute()
#43 /home/pranjal/Pranjal/vscode/Files/core/vendor/laravel/framework/src/Illuminate/Foundation/Http/Kernel.php(201): Illuminate\\Routing\\Router->dispatch()
#44 /home/pranjal/Pranjal/vscode/Files/core/vendor/laravel/framework/src/Illuminate/Pipeline/Pipeline.php(170): Illuminate\\Foundation\\Http\\Kernel->{closure:Illuminate\\Foundation\\Http\\Kernel::dispatchToRouter():198}()
#45 /home/pranjal/Pranjal/vscode/Files/core/vendor/laravel/framework/src/Illuminate/Foundation/Http/Middleware/TransformsRequest.php(21): Illuminate\\Pipeline\\Pipeline->{closure:Illuminate\\Pipeline\\Pipeline::prepareDestination():168}()
#46 /home/pranjal/Pranjal/vscode/Files/core/vendor/laravel/framework/src/Illuminate/Foundation/Http/Middleware/ConvertEmptyStringsToNull.php(31): Illuminate\\Foundation\\Http\\Middleware\\TransformsRequest->handle()
#47 /home/pranjal/Pranjal/vscode/Files/core/vendor/laravel/framework/src/Illuminate/Pipeline/Pipeline.php(209): Illuminate\\Foundation\\Http\\Middleware\\ConvertEmptyStringsToNull->handle()
#48 /home/pranjal/Pranjal/vscode/Files/core/vendor/laravel/framework/src/Illuminate/Foundation/Http/Middleware/TransformsRequest.php(21): Illuminate\\Pipeline\\Pipeline->{closure:{closure:Illuminate\\Pipeline\\Pipeline::carry():184}:185}()
#49 /home/pranjal/Pranjal/vscode/Files/core/vendor/laravel/framework/src/Illuminate/Foundation/Http/Middleware/TrimStrings.php(51): Illuminate\\Foundation\\Http\\Middleware\\TransformsRequest->handle()
#50 /home/pranjal/Pranjal/vscode/Files/core/vendor/laravel/framework/src/Illuminate/Pipeline/Pipeline.php(209): Illuminate\\Foundation\\Http\\Middleware\\TrimStrings->handle()
#51 /home/pranjal/Pranjal/vscode/Files/core/vendor/laravel/framework/src/Illuminate/Http/Middleware/ValidatePostSize.php(27): Illuminate\\Pipeline\\Pipeline->{closure:{closure:Illuminate\\Pipeline\\Pipeline::carry():184}:185}()
#52 /home/pranjal/Pranjal/vscode/Files/core/vendor/laravel/framework/src/Illuminate/Pipeline/Pipeline.php(209): Illuminate\\Http\\Middleware\\ValidatePostSize->handle()
#53 /home/pranjal/Pranjal/vscode/Files/core/vendor/laravel/framework/src/Illuminate/Foundation/Http/Middleware/PreventRequestsDuringMaintenance.php(110): Illuminate\\Pipeline\\Pipeline->{closure:{closure:Illuminate\\Pipeline\\Pipeline::carry():184}:185}()
#54 /home/pranjal/Pranjal/vscode/Files/core/vendor/laravel/framework/src/Illuminate/Pipeline/Pipeline.php(209): Illuminate\\Foundation\\Http\\Middleware\\PreventRequestsDuringMaintenance->handle()
#55 /home/pranjal/Pranjal/vscode/Files/core/vendor/laravel/framework/src/Illuminate/Http/Middleware/HandleCors.php(49): Illuminate\\Pipeline\\Pipeline->{closure:{closure:Illuminate\\Pipeline\\Pipeline::carry():184}:185}()
#56 /home/pranjal/Pranjal/vscode/Files/core/vendor/laravel/framework/src/Illuminate/Pipeline/Pipeline.php(209): Illuminate\\Http\\Middleware\\HandleCors->handle()
#57 /home/pranjal/Pranjal/vscode/Files/core/vendor/laravel/framework/src/Illuminate/Http/Middleware/TrustProxies.php(58): Illuminate\\Pipeline\\Pipeline->{closure:{closure:Illuminate\\Pipeline\\Pipeline::carry():184}:185}()
#58 /home/pranjal/Pranjal/vscode/Files/core/vendor/laravel/framework/src/Illuminate/Pipeline/Pipeline.php(209): Illuminate\\Http\\Middleware\\TrustProxies->handle()
#59 /home/pranjal/Pranjal/vscode/Files/core/vendor/laravel/framework/src/Illuminate/Foundation/Http/Middleware/InvokeDeferredCallbacks.php(22): Illuminate\\Pipeline\\Pipeline->{closure:{closure:Illuminate\\Pipeline\\Pipeline::carry():184}:185}()
#60 /home/pranjal/Pranjal/vscode/Files/core/vendor/laravel/framework/src/Illuminate/Pipeline/Pipeline.php(209): Illuminate\\Foundation\\Http\\Middleware\\InvokeDeferredCallbacks->handle()
#61 /home/pranjal/Pranjal/vscode/Files/core/vendor/laramin/utility/src/Utility.php(15): Illuminate\\Pipeline\\Pipeline->{closure:{closure:Illuminate\\Pipeline\\Pipeline::carry():184}:185}()
#62 /home/pranjal/Pranjal/vscode/Files/core/vendor/laravel/framework/src/Illuminate/Pipeline/Pipeline.php(209): Laramin\\Utility\\Utility->handle()
#63 /home/pranjal/Pranjal/vscode/Files/core/vendor/laravel/framework/src/Illuminate/Pipeline/Pipeline.php(127): Illuminate\\Pipeline\\Pipeline->{closure:{closure:Illuminate\\Pipeline\\Pipeline::carry():184}:185}()
#64 /home/pranjal/Pranjal/vscode/Files/core/vendor/laravel/framework/src/Illuminate/Foundation/Http/Kernel.php(176): Illuminate\\Pipeline\\Pipeline->then()
#65 /home/pranjal/Pranjal/vscode/Files/core/vendor/laravel/framework/src/Illuminate/Foundation/Http/Kernel.php(145): Illuminate\\Foundation\\Http\\Kernel->sendRequestThroughRouter()
#66 /home/pranjal/Pranjal/vscode/Files/core/vendor/laravel/framework/src/Illuminate/Foundation/Application.php(1220): Illuminate\\Foundation\\Http\\Kernel->handle()
#67 /home/pranjal/Pranjal/vscode/Files/index.php(17): Illuminate\\Foundation\\Application->handleRequest()
#68 {main}

[previous exception] [object] (ErrorException(code: 0): Undefined array key \"version\" at /home/pranjal/Pranjal/vscode/Files/core/app/Providers/AppServiceProvider.php:60)
[stacktrace]
#0 /home/pranjal/Pranjal/vscode/Files/core/vendor/laravel/framework/src/Illuminate/Foundation/Bootstrap/HandleExceptions.php(258): Illuminate\\Foundation\\Bootstrap\\HandleExceptions->handleError()
#1 /home/pranjal/Pranjal/vscode/Files/core/app/Providers/AppServiceProvider.php(60): Illuminate\\Foundation\\Bootstrap\\HandleExceptions->{closure:Illuminate\\Foundation\\Bootstrap\\HandleExceptions::forwardsTo():257}()
#2 /home/pranjal/Pranjal/vscode/Files/core/vendor/laravel/framework/src/Illuminate/Events/Dispatcher.php(459): App\\Providers\\AppServiceProvider->{closure:App\\Providers\\AppServiceProvider::boot():51}()
#3 /home/pranjal/Pranjal/vscode/Files/core/vendor/laravel/framework/src/Illuminate/Events/Dispatcher.php(287): Illuminate\\Events\\Dispatcher->{closure:Illuminate\\Events\\Dispatcher::makeListener():454}()
#4 /home/pranjal/Pranjal/vscode/Files/core/vendor/laravel/framework/src/Illuminate/Events/Dispatcher.php(267): Illuminate\\Events\\Dispatcher->invokeListeners()
#5 /home/pranjal/Pranjal/vscode/Files/core/vendor/laravel/framework/src/Illuminate/View/Concerns/ManagesEvents.php(178): Illuminate\\Events\\Dispatcher->dispatch()
#6 /home/pranjal/Pranjal/vscode/Files/core/vendor/laravel/framework/src/Illuminate/View/View.php(190): Illuminate\\View\\Factory->callComposer()
#7 /home/pranjal/Pranjal/vscode/Files/core/vendor/laravel/framework/src/Illuminate/View/View.php(161): Illuminate\\View\\View->renderContents()
#8 /home/pranjal/Pranjal/vscode/Files/core/storage/framework/views/bd994467445c0c077eb81ef6ab510c57.php(7): Illuminate\\View\\View->render()
#9 /home/pranjal/Pranjal/vscode/Files/core/vendor/laravel/framework/src/Illuminate/Filesystem/Filesystem.php(123): require('...')
#10 /home/pranjal/Pranjal/vscode/Files/core/vendor/laravel/framework/src/Illuminate/Filesystem/Filesystem.php(124): Illuminate\\Filesystem\\Filesystem::{closure:Illuminate\\Filesystem\\Filesystem::getRequire():120}()
#11 /home/pranjal/Pranjal/vscode/Files/core/vendor/laravel/framework/src/Illuminate/View/Engines/PhpEngine.php(58): Illuminate\\Filesystem\\Filesystem->getRequire()
#12 /home/pranjal/Pranjal/vscode/Files/core/vendor/laravel/framework/src/Illuminate/View/Engines/CompilerEngine.php(75): Illuminate\\View\\Engines\\PhpEngine->evaluatePath()
#13 /home/pranjal/Pranjal/vscode/Files/core/vendor/laravel/framework/src/Illuminate/View/View.php(209): Illuminate\\View\\Engines\\CompilerEngine->get()
#14 /home/pranjal/Pranjal/vscode/Files/core/vendor/laravel/framework/src/Illuminate/View/View.php(192): Illuminate\\View\\View->getContents()
#15 /home/pranjal/Pranjal/vscode/Files/core/vendor/laravel/framework/src/Illuminate/View/View.php(161): Illuminate\\View\\View->renderContents()
#16 /home/pranjal/Pranjal/vscode/Files/core/storage/framework/views/352e4f31816487ef220ed296bddaef8a.php(341): Illuminate\\View\\View->render()
#17 /home/pranjal/Pranjal/vscode/Files/core/vendor/laravel/framework/src/Illuminate/Filesystem/Filesystem.php(123): require('...')
#18 /home/pranjal/Pranjal/vscode/Files/core/vendor/laravel/framework/src/Illuminate/Filesystem/Filesystem.php(124): Illuminate\\Filesystem\\Filesystem::{closure:Illuminate\\Filesystem\\Filesystem::getRequire():120}()
#19 /home/pranjal/Pranjal/vscode/Files/core/vendor/laravel/framework/src/Illuminate/View/Engines/PhpEngine.php(58): Illuminate\\Filesystem\\Filesystem->getRequire()
#20 /home/pranjal/Pranjal/vscode/Files/core/vendor/laravel/framework/src/Illuminate/View/Engines/CompilerEngine.php(75): Illuminate\\View\\Engines\\PhpEngine->evaluatePath()
#21 /home/pranjal/Pranjal/vscode/Files/core/vendor/laravel/framework/src/Illuminate/View/View.php(209): Illuminate\\View\\Engines\\CompilerEngine->get()
#22 /home/pranjal/Pranjal/vscode/Files/core/vendor/laravel/framework/src/Illuminate/View/View.php(192): Illuminate\\View\\View->getContents()
#23 /home/pranjal/Pranjal/vscode/Files/core/vendor/laravel/framework/src/Illuminate/View/View.php(161): Illuminate\\View\\View->renderContents()
#24 /home/pranjal/Pranjal/vscode/Files/core/vendor/laravel/framework/src/Illuminate/Http/Response.php(79): Illuminate\\View\\View->render()
#25 /home/pranjal/Pranjal/vscode/Files/core/vendor/laravel/framework/src/Illuminate/Http/Response.php(35): Illuminate\\Http\\Response->setContent()
#26 /home/pranjal/Pranjal/vscode/Files/core/vendor/laravel/framework/src/Illuminate/Routing/Router.php(920): Illuminate\\Http\\Response->__construct()
#27 /home/pranjal/Pranjal/vscode/Files/core/vendor/laravel/framework/src/Illuminate/Routing/Router.php(887): Illuminate\\Routing\\Router::toResponse()
#28 /home/pranjal/Pranjal/vscode/Files/core/vendor/laravel/framework/src/Illuminate/Routing/Router.php(807): Illuminate\\Routing\\Router->prepareResponse()
#29 /home/pranjal/Pranjal/vscode/Files/core/vendor/laravel/framework/src/Illuminate/Pipeline/Pipeline.php(170): Illuminate\\Routing\\Router->{closure:Illuminate\\Routing\\Router::runRouteWithinStack():807}()
#30 /home/pranjal/Pranjal/vscode/Files/core/app/Http/Middleware/RedirectIfNotAdmin.php(22): Illuminate\\Pipeline\\Pipeline->{closure:Illuminate\\Pipeline\\Pipeline::prepareDestination():168}()
#31 /home/pranjal/Pranjal/vscode/Files/core/vendor/laravel/framework/src/Illuminate/Pipeline/Pipeline.php(209): App\\Http\\Middleware\\RedirectIfNotAdmin->handle()
#32 /home/pranjal/Pranjal/vscode/Files/core/app/Http/Middleware/ActiveTemplateMiddleware.php(31): Illuminate\\Pipeline\\Pipeline->{closure:{closure:Illuminate\\Pipeline\\Pipeline::carry():184}:185}()
#33 /home/pranjal/Pranjal/vscode/Files/core/vendor/laravel/framework/src/Illuminate/Pipeline/Pipeline.php(209): App\\Http\\Middleware\\ActiveTemplateMiddleware->handle()
#34 /home/pranjal/Pranjal/vscode/Files/core/app/Http/Middleware/LanguageMiddleware.php(22): Illuminate\\Pipeline\\Pipeline->{closure:{closure:Illuminate\\Pipeline\\Pipeline::carry():184}:185}()
#35 /home/pranjal/Pranjal/vscode/Files/core/vendor/laravel/framework/src/Illuminate/Pipeline/Pipeline.php(209): App\\Http\\Middleware\\LanguageMiddleware->handle()
#36 /home/pranjal/Pranjal/vscode/Files/core/vendor/laravel/framework/src/Illuminate/Routing/Middleware/SubstituteBindings.php(51): Illuminate\\Pipeline\\Pipeline->{closure:{closure:Illuminate\\Pipeline\\Pipeline::carry():184}:185}()
#37 /home/pranjal/Pranjal/vscode/Files/core/vendor/laravel/framework/src/Illuminate/Pipeline/Pipeline.php(209): Illuminate\\Routing\\Middleware\\SubstituteBindings->handle()
#38 /home/pranjal/Pranjal/vscode/Files/core/vendor/laravel/framework/src/Illuminate/Foundation/Http/Middleware/VerifyCsrfToken.php(88): Illuminate\\Pipeline\\Pipeline->{closure:{closure:Illuminate\\Pipeline\\Pipeline::carry():184}:185}()
#39 /home/pranjal/Pranjal/vscode/Files/core/vendor/laravel/framework/src/Illuminate/Pipeline/Pipeline.php(209): Illuminate\\Foundation\\Http\\Middleware\\VerifyCsrfToken->handle()
#40 /home/pranjal/Pranjal/vscode/Files/core/vendor/laravel/framework/src/Illuminate/View/Middleware/ShareErrorsFromSession.php(49): Illuminate\\Pipeline\\Pipeline->{closure:{closure:Illuminate\\Pipeline\\Pipeline::carry():184}:185}()
#41 /home/pranjal/Pranjal/vscode/Files/core/vendor/laravel/framework/src/Illuminate/Pipeline/Pipeline.php(209): Illuminate\\View\\Middleware\\ShareErrorsFromSession->handle()
#42 /home/pranjal/Pranjal/vscode/Files/core/vendor/laravel/framework/src/Illuminate/Session/Middleware/StartSession.php(121): Illuminate\\Pipeline\\Pipeline->{closure:{closure:Illuminate\\Pipeline\\Pipeline::carry():184}:185}()
#43 /home/pranjal/Pranjal/vscode/Files/core/vendor/laravel/framework/src/Illuminate/Session/Middleware/StartSession.php(64): Illuminate\\Session\\Middleware\\StartSession->handleStatefulRequest()
#44 /home/pranjal/Pranjal/vscode/Files/core/vendor/laravel/framework/src/Illuminate/Pipeline/Pipeline.php(209): Illuminate\\Session\\Middleware\\StartSession->handle()
#45 /home/pranjal/Pranjal/vscode/Files/core/vendor/laravel/framework/src/Illuminate/Cookie/Middleware/AddQueuedCookiesToResponse.php(37): Illuminate\\Pipeline\\Pipeline->{closure:{closure:Illuminate\\Pipeline\\Pipeline::carry():184}:185}()
#46 /home/pranjal/Pranjal/vscode/Files/core/vendor/laravel/framework/src/Illuminate/Pipeline/Pipeline.php(209): Illuminate\\Cookie\\Middleware\\AddQueuedCookiesToResponse->handle()
#47 /home/pranjal/Pranjal/vscode/Files/core/vendor/laramin/utility/src/Utility.php(15): Illuminate\\Pipeline\\Pipeline->{closure:{closure:Illuminate\\Pipeline\\Pipeline::carry():184}:185}()
#48 /home/pranjal/Pranjal/vscode/Files/core/vendor/laravel/framework/src/Illuminate/Pipeline/Pipeline.php(209): Laramin\\Utility\\Utility->handle()
#49 /home/pranjal/Pranjal/vscode/Files/core/vendor/laravel/framework/src/Illuminate/Pipeline/Pipeline.php(127): Illuminate\\Pipeline\\Pipeline->{closure:{closure:Illuminate\\Pipeline\\Pipeline::carry():184}:185}()
#50 /home/pranjal/Pranjal/vscode/Files/core/vendor/laravel/framework/src/Illuminate/Routing/Router.php(807): Illuminate\\Pipeline\\Pipeline->then()
#51 /home/pranjal/Pranjal/vscode/Files/core/vendor/laravel/framework/src/Illuminate/Routing/Router.php(786): Illuminate\\Routing\\Router->runRouteWithinStack()
#52 /home/pranjal/Pranjal/vscode/Files/core/vendor/laravel/framework/src/Illuminate/Routing/Router.php(750): Illuminate\\Routing\\Router->runRoute()
#53 /home/pranjal/Pranjal/vscode/Files/core/vendor/laravel/framework/src/Illuminate/Routing/Router.php(739): Illuminate\\Routing\\Router->dispatchToRoute()
#54 /home/pranjal/Pranjal/vscode/Files/core/vendor/laravel/framework/src/Illuminate/Foundation/Http/Kernel.php(201): Illuminate\\Routing\\Router->dispatch()
#55 /home/pranjal/Pranjal/vscode/Files/core/vendor/laravel/framework/src/Illuminate/Pipeline/Pipeline.php(170): Illuminate\\Foundation\\Http\\Kernel->{closure:Illuminate\\Foundation\\Http\\Kernel::dispatchToRouter():198}()
#56 /home/pranjal/Pranjal/vscode/Files/core/vendor/laravel/framework/src/Illuminate/Foundation/Http/Middleware/TransformsRequest.php(21): Illuminate\\Pipeline\\Pipeline->{closure:Illuminate\\Pipeline\\Pipeline::prepareDestination():168}()
#57 /home/pranjal/Pranjal/vscode/Files/core/vendor/laravel/framework/src/Illuminate/Foundation/Http/Middleware/ConvertEmptyStringsToNull.php(31): Illuminate\\Foundation\\Http\\Middleware\\TransformsRequest->handle()
#58 /home/pranjal/Pranjal/vscode/Files/core/vendor/laravel/framework/src/Illuminate/Pipeline/Pipeline.php(209): Illuminate\\Foundation\\Http\\Middleware\\ConvertEmptyStringsToNull->handle()
#59 /home/pranjal/Pranjal/vscode/Files/core/vendor/laravel/framework/src/Illuminate/Foundation/Http/Middleware/TransformsRequest.php(21): Illuminate\\Pipeline\\Pipeline->{closure:{closure:Illuminate\\Pipeline\\Pipeline::carry():184}:185}()
#60 /home/pranjal/Pranjal/vscode/Files/core/vendor/laravel/framework/src/Illuminate/Foundation/Http/Middleware/TrimStrings.php(51): Illuminate\\Foundation\\Http\\Middleware\\TransformsRequest->handle()
#61 /home/pranjal/Pranjal/vscode/Files/core/vendor/laravel/framework/src/Illuminate/Pipeline/Pipeline.php(209): Illuminate\\Foundation\\Http\\Middleware\\TrimStrings->handle()
#62 /home/pranjal/Pranjal/vscode/Files/core/vendor/laravel/framework/src/Illuminate/Http/Middleware/ValidatePostSize.php(27): Illuminate\\Pipeline\\Pipeline->{closure:{closure:Illuminate\\Pipeline\\Pipeline::carry():184}:185}()
#63 /home/pranjal/Pranjal/vscode/Files/core/vendor/laravel/framework/src/Illuminate/Pipeline/Pipeline.php(209): Illuminate\\Http\\Middleware\\ValidatePostSize->handle()
#64 /home/pranjal/Pranjal/vscode/Files/core/vendor/laravel/framework/src/Illuminate/Foundation/Http/Middleware/PreventRequestsDuringMaintenance.php(110): Illuminate\\Pipeline\\Pipeline->{closure:{closure:Illuminate\\Pipeline\\Pipeline::carry():184}:185}()
#65 /home/pranjal/Pranjal/vscode/Files/core/vendor/laravel/framework/src/Illuminate/Pipeline/Pipeline.php(209): Illuminate\\Foundation\\Http\\Middleware\\PreventRequestsDuringMaintenance->handle()
#66 /home/pranjal/Pranjal/vscode/Files/core/vendor/laravel/framework/src/Illuminate/Http/Middleware/HandleCors.php(49): Illuminate\\Pipeline\\Pipeline->{closure:{closure:Illuminate\\Pipeline\\Pipeline::carry():184}:185}()
#67 /home/pranjal/Pranjal/vscode/Files/core/vendor/laravel/framework/src/Illuminate/Pipeline/Pipeline.php(209): Illuminate\\Http\\Middleware\\HandleCors->handle()
#68 /home/pranjal/Pranjal/vscode/Files/core/vendor/laravel/framework/src/Illuminate/Http/Middleware/TrustProxies.php(58): Illuminate\\Pipeline\\Pipeline->{closure:{closure:Illuminate\\Pipeline\\Pipeline::carry():184}:185}()
#69 /home/pranjal/Pranjal/vscode/Files/core/vendor/laravel/framework/src/Illuminate/Pipeline/Pipeline.php(209): Illuminate\\Http\\Middleware\\TrustProxies->handle()
#70 /home/pranjal/Pranjal/vscode/Files/core/vendor/laravel/framework/src/Illuminate/Foundation/Http/Middleware/InvokeDeferredCallbacks.php(22): Illuminate\\Pipeline\\Pipeline->{closure:{closure:Illuminate\\Pipeline\\Pipeline::carry():184}:185}()
#71 /home/pranjal/Pranjal/vscode/Files/core/vendor/laravel/framework/src/Illuminate/Pipeline/Pipeline.php(209): Illuminate\\Foundation\\Http\\Middleware\\InvokeDeferredCallbacks->handle()
#72 /home/pranjal/Pranjal/vscode/Files/core/vendor/laramin/utility/src/Utility.php(15): Illuminate\\Pipeline\\Pipeline->{closure:{closure:Illuminate\\Pipeline\\Pipeline::carry():184}:185}()
#73 /home/pranjal/Pranjal/vscode/Files/core/vendor/laravel/framework/src/Illuminate/Pipeline/Pipeline.php(209): Laramin\\Utility\\Utility->handle()
#74 /home/pranjal/Pranjal/vscode/Files/core/vendor/laravel/framework/src/Illuminate/Pipeline/Pipeline.php(127): Illuminate\\Pipeline\\Pipeline->{closure:{closure:Illuminate\\Pipeline\\Pipeline::carry():184}:185}()
#75 /home/pranjal/Pranjal/vscode/Files/core/vendor/laravel/framework/src/Illuminate/Foundation/Http/Kernel.php(176): Illuminate\\Pipeline\\Pipeline->then()
#76 /home/pranjal/Pranjal/vscode/Files/core/vendor/laravel/framework/src/Illuminate/Foundation/Http/Kernel.php(145): Illuminate\\Foundation\\Http\\Kernel->sendRequestThroughRouter()
#77 /home/pranjal/Pranjal/vscode/Files/core/vendor/laravel/framework/src/Illuminate/Foundation/Application.php(1220): Illuminate\\Foundation\\Http\\Kernel->handle()
#78 /home/pranjal/Pranjal/vscode/Files/index.php(17): Illuminate\\Foundation\\Application->handleRequest()
#79 {main}
"} 
[2026-07-26 16:35:39] production.ERROR: Undefined array key "version" (View: /home/pranjal/Pranjal/vscode/Files/core/resources/views/admin/layouts/app.blade.php) (View: /home/pranjal/Pranjal/vscode/Files/core/resources/views/admin/layouts/app.blade.php) {"exception":"[object] (Illuminate\\View\\ViewException(code: 0): Undefined array key \"version\" (View: /home/pranjal/Pranjal/vscode/Files/core/resources/views/admin/layouts/app.blade.php) (View: /home/pranjal/Pranjal/vscode/Files/core/resources/views/admin/layouts/app.blade.php) at /home/pranjal/Pranjal/vscode/Files/core/app/Providers/AppServiceProvider.php:60)
[stacktrace]
#0 /home/pranjal/Pranjal/vscode/Files/core/vendor/laravel/framework/src/Illuminate/View/Engines/PhpEngine.php(60): Illuminate\\View\\Engines\\CompilerEngine->handleViewException()
#1 /home/pranjal/Pranjal/vscode/Files/core/vendor/laravel/framework/src/Illuminate/View/Engines/CompilerEngine.php(75): Illuminate\\View\\Engines\\PhpEngine->evaluatePath()
#2 /home/pranjal/Pranjal/vscode/Files/core/vendor/laravel/framework/src/Illuminate/View/View.php(209): Illuminate\\View\\Engines\\CompilerEngine->get()
#3 /home/pranjal/Pranjal/vscode/Files/core/vendor/laravel/framework/src/Illuminate/View/View.php(192): Illuminate\\View\\View->getContents()
#4 /home/pranjal/Pranjal/vscode/Files/core/vendor/laravel/framework/src/Illuminate/View/View.php(161): Illuminate\\View\\View->renderContents()
#5 /home/pranjal/Pranjal/vscode/Files/core/vendor/laravel/framework/src/Illuminate/Http/Response.php(79): Illuminate\\View\\View->render()
#6 /home/pranjal/Pranjal/vscode/Files/core/vendor/laravel/framework/src/Illuminate/Http/Response.php(35): Illuminate\\Http\\Response->setContent()
#7 /home/pranjal/Pranjal/vscode/Files/core/vendor/laravel/framework/src/Illuminate/Routing/Router.php(920): Illuminate\\Http\\Response->__construct()
#8 /home/pranjal/Pranjal/vscode/Files/core/vendor/laravel/framework/src/Illuminate/Routing/Router.php(887): Illuminate\\Routing\\Router::toResponse()
#9 /home/pranjal/Pranjal/vscode/Files/core/vendor/laravel/framework/src/Illuminate/Routing/Router.php(807): Illuminate\\Routing\\Router->prepareResponse()
#10 /home/pranjal/Pranjal/vscode/Files/core/vendor/laravel/framework/src/Illuminate/Pipeline/Pipeline.php(170): Illuminate\\Routing\\Router->{closure:Illuminate\\Routing\\Router::runRouteWithinStack():807}()
#11 /home/pranjal/Pranjal/vscode/Files/core/app/Http/Middleware/RedirectIfNotAdmin.php(22): Illuminate\\Pipeline\\Pipeline->{closure:Illuminate\\Pipeline\\Pipeline::prepareDestination():168}()
#12 /home/pranjal/Pranjal/vscode/Files/core/vendor/laravel/framework/src/Illuminate/Pipeline/Pipeline.php(209): App\\Http\\Middleware\\RedirectIfNotAdmin->handle()
#13 /home/pranjal/Pranjal/vscode/Files/core/app/Http/Middleware/ActiveTemplateMiddleware.php(31): Illuminate\\Pipeline\\Pipeline->{closure:{closure:Illuminate\\Pipeline\\Pipeline::carry():184}:185}()
#14 /home/pranjal/Pranjal/vscode/Files/core/vendor/laravel/framework/src/Illuminate/Pipeline/Pipeline.php(209): App\\Http\\Middleware\\ActiveTemplateMiddleware->handle()
#15 /home/pranjal/Pranjal/vscode/Files/core/app/Http/Middleware/LanguageMiddleware.php(22): Illuminate\\Pipeline\\Pipeline->{closure:{closure:Illuminate\\Pipeline\\Pipeline::carry():184}:185}()
#16 /home/pranjal/Pranjal/vscode/Files/core/vendor/laravel/framework/src/Illuminate/Pipeline/Pipeline.php(209): App\\Http\\Middleware\\LanguageMiddleware->handle()
#17 /home/pranjal/Pranjal/vscode/Files/core/vendor/laravel/framework/src/Illuminate/Routing/Middleware/SubstituteBindings.php(51): Illuminate\\Pipeline\\Pipeline->{closure:{closure:Illuminate\\Pipeline\\Pipeline::carry():184}:185}()
#18 /home/pranjal/Pranjal/vscode/Files/core/vendor/laravel/framework/src/Illuminate/Pipeline/Pipeline.php(209): Illuminate\\Routing\\Middleware\\SubstituteBindings->handle()
#19 /home/pranjal/Pranjal/vscode/Files/core/vendor/laravel/framework/src/Illuminate/Foundation/Http/Middleware/VerifyCsrfToken.php(88): Illuminate\\Pipeline\\Pipeline->{closure:{closure:Illuminate\\Pipeline\\Pipeline::carry():184}:185}()
#20 /home/pranjal/Pranjal/vscode/Files/core/vendor/laravel/framework/src/Illuminate/Pipeline/Pipeline.php(209): Illuminate\\Foundation\\Http\\Middleware\\VerifyCsrfToken->handle()
#21 /home/pranjal/Pranjal/vscode/Files/core/vendor/laravel/framework/src/Illuminate/View/Middleware/ShareErrorsFromSession.php(49): Illuminate\\Pipeline\\Pipeline->{closure:{closure:Illuminate\\Pipeline\\Pipeline::carry():184}:185}()
#22 /home/pranjal/Pranjal/vscode/Files/core/vendor/laravel/framework/src/Illuminate/Pipeline/Pipeline.php(209): Illuminate\\View\\Middleware\\ShareErrorsFromSession->handle()
#23 /home/pranjal/Pranjal/vscode/Files/core/vendor/laravel/framework/src/Illuminate/Session/Middleware/StartSession.php(121): Illuminate\\Pipeline\\Pipeline->{closure:{closure:Illuminate\\Pipeline\\Pipeline::carry():184}:185}()
#24 /home/pranjal/Pranjal/vscode/Files/core/vendor/laravel/framework/src/Illuminate/Session/Middleware/StartSession.php(64): Illuminate\\Session\\Middleware\\StartSession->handleStatefulRequest()
#25 /home/pranjal/Pranjal/vscode/Files/core/vendor/laravel/framework/src/Illuminate/Pipeline/Pipeline.php(209): Illuminate\\Session\\Middleware\\StartSession->handle()
#26 /home/pranjal/Pranjal/vscode/Files/core/vendor/laravel/framework/src/Illuminate/Cookie/Middleware/AddQueuedCookiesToResponse.php(37): Illuminate\\Pipeline\\Pipeline->{closure:{closure:Illuminate\\Pipeline\\Pipeline::carry():184}:185}()
#27 /home/pranjal/Pranjal/vscode/Files/core/vendor/laravel/framework/src/Illuminate/Pipeline/Pipeline.php(209): Illuminate\\Cookie\\Middleware\\AddQueuedCookiesToResponse->handle()
#28 /home/pranjal/Pranjal/vscode/Files/core/vendor/laramin/utility/src/Utility.php(15): Illuminate\\Pipeline\\Pipeline->{closure:{closure:Illuminate\\Pipeline\\Pipeline::carry():184}:185}()
#29 /home/pranjal/Pranjal/vscode/Files/core/vendor/laravel/framework/src/Illuminate/Pipeline/Pipeline.php(209): Laramin\\Utility\\Utility->handle()
#30 /home/pranjal/Pranjal/vscode/Files/core/vendor/laravel/framework/src/Illuminate/Pipeline/Pipeline.php(127): Illuminate\\Pipeline\\Pipeline->{closure:{closure:Illuminate\\Pipeline\\Pipeline::carry():184}:185}()
#31 /home/pranjal/Pranjal/vscode/Files/core/vendor/laravel/framework/src/Illuminate/Routing/Router.php(807): Illuminate\\Pipeline\\Pipeline->then()
#32 /home/pranjal/Pranjal/vscode/Files/core/vendor/laravel/framework/src/Illuminate/Routing/Router.php(786): Illuminate\\Routing\\Router->runRouteWithinStack()
#33 /home/pranjal/Pranjal/vscode/Files/core/vendor/laravel/framework/src/Illuminate/Routing/Router.php(750): Illuminate\\Routing\\Router->runRoute()
#34 /home/pranjal/Pranjal/vscode/Files/core/vendor/laravel/framework/src/Illuminate/Routing/Router.php(739): Illuminate\\Routing\\Router->dispatchToRoute()
#35 /home/pranjal/Pranjal/vscode/Files/core/vendor/laravel/framework/src/Illuminate/Foundation/Http/Kernel.php(201): Illuminate\\Routing\\Router->dispatch()
#36 /home/pranjal/Pranjal/vscode/Files/core/vendor/laravel/framework/src/Illuminate/Pipeline/Pipeline.php(170): Illuminate\\Foundation\\Http\\Kernel->{closure:Illuminate\\Foundation\\Http\\Kernel::dispatchToRouter():198}()
#37 /home/pranjal/Pranjal/vscode/Files/core/vendor/laravel/framework/src/Illuminate/Foundation/Http/Middleware/TransformsRequest.php(21): Illuminate\\Pipeline\\Pipeline->{closure:Illuminate\\Pipeline\\Pipeline::prepareDestination():168}()
#38 /home/pranjal/Pranjal/vscode/Files/core/vendor/laravel/framework/src/Illuminate/Foundation/Http/Middleware/ConvertEmptyStringsToNull.php(31): Illuminate\\Foundation\\Http\\Middleware\\TransformsRequest->handle()
#39 /home/pranjal/Pranjal/vscode/Files/core/vendor/laravel/framework/src/Illuminate/Pipeline/Pipeline.php(209): Illuminate\\Foundation\\Http\\Middleware\\ConvertEmptyStringsToNull->handle()
#40 /home/pranjal/Pranjal/vscode/Files/core/vendor/laravel/framework/src/Illuminate/Foundation/Http/Middleware/TransformsRequest.php(21): Illuminate\\Pipeline\\Pipeline->{closure:{closure:Illuminate\\Pipeline\\Pipeline::carry():184}:185}()
#41 /home/pranjal/Pranjal/vscode/Files/core/vendor/laravel/framework/src/Illuminate/Foundation/Http/Middleware/TrimStrings.php(51): Illuminate\\Foundation\\Http\\Middleware\\TransformsRequest->handle()
#42 /home/pranjal/Pranjal/vscode/Files/core/vendor/laravel/framework/src/Illuminate/Pipeline/Pipeline.php(209): Illuminate\\Foundation\\Http\\Middleware\\TrimStrings->handle()
#43 /home/pranjal/Pranjal/vscode/Files/core/vendor/laravel/framework/src/Illuminate/Http/Middleware/ValidatePostSize.php(27): Illuminate\\Pipeline\\Pipeline->{closure:{closure:Illuminate\\Pipeline\\Pipeline::carry():184}:185}()
#44 /home/pranjal/Pranjal/vscode/Files/core/vendor/laravel/framework/src/Illuminate/Pipeline/Pipeline.php(209): Illuminate\\Http\\Middleware\\ValidatePostSize->handle()
#45 /home/pranjal/Pranjal/vscode/Files/core/vendor/laravel/framework/src/Illuminate/Foundation/Http/Middleware/PreventRequestsDuringMaintenance.php(110): Illuminate\\Pipeline\\Pipeline->{closure:{closure:Illuminate\\Pipeline\\Pipeline::carry():184}:185}()
#46 /home/pranjal/Pranjal/vscode/Files/core/vendor/laravel/framework/src/Illuminate/Pipeline/Pipeline.php(209): Illuminate\\Foundation\\Http\\Middleware\\PreventRequestsDuringMaintenance->handle()
#47 /home/pranjal/Pranjal/vscode/Files/core/vendor/laravel/framework/src/Illuminate/Http/Middleware/HandleCors.php(49): Illuminate\\Pipeline\\Pipeline->{closure:{closure:Illuminate\\Pipeline\\Pipeline::carry():184}:185}()
#48 /home/pranjal/Pranjal/vscode/Files/core/vendor/laravel/framework/src/Illuminate/Pipeline/Pipeline.php(209): Illuminate\\Http\\Middleware\\HandleCors->handle()
#49 /home/pranjal/Pranjal/vscode/Files/core/vendor/laravel/framework/src/Illuminate/Http/Middleware/TrustProxies.php(58): Illuminate\\Pipeline\\Pipeline->{closure:{closure:Illuminate\\Pipeline\\Pipeline::carry():184}:185}()
#50 /home/pranjal/Pranjal/vscode/Files/core/vendor/laravel/framework/src/Illuminate/Pipeline/Pipeline.php(209): Illuminate\\Http\\Middleware\\TrustProxies->handle()
#51 /home/pranjal/Pranjal/vscode/Files/core/vendor/laravel/framework/src/Illuminate/Foundation/Http/Middleware/InvokeDeferredCallbacks.php(22): Illuminate\\Pipeline\\Pipeline->{closure:{closure:Illuminate\\Pipeline\\Pipeline::carry():184}:185}()
#52 /home/pranjal/Pranjal/vscode/Files/core/vendor/laravel/framework/src/Illuminate/Pipeline/Pipeline.php(209): Illuminate\\Foundation\\Http\\Middleware\\InvokeDeferredCallbacks->handle()
#53 /home/pranjal/Pranjal/vscode/Files/core/vendor/laramin/utility/src/Utility.php(15): Illuminate\\Pipeline\\Pipeline->{closure:{closure:Illuminate\\Pipeline\\Pipeline::carry():184}:185}()
#54 /home/pranjal/Pranjal/vscode/Files/core/vendor/laravel/framework/src/Illuminate/Pipeline/Pipeline.php(209): Laramin\\Utility\\Utility->handle()
#55 /home/pranjal/Pranjal/vscode/Files/core/vendor/laravel/framework/src/Illuminate/Pipeline/Pipeline.php(127): Illuminate\\Pipeline\\Pipeline->{closure:{closure:Illuminate\\Pipeline\\Pipeline::carry():184}:185}()
#56 /home/pranjal/Pranjal/vscode/Files/core/vendor/laravel/framework/src/Illuminate/Foundation/Http/Kernel.php(176): Illuminate\\Pipeline\\Pipeline->then()
#57 /home/pranjal/Pranjal/vscode/Files/core/vendor/laravel/framework/src/Illuminate/Foundation/Http/Kernel.php(145): Illuminate\\Foundation\\Http\\Kernel->sendRequestThroughRouter()
#58 /home/pranjal/Pranjal/vscode/Files/core/vendor/laravel/framework/src/Illuminate/Foundation/Application.php(1220): Illuminate\\Foundation\\Http\\Kernel->handle()
#59 /home/pranjal/Pranjal/vscode/Files/index.php(17): Illuminate\\Foundation\\Application->handleRequest()
#60 {main}

[previous exception] [object] (Illuminate\\View\\ViewException(code: 0): Undefined array key \"version\" (View: /home/pranjal/Pranjal/vscode/Files/core/resources/views/admin/layouts/app.blade.php) at /home/pranjal/Pranjal/vscode/Files/core/app/Providers/AppServiceProvider.php:60)
[stacktrace]
#0 /home/pranjal/Pranjal/vscode/Files/core/vendor/laravel/framework/src/Illuminate/View/Engines/PhpEngine.php(60): Illuminate\\View\\Engines\\CompilerEngine->handleViewException()
#1 /home/pranjal/Pranjal/vscode/Files/core/vendor/laravel/framework/src/Illuminate/View/Engines/CompilerEngine.php(75): Illuminate\\View\\Engines\\PhpEngine->evaluatePath()
#2 /home/pranjal/Pranjal/vscode/Files/core/vendor/laravel/framework/src/Illuminate/View/View.php(209): Illuminate\\View\\Engines\\CompilerEngine->get()
#3 /home/pranjal/Pranjal/vscode/Files/core/vendor/laravel/framework/src/Illuminate/View/View.php(192): Illuminate\\View\\View->getContents()
#4 /home/pranjal/Pranjal/vscode/Files/core/vendor/laravel/framework/src/Illuminate/View/View.php(161): Illuminate\\View\\View->renderContents()
#5 /home/pranjal/Pranjal/vscode/Files/core/storage/framework/views/352e4f31816487ef220ed296bddaef8a.php(341): Illuminate\\View\\View->render()
#6 /home/pranjal/Pranjal/vscode/Files/core/vendor/laravel/framework/src/Illuminate/Filesystem/Filesystem.php(123): require('...')
#7 /home/pranjal/Pranjal/vscode/Files/core/vendor/laravel/framework/src/Illuminate/Filesystem/Filesystem.php(124): Illuminate\\Filesystem\\Filesystem::{closure:Illuminate\\Filesystem\\Filesystem::getRequire():120}()
#8 /home/pranjal/Pranjal/vscode/Files/core/vendor/laravel/framework/src/Illuminate/View/Engines/PhpEngine.php(58): Illuminate\\Filesystem\\Filesystem->getRequire()
#9 /home/pranjal/Pranjal/vscode/Files/core/vendor/laravel/framework/src/Illuminate/View/Engines/CompilerEngine.php(75): Illuminate\\View\\Engines\\PhpEngine->evaluatePath()
#10 /home/pranjal/Pranjal/vscode/Files/core/vendor/laravel/framework/src/Illuminate/View/View.php(209): Illuminate\\View\\Engines\\CompilerEngine->get()
#11 /home/pranjal/Pranjal/vscode/Files/core/vendor/laravel/framework/src/Illuminate/View/View.php(192): Illuminate\\View\\View->getContents()
#12 /home/pranjal/Pranjal/vscode/Files/core/vendor/laravel/framework/src/Illuminate/View/View.php(161): Illuminate\\View\\View->renderContents()
#13 /home/pranjal/Pranjal/vscode/Files/core/vendor/laravel/framework/src/Illuminate/Http/Response.php(79): Illuminate\\View\\View->render()
#14 /home/pranjal/Pranjal/vscode/Files/core/vendor/laravel/framework/src/Illuminate/Http/Response.php(35): Illuminate\\Http\\Response->setContent()
#15 /home/pranjal/Pranjal/vscode/Files/core/vendor/laravel/framework/src/Illuminate/Routing/Router.php(920): Illuminate\\Http\\Response->__construct()
#16 /home/pranjal/Pranjal/vscode/Files/core/vendor/laravel/framework/src/Illuminate/Routing/Router.php(887): Illuminate\\Routing\\Router::toResponse()
#17 /home/pranjal/Pranjal/vscode/Files/core/vendor/laravel/framework/src/Illuminate/Routing/Router.php(807): Illuminate\\Routing\\Router->prepareResponse()
#18 /home/pranjal/Pranjal/vscode/Files/core/vendor/laravel/framework/src/Illuminate/Pipeline/Pipeline.php(170): Illuminate\\Routing\\Router->{closure:Illuminate\\Routing\\Router::runRouteWithinStack():807}()
#19 /home/pranjal/Pranjal/vscode/Files/core/app/Http/Middleware/RedirectIfNotAdmin.php(22): Illuminate\\Pipeline\\Pipeline->{closure:Illuminate\\Pipeline\\Pipeline::prepareDestination():168}()
#20 /home/pranjal/Pranjal/vscode/Files/core/vendor/laravel/framework/src/Illuminate/Pipeline/Pipeline.php(209): App\\Http\\Middleware\\RedirectIfNotAdmin->handle()
#21 /home/pranjal/Pranjal/vscode/Files/core/app/Http/Middleware/ActiveTemplateMiddleware.php(31): Illuminate\\Pipeline\\Pipeline->{closure:{closure:Illuminate\\Pipeline\\Pipeline::carry():184}:185}()
#22 /home/pranjal/Pranjal/vscode/Files/core/vendor/laravel/framework/src/Illuminate/Pipeline/Pipeline.php(209): App\\Http\\Middleware\\ActiveTemplateMiddleware->handle()
#23 /home/pranjal/Pranjal/vscode/Files/core/app/Http/Middleware/LanguageMiddleware.php(22): Illuminate\\Pipeline\\Pipeline->{closure:{closure:Illuminate\\Pipeline\\Pipeline::carry():184}:185}()
#24 /home/pranjal/Pranjal/vscode/Files/core/vendor/laravel/framework/src/Illuminate/Pipeline/Pipeline.php(209): App\\Http\\Middleware\\LanguageMiddleware->handle()
#25 /home/pranjal/Pranjal/vscode/Files/core/vendor/laravel/framework/src/Illuminate/Routing/Middleware/SubstituteBindings.php(51): Illuminate\\Pipeline\\Pipeline->{closure:{closure:Illuminate\\Pipeline\\Pipeline::carry():184}:185}()
#26 /home/pranjal/Pranjal/vscode/Files/core/vendor/laravel/framework/src/Illuminate/Pipeline/Pipeline.php(209): Illuminate\\Routing\\Middleware\\SubstituteBindings->handle()
#27 /home/pranjal/Pranjal/vscode/Files/core/vendor/laravel/framework/src/Illuminate/Foundation/Http/Middleware/VerifyCsrfToken.php(88): Illuminate\\Pipeline\\Pipeline->{closure:{closure:Illuminate\\Pipeline\\Pipeline::carry():184}:185}()
#28 /home/pranjal/Pranjal/vscode/Files/core/vendor/laravel/framework/src/Illuminate/Pipeline/Pipeline.php(209): Illuminate\\Foundation\\Http\\Middleware\\VerifyCsrfToken->handle()
#29 /home/pranjal/Pranjal/vscode/Files/core/vendor/laravel/framework/src/Illuminate/View/Middleware/ShareErrorsFromSession.php(49): Illuminate\\Pipeline\\Pipeline->{closure:{closure:Illuminate\\Pipeline\\Pipeline::carry():184}:185}()
#30 /home/pranjal/Pranjal/vscode/Files/core/vendor/laravel/framework/src/Illuminate/Pipeline/Pipeline.php(209): Illuminate\\View\\Middleware\\ShareErrorsFromSession->handle()
#31 /home/pranjal/Pranjal/vscode/Files/core/vendor/laravel/framework/src/Illuminate/Session/Middleware/StartSession.php(121): Illuminate\\Pipeline\\Pipeline->{closure:{closure:Illuminate\\Pipeline\\Pipeline::carry():184}:185}()
#32 /home/pranjal/Pranjal/vscode/Files/core/vendor/laravel/framework/src/Illuminate/Session/Middleware/StartSession.php(64): Illuminate\\Session\\Middleware\\StartSession->handleStatefulRequest()
#33 /home/pranjal/Pranjal/vscode/Files/core/vendor/laravel/framework/src/Illuminate/Pipeline/Pipeline.php(209): Illuminate\\Session\\Middleware\\StartSession->handle()
#34 /home/pranjal/Pranjal/vscode/Files/core/vendor/laravel/framework/src/Illuminate/Cookie/Middleware/AddQueuedCookiesToResponse.php(37): Illuminate\\Pipeline\\Pipeline->{closure:{closure:Illuminate\\Pipeline\\Pipeline::carry():184}:185}()
#35 /home/pranjal/Pranjal/vscode/Files/core/vendor/laravel/framework/src/Illuminate/Pipeline/Pipeline.php(209): Illuminate\\Cookie\\Middleware\\AddQueuedCookiesToResponse->handle()
#36 /home/pranjal/Pranjal/vscode/Files/core/vendor/laramin/utility/src/Utility.php(15): Illuminate\\Pipeline\\Pipeline->{closure:{closure:Illuminate\\Pipeline\\Pipeline::carry():184}:185}()
#37 /home/pranjal/Pranjal/vscode/Files/core/vendor/laravel/framework/src/Illuminate/Pipeline/Pipeline.php(209): Laramin\\Utility\\Utility->handle()
#38 /home/pranjal/Pranjal/vscode/Files/core/vendor/laravel/framework/src/Illuminate/Pipeline/Pipeline.php(127): Illuminate\\Pipeline\\Pipeline->{closure:{closure:Illuminate\\Pipeline\\Pipeline::carry():184}:185}()
#39 /home/pranjal/Pranjal/vscode/Files/core/vendor/laravel/framework/src/Illuminate/Routing/Router.php(807): Illuminate\\Pipeline\\Pipeline->then()
#40 /home/pranjal/Pranjal/vscode/Files/core/vendor/laravel/framework/src/Illuminate/Routing/Router.php(786): Illuminate\\Routing\\Router->runRouteWithinStack()
#41 /home/pranjal/Pranjal/vscode/Files/core/vendor/laravel/framework/src/Illuminate/Routing/Router.php(750): Illuminate\\Routing\\Router->runRoute()
#42 /home/pranjal/Pranjal/vscode/Files/core/vendor/laravel/framework/src/Illuminate/Routing/Router.php(739): Illuminate\\Routing\\Router->dispatchToRoute()
#43 /home/pranjal/Pranjal/vscode/Files/core/vendor/laravel/framework/src/Illuminate/Foundation/Http/Kernel.php(201): Illuminate\\Routing\\Router->dispatch()
#44 /home/pranjal/Pranjal/vscode/Files/core/vendor/laravel/framework/src/Illuminate/Pipeline/Pipeline.php(170): Illuminate\\Foundation\\Http\\Kernel->{closure:Illuminate\\Foundation\\Http\\Kernel::dispatchToRouter():198}()
#45 /home/pranjal/Pranjal/vscode/Files/core/vendor/laravel/framework/src/Illuminate/Foundation/Http/Middleware/TransformsRequest.php(21): Illuminate\\Pipeline\\Pipeline->{closure:Illuminate\\Pipeline\\Pipeline::prepareDestination():168}()
#46 /home/pranjal/Pranjal/vscode/Files/core/vendor/laravel/framework/src/Illuminate/Foundation/Http/Middleware/ConvertEmptyStringsToNull.php(31): Illuminate\\Foundation\\Http\\Middleware\\TransformsRequest->handle()
#47 /home/pranjal/Pranjal/vscode/Files/core/vendor/laravel/framework/src/Illuminate/Pipeline/Pipeline.php(209): Illuminate\\Foundation\\Http\\Middleware\\ConvertEmptyStringsToNull->handle()
#48 /home/pranjal/Pranjal/vscode/Files/core/vendor/laravel/framework/src/Illuminate/Foundation/Http/Middleware/TransformsRequest.php(21): Illuminate\\Pipeline\\Pipeline->{closure:{closure:Illuminate\\Pipeline\\Pipeline::carry():184}:185}()
#49 /home/pranjal/Pranjal/vscode/Files/core/vendor/laravel/framework/src/Illuminate/Foundation/Http/Middleware/TrimStrings.php(51): Illuminate\\Foundation\\Http\\Middleware\\TransformsRequest->handle()
#50 /home/pranjal/Pranjal/vscode/Files/core/vendor/laravel/framework/src/Illuminate/Pipeline/Pipeline.php(209): Illuminate\\Foundation\\Http\\Middleware\\TrimStrings->handle()
#51 /home/pranjal/Pranjal/vscode/Files/core/vendor/laravel/framework/src/Illuminate/Http/Middleware/ValidatePostSize.php(27): Illuminate\\Pipeline\\Pipeline->{closure:{closure:Illuminate\\Pipeline\\Pipeline::carry():184}:185}()
#52 /home/pranjal/Pranjal/vscode/Files/core/vendor/laravel/framework/src/Illuminate/Pipeline/Pipeline.php(209): Illuminate\\Http\\Middleware\\ValidatePostSize->handle()
#53 /home/pranjal/Pranjal/vscode/Files/core/vendor/laravel/framework/src/Illuminate/Foundation/Http/Middleware/PreventRequestsDuringMaintenance.php(110): Illuminate\\Pipeline\\Pipeline->{closure:{closure:Illuminate\\Pipeline\\Pipeline::carry():184}:185}()
#54 /home/pranjal/Pranjal/vscode/Files/core/vendor/laravel/framework/src/Illuminate/Pipeline/Pipeline.php(209): Illuminate\\Foundation\\Http\\Middleware\\PreventRequestsDuringMaintenance->handle()
#55 /home/pranjal/Pranjal/vscode/Files/core/vendor/laravel/framework/src/Illuminate/Http/Middleware/HandleCors.php(49): Illuminate\\Pipeline\\Pipeline->{closure:{closure:Illuminate\\Pipeline\\Pipeline::carry():184}:185}()
#56 /home/pranjal/Pranjal/vscode/Files/core/vendor/laravel/framework/src/Illuminate/Pipeline/Pipeline.php(209): Illuminate\\Http\\Middleware\\HandleCors->handle()
#57 /home/pranjal/Pranjal/vscode/Files/core/vendor/laravel/framework/src/Illuminate/Http/Middleware/TrustProxies.php(58): Illuminate\\Pipeline\\Pipeline->{closure:{closure:Illuminate\\Pipeline\\Pipeline::carry():184}:185}()
#58 /home/pranjal/Pranjal/vscode/Files/core/vendor/laravel/framework/src/Illuminate/Pipeline/Pipeline.php(209): Illuminate\\Http\\Middleware\\TrustProxies->handle()
#59 /home/pranjal/Pranjal/vscode/Files/core/vendor/laravel/framework/src/Illuminate/Foundation/Http/Middleware/InvokeDeferredCallbacks.php(22): Illuminate\\Pipeline\\Pipeline->{closure:{closure:Illuminate\\Pipeline\\Pipeline::carry():184}:185}()
#60 /home/pranjal/Pranjal/vscode/Files/core/vendor/laravel/framework/src/Illuminate/Pipeline/Pipeline.php(209): Illuminate\\Foundation\\Http\\Middleware\\InvokeDeferredCallbacks->handle()
#61 /home/pranjal/Pranjal/vscode/Files/core/vendor/laramin/utility/src/Utility.php(15): Illuminate\\Pipeline\\Pipeline->{closure:{closure:Illuminate\\Pipeline\\Pipeline::carry():184}:185}()
#62 /home/pranjal/Pranjal/vscode/Files/core/vendor/laravel/framework/src/Illuminate/Pipeline/Pipeline.php(209): Laramin\\Utility\\Utility->handle()
#63 /home/pranjal/Pranjal/vscode/Files/core/vendor/laravel/framework/src/Illuminate/Pipeline/Pipeline.php(127): Illuminate\\Pipeline\\Pipeline->{closure:{closure:Illuminate\\Pipeline\\Pipeline::carry():184}:185}()
#64 /home/pranjal/Pranjal/vscode/Files/core/vendor/laravel/framework/src/Illuminate/Foundation/Http/Kernel.php(176): Illuminate\\Pipeline\\Pipeline->then()
#65 /home/pranjal/Pranjal/vscode/Files/core/vendor/laravel/framework/src/Illuminate/Foundation/Http/Kernel.php(145): Illuminate\\Foundation\\Http\\Kernel->sendRequestThroughRouter()
#66 /home/pranjal/Pranjal/vscode/Files/core/vendor/laravel/framework/src/Illuminate/Foundation/Application.php(1220): Illuminate\\Foundation\\Http\\Kernel->handle()
#67 /home/pranjal/Pranjal/vscode/Files/index.php(17): Illuminate\\Foundation\\Application->handleRequest()
#68 {main}

[previous exception] [object] (ErrorException(code: 0): Undefined array key \"version\" at /home/pranjal/Pranjal/vscode/Files/core/app/Providers/AppServiceProvider.php:60)
[stacktrace]
#0 /home/pranjal/Pranjal/vscode/Files/core/vendor/laravel/framework/src/Illuminate/Foundation/Bootstrap/HandleExceptions.php(258): Illuminate\\Foundation\\Bootstrap\\HandleExceptions->handleError()
#1 /home/pranjal/Pranjal/vscode/Files/core/app/Providers/AppServiceProvider.php(60): Illuminate\\Foundation\\Bootstrap\\HandleExceptions->{closure:Illuminate\\Foundation\\Bootstrap\\HandleExceptions::forwardsTo():257}()
#2 /home/pranjal/Pranjal/vscode/Files/core/vendor/laravel/framework/src/Illuminate/Events/Dispatcher.php(459): App\\Providers\\AppServiceProvider->{closure:App\\Providers\\AppServiceProvider::boot():51}()
#3 /home/pranjal/Pranjal/vscode/Files/core/vendor/laravel/framework/src/Illuminate/Events/Dispatcher.php(287): Illuminate\\Events\\Dispatcher->{closure:Illuminate\\Events\\Dispatcher::makeListener():454}()
#4 /home/pranjal/Pranjal/vscode/Files/core/vendor/laravel/framework/src/Illuminate/Events/Dispatcher.php(267): Illuminate\\Events\\Dispatcher->invokeListeners()
#5 /home/pranjal/Pranjal/vscode/Files/core/vendor/laravel/framework/src/Illuminate/View/Concerns/ManagesEvents.php(178): Illuminate\\Events\\Dispatcher->dispatch()
#6 /home/pranjal/Pranjal/vscode/Files/core/vendor/laravel/framework/src/Illuminate/View/View.php(190): Illuminate\\View\\Factory->callComposer()
#7 /home/pranjal/Pranjal/vscode/Files/core/vendor/laravel/framework/src/Illuminate/View/View.php(161): Illuminate\\View\\View->renderContents()
#8 /home/pranjal/Pranjal/vscode/Files/core/storage/framework/views/bd994467445c0c077eb81ef6ab510c57.php(7): Illuminate\\View\\View->render()
#9 /home/pranjal/Pranjal/vscode/Files/core/vendor/laravel/framework/src/Illuminate/Filesystem/Filesystem.php(123): require('...')
#10 /home/pranjal/Pranjal/vscode/Files/core/vendor/laravel/framework/src/Illuminate/Filesystem/Filesystem.php(124): Illuminate\\Filesystem\\Filesystem::{closure:Illuminate\\Filesystem\\Filesystem::getRequire():120}()
#11 /home/pranjal/Pranjal/vscode/Files/core/vendor/laravel/framework/src/Illuminate/View/Engines/PhpEngine.php(58): Illuminate\\Filesystem\\Filesystem->getRequire()
#12 /home/pranjal/Pranjal/vscode/Files/core/vendor/laravel/framework/src/Illuminate/View/Engines/CompilerEngine.php(75): Illuminate\\View\\Engines\\PhpEngine->evaluatePath()
#13 /home/pranjal/Pranjal/vscode/Files/core/vendor/laravel/framework/src/Illuminate/View/View.php(209): Illuminate\\View\\Engines\\CompilerEngine->get()
#14 /home/pranjal/Pranjal/vscode/Files/core/vendor/laravel/framework/src/Illuminate/View/View.php(192): Illuminate\\View\\View->getContents()
#15 /home/pranjal/Pranjal/vscode/Files/core/vendor/laravel/framework/src/Illuminate/View/View.php(161): Illuminate\\View\\View->renderContents()
#16 /home/pranjal/Pranjal/vscode/Files/core/storage/framework/views/352e4f31816487ef220ed296bddaef8a.php(341): Illuminate\\View\\View->render()
#17 /home/pranjal/Pranjal/vscode/Files/core/vendor/laravel/framework/src/Illuminate/Filesystem/Filesystem.php(123): require('...')
#18 /home/pranjal/Pranjal/vscode/Files/core/vendor/laravel/framework/src/Illuminate/Filesystem/Filesystem.php(124): Illuminate\\Filesystem\\Filesystem::{closure:Illuminate\\Filesystem\\Filesystem::getRequire():120}()
#19 /home/pranjal/Pranjal/vscode/Files/core/vendor/laravel/framework/src/Illuminate/View/Engines/PhpEngine.php(58): Illuminate\\Filesystem\\Filesystem->getRequire()
#20 /home/pranjal/Pranjal/vscode/Files/core/vendor/laravel/framework/src/Illuminate/View/Engines/CompilerEngine.php(75): Illuminate\\View\\Engines\\PhpEngine->evaluatePath()
#21 /home/pranjal/Pranjal/vscode/Files/core/vendor/laravel/framework/src/Illuminate/View/View.php(209): Illuminate\\View\\Engines\\CompilerEngine->get()
#22 /home/pranjal/Pranjal/vscode/Files/core/vendor/laravel/framework/src/Illuminate/View/View.php(192): Illuminate\\View\\View->getContents()
#23 /home/pranjal/Pranjal/vscode/Files/core/vendor/laravel/framework/src/Illuminate/View/View.php(161): Illuminate\\View\\View->renderContents()
#24 /home/pranjal/Pranjal/vscode/Files/core/vendor/laravel/framework/src/Illuminate/Http/Response.php(79): Illuminate\\View\\View->render()
#25 /home/pranjal/Pranjal/vscode/Files/core/vendor/laravel/framework/src/Illuminate/Http/Response.php(35): Illuminate\\Http\\Response->setContent()
#26 /home/pranjal/Pranjal/vscode/Files/core/vendor/laravel/framework/src/Illuminate/Routing/Router.php(920): Illuminate\\Http\\Response->__construct()
#27 /home/pranjal/Pranjal/vscode/Files/core/vendor/laravel/framework/src/Illuminate/Routing/Router.php(887): Illuminate\\Routing\\Router::toResponse()
#28 /home/pranjal/Pranjal/vscode/Files/core/vendor/laravel/framework/src/Illuminate/Routing/Router.php(807): Illuminate\\Routing\\Router->prepareResponse()
#29 /home/pranjal/Pranjal/vscode/Files/core/vendor/laravel/framework/src/Illuminate/Pipeline/Pipeline.php(170): Illuminate\\Routing\\Router->{closure:Illuminate\\Routing\\Router::runRouteWithinStack():807}()
#30 /home/pranjal/Pranjal/vscode/Files/core/app/Http/Middleware/RedirectIfNotAdmin.php(22): Illuminate\\Pipeline\\Pipeline->{closure:Illuminate\\Pipeline\\Pipeline::prepareDestination():168}()
#31 /home/pranjal/Pranjal/vscode/Files/core/vendor/laravel/framework/src/Illuminate/Pipeline/Pipeline.php(209): App\\Http\\Middleware\\RedirectIfNotAdmin->handle()
#32 /home/pranjal/Pranjal/vscode/Files/core/app/Http/Middleware/ActiveTemplateMiddleware.php(31): Illuminate\\Pipeline\\Pipeline->{closure:{closure:Illuminate\\Pipeline\\Pipeline::carry():184}:185}()
#33 /home/pranjal/Pranjal/vscode/Files/core/vendor/laravel/framework/src/Illuminate/Pipeline/Pipeline.php(209): App\\Http\\Middleware\\ActiveTemplateMiddleware->handle()
#34 /home/pranjal/Pranjal/vscode/Files/core/app/Http/Middleware/LanguageMiddleware.php(22): Illuminate\\Pipeline\\Pipeline->{closure:{closure:Illuminate\\Pipeline\\Pipeline::carry():184}:185}()
#35 /home/pranjal/Pranjal/vscode/Files/core/vendor/laravel/framework/src/Illuminate/Pipeline/Pipeline.php(209): App\\Http\\Middleware\\LanguageMiddleware->handle()
#36 /home/pranjal/Pranjal/vscode/Files/core/vendor/laravel/framework/src/Illuminate/Routing/Middleware/SubstituteBindings.php(51): Illuminate\\Pipeline\\Pipeline->{closure:{closure:Illuminate\\Pipeline\\Pipeline::carry():184}:185}()
#37 /home/pranjal/Pranjal/vscode/Files/core/vendor/laravel/framework/src/Illuminate/Pipeline/Pipeline.php(209): Illuminate\\Routing\\Middleware\\SubstituteBindings->handle()
#38 /home/pranjal/Pranjal/vscode/Files/core/vendor/laravel/framework/src/Illuminate/Foundation/Http/Middleware/VerifyCsrfToken.php(88): Illuminate\\Pipeline\\Pipeline->{closure:{closure:Illuminate\\Pipeline\\Pipeline::carry():184}:185}()
#39 /home/pranjal/Pranjal/vscode/Files/core/vendor/laravel/framework/src/Illuminate/Pipeline/Pipeline.php(209): Illuminate\\Foundation\\Http\\Middleware\\VerifyCsrfToken->handle()
#40 /home/pranjal/Pranjal/vscode/Files/core/vendor/laravel/framework/src/Illuminate/View/Middleware/ShareErrorsFromSession.php(49): Illuminate\\Pipeline\\Pipeline->{closure:{closure:Illuminate\\Pipeline\\Pipeline::carry():184}:185}()
#41 /home/pranjal/Pranjal/vscode/Files/core/vendor/laravel/framework/src/Illuminate/Pipeline/Pipeline.php(209): Illuminate\\View\\Middleware\\ShareErrorsFromSession->handle()
#42 /home/pranjal/Pranjal/vscode/Files/core/vendor/laravel/framework/src/Illuminate/Session/Middleware/StartSession.php(121): Illuminate\\Pipeline\\Pipeline->{closure:{closure:Illuminate\\Pipeline\\Pipeline::carry():184}:185}()
#43 /home/pranjal/Pranjal/vscode/Files/core/vendor/laravel/framework/src/Illuminate/Session/Middleware/StartSession.php(64): Illuminate\\Session\\Middleware\\StartSession->handleStatefulRequest()
#44 /home/pranjal/Pranjal/vscode/Files/core/vendor/laravel/framework/src/Illuminate/Pipeline/Pipeline.php(209): Illuminate\\Session\\Middleware\\StartSession->handle()
#45 /home/pranjal/Pranjal/vscode/Files/core/vendor/laravel/framework/src/Illuminate/Cookie/Middleware/AddQueuedCookiesToResponse.php(37): Illuminate\\Pipeline\\Pipeline->{closure:{closure:Illuminate\\Pipeline\\Pipeline::carry():184}:185}()
#46 /home/pranjal/Pranjal/vscode/Files/core/vendor/laravel/framework/src/Illuminate/Pipeline/Pipeline.php(209): Illuminate\\Cookie\\Middleware\\AddQueuedCookiesToResponse->handle()
#47 /home/pranjal/Pranjal/vscode/Files/core/vendor/laramin/utility/src/Utility.php(15): Illuminate\\Pipeline\\Pipeline->{closure:{closure:Illuminate\\Pipeline\\Pipeline::carry():184}:185}()
#48 /home/pranjal/Pranjal/vscode/Files/core/vendor/laravel/framework/src/Illuminate/Pipeline/Pipeline.php(209): Laramin\\Utility\\Utility->handle()
#49 /home/pranjal/Pranjal/vscode/Files/core/vendor/laravel/framework/src/Illuminate/Pipeline/Pipeline.php(127): Illuminate\\Pipeline\\Pipeline->{closure:{closure:Illuminate\\Pipeline\\Pipeline::carry():184}:185}()
#50 /home/pranjal/Pranjal/vscode/Files/core/vendor/laravel/framework/src/Illuminate/Routing/Router.php(807): Illuminate\\Pipeline\\Pipeline->then()
#51 /home/pranjal/Pranjal/vscode/Files/core/vendor/laravel/framework/src/Illuminate/Routing/Router.php(786): Illuminate\\Routing\\Router->runRouteWithinStack()
#52 /home/pranjal/Pranjal/vscode/Files/core/vendor/laravel/framework/src/Illuminate/Routing/Router.php(750): Illuminate\\Routing\\Router->runRoute()
#53 /home/pranjal/Pranjal/vscode/Files/core/vendor/laravel/framework/src/Illuminate/Routing/Router.php(739): Illuminate\\Routing\\Router->dispatchToRoute()
#54 /home/pranjal/Pranjal/vscode/Files/core/vendor/laravel/framework/src/Illuminate/Foundation/Http/Kernel.php(201): Illuminate\\Routing\\Router->dispatch()
#55 /home/pranjal/Pranjal/vscode/Files/core/vendor/laravel/framework/src/Illuminate/Pipeline/Pipeline.php(170): Illuminate\\Foundation\\Http\\Kernel->{closure:Illuminate\\Foundation\\Http\\Kernel::dispatchToRouter():198}()
#56 /home/pranjal/Pranjal/vscode/Files/core/vendor/laravel/framework/src/Illuminate/Foundation/Http/Middleware/TransformsRequest.php(21): Illuminate\\Pipeline\\Pipeline->{closure:Illuminate\\Pipeline\\Pipeline::prepareDestination():168}()
#57 /home/pranjal/Pranjal/vscode/Files/core/vendor/laravel/framework/src/Illuminate/Foundation/Http/Middleware/ConvertEmptyStringsToNull.php(31): Illuminate\\Foundation\\Http\\Middleware\\TransformsRequest->handle()
#58 /home/pranjal/Pranjal/vscode/Files/core/vendor/laravel/framework/src/Illuminate/Pipeline/Pipeline.php(209): Illuminate\\Foundation\\Http\\Middleware\\ConvertEmptyStringsToNull->handle()
#59 /home/pranjal/Pranjal/vscode/Files/core/vendor/laravel/framework/src/Illuminate/Foundation/Http/Middleware/TransformsRequest.php(21): Illuminate\\Pipeline\\Pipeline->{closure:{closure:Illuminate\\Pipeline\\Pipeline::carry():184}:185}()
#60 /home/pranjal/Pranjal/vscode/Files/core/vendor/laravel/framework/src/Illuminate/Foundation/Http/Middleware/TrimStrings.php(51): Illuminate\\Foundation\\Http\\Middleware\\TransformsRequest->handle()
#61 /home/pranjal/Pranjal/vscode/Files/core/vendor/laravel/framework/src/Illuminate/Pipeline/Pipeline.php(209): Illuminate\\Foundation\\Http\\Middleware\\TrimStrings->handle()
#62 /home/pranjal/Pranjal/vscode/Files/core/vendor/laravel/framework/src/Illuminate/Http/Middleware/ValidatePostSize.php(27): Illuminate\\Pipeline\\Pipeline->{closure:{closure:Illuminate\\Pipeline\\Pipeline::carry():184}:185}()
#63 /home/pranjal/Pranjal/vscode/Files/core/vendor/laravel/framework/src/Illuminate/Pipeline/Pipeline.php(209): Illuminate\\Http\\Middleware\\ValidatePostSize->handle()
#64 /home/pranjal/Pranjal/vscode/Files/core/vendor/laravel/framework/src/Illuminate/Foundation/Http/Middleware/PreventRequestsDuringMaintenance.php(110): Illuminate\\Pipeline\\Pipeline->{closure:{closure:Illuminate\\Pipeline\\Pipeline::carry():184}:185}()
#65 /home/pranjal/Pranjal/vscode/Files/core/vendor/laravel/framework/src/Illuminate/Pipeline/Pipeline.php(209): Illuminate\\Foundation\\Http\\Middleware\\PreventRequestsDuringMaintenance->handle()
#66 /home/pranjal/Pranjal/vscode/Files/core/vendor/laravel/framework/src/Illuminate/Http/Middleware/HandleCors.php(49): Illuminate\\Pipeline\\Pipeline->{closure:{closure:Illuminate\\Pipeline\\Pipeline::carry():184}:185}()
#67 /home/pranjal/Pranjal/vscode/Files/core/vendor/laravel/framework/src/Illuminate/Pipeline/Pipeline.php(209): Illuminate\\Http\\Middleware\\HandleCors->handle()
#68 /home/pranjal/Pranjal/vscode/Files/core/vendor/laravel/framework/src/Illuminate/Http/Middleware/TrustProxies.php(58): Illuminate\\Pipeline\\Pipeline->{closure:{closure:Illuminate\\Pipeline\\Pipeline::carry():184}:185}()
#69 /home/pranjal/Pranjal/vscode/Files/core/vendor/laravel/framework/src/Illuminate/Pipeline/Pipeline.php(209): Illuminate\\Http\\Middleware\\TrustProxies->handle()
#70 /home/pranjal/Pranjal/vscode/Files/core/vendor/laravel/framework/src/Illuminate/Foundation/Http/Middleware/InvokeDeferredCallbacks.php(22): Illuminate\\Pipeline\\Pipeline->{closure:{closure:Illuminate\\Pipeline\\Pipeline::carry():184}:185}()
#71 /home/pranjal/Pranjal/vscode/Files/core/vendor/laravel/framework/src/Illuminate/Pipeline/Pipeline.php(209): Illuminate\\Foundation\\Http\\Middleware\\InvokeDeferredCallbacks->handle()
#72 /home/pranjal/Pranjal/vscode/Files/core/vendor/laramin/utility/src/Utility.php(15): Illuminate\\Pipeline\\Pipeline->{closure:{closure:Illuminate\\Pipeline\\Pipeline::carry():184}:185}()
#73 /home/pranjal/Pranjal/vscode/Files/core/vendor/laravel/framework/src/Illuminate/Pipeline/Pipeline.php(209): Laramin\\Utility\\Utility->handle()
#74 /home/pranjal/Pranjal/vscode/Files/core/vendor/laravel/framework/src/Illuminate/Pipeline/Pipeline.php(127): Illuminate\\Pipeline\\Pipeline->{closure:{closure:Illuminate\\Pipeline\\Pipeline::carry():184}:185}()
#75 /home/pranjal/Pranjal/vscode/Files/core/vendor/laravel/framework/src/Illuminate/Foundation/Http/Kernel.php(176): Illuminate\\Pipeline\\Pipeline->then()
#76 /home/pranjal/Pranjal/vscode/Files/core/vendor/laravel/framework/src/Illuminate/Foundation/Http/Kernel.php(145): Illuminate\\Foundation\\Http\\Kernel->sendRequestThroughRouter()
#77 /home/pranjal/Pranjal/vscode/Files/core/vendor/laravel/framework/src/Illuminate/Foundation/Application.php(1220): Illuminate\\Foundation\\Http\\Kernel->handle()
#78 /home/pranjal/Pranjal/vscode/Files/index.php(17): Illuminate\\Foundation\\Application->handleRequest()
#79 {main}
"} 
[2026-07-26 16:35:39] production.ERROR: Undefined array key "version" (View: /home/pranjal/Pranjal/vscode/Files/core/resources/views/admin/layouts/app.blade.php) (View: /home/pranjal/Pranjal/vscode/Files/core/resources/views/admin/layouts/app.blade.php) {"exception":"[object] (Illuminate\\View\\ViewException(code: 0): Undefined array key \"version\" (View: /home/pranjal/Pranjal/vscode/Files/core/resources/views/admin/layouts/app.blade.php) (View: /home/pranjal/Pranjal/vscode/Files/core/resources/views/admin/layouts/app.blade.php) at /home/pranjal/Pranjal/vscode/Files/core/app/Providers/AppServiceProvider.php:60)
[stacktrace]
#0 /home/pranjal/Pranjal/vscode/Files/core/vendor/laravel/framework/src/Illuminate/View/Engines/PhpEngine.php(60): Illuminate\\View\\Engines\\CompilerEngine->handleViewException()
#1 /home/pranjal/Pranjal/vscode/Files/core/vendor/laravel/framework/src/Illuminate/View/Engines/CompilerEngine.php(75): Illuminate\\View\\Engines\\PhpEngine->evaluatePath()
#2 /home/pranjal/Pranjal/vscode/Files/core/vendor/laravel/framework/src/Illuminate/View/View.php(209): Illuminate\\View\\Engines\\CompilerEngine->get()
#3 /home/pranjal/Pranjal/vscode/Files/core/vendor/laravel/framework/src/Illuminate/View/View.php(192): Illuminate\\View\\View->getContents()
#4 /home/pranjal/Pranjal/vscode/Files/core/vendor/laravel/framework/src/Illuminate/View/View.php(161): Illuminate\\View\\View->renderContents()
#5 /home/pranjal/Pranjal/vscode/Files/core/vendor/laravel/framework/src/Illuminate/Http/Response.php(79): Illuminate\\View\\View->render()
#6 /home/pranjal/Pranjal/vscode/Files/core/vendor/laravel/framework/src/Illuminate/Http/Response.php(35): Illuminate\\Http\\Response->setContent()
#7 /home/pranjal/Pranjal/vscode/Files/core/vendor/laravel/framework/src/Illuminate/Routing/Router.php(920): Illuminate\\Http\\Response->__construct()
#8 /home/pranjal/Pranjal/vscode/Files/core/vendor/laravel/framework/src/Illuminate/Routing/Router.php(887): Illuminate\\Routing\\Router::toResponse()
#9 /home/pranjal/Pranjal/vscode/Files/core/vendor/laravel/framework/src/Illuminate/Routing/Router.php(807): Illuminate\\Routing\\Router->prepareResponse()
#10 /home/pranjal/Pranjal/vscode/Files/core/vendor/laravel/framework/src/Illuminate/Pipeline/Pipeline.php(170): Illuminate\\Routing\\Router->{closure:Illuminate\\Routing\\Router::runRouteWithinStack():807}()
#11 /home/pranjal/Pranjal/vscode/Files/core/app/Http/Middleware/RedirectIfNotAdmin.php(22): Illuminate\\Pipeline\\Pipeline->{closure:Illuminate\\Pipeline\\Pipeline::prepareDestination():168}()
#12 /home/pranjal/Pranjal/vscode/Files/core/vendor/laravel/framework/src/Illuminate/Pipeline/Pipeline.php(209): App\\Http\\Middleware\\RedirectIfNotAdmin->handle()
#13 /home/pranjal/Pranjal/vscode/Files/core/app/Http/Middleware/ActiveTemplateMiddleware.php(31): Illuminate\\Pipeline\\Pipeline->{closure:{closure:Illuminate\\Pipeline\\Pipeline::carry():184}:185}()
#14 /home/pranjal/Pranjal/vscode/Files/core/vendor/laravel/framework/src/Illuminate/Pipeline/Pipeline.php(209): App\\Http\\Middleware\\ActiveTemplateMiddleware->handle()
#15 /home/pranjal/Pranjal/vscode/Files/core/app/Http/Middleware/LanguageMiddleware.php(22): Illuminate\\Pipeline\\Pipeline->{closure:{closure:Illuminate\\Pipeline\\Pipeline::carry():184}:185}()
#16 /home/pranjal/Pranjal/vscode/Files/core/vendor/laravel/framework/src/Illuminate/Pipeline/Pipeline.php(209): App\\Http\\Middleware\\LanguageMiddleware->handle()
#17 /home/pranjal/Pranjal/vscode/Files/core/vendor/laravel/framework/src/Illuminate/Routing/Middleware/SubstituteBindings.php(51): Illuminate\\Pipeline\\Pipeline->{closure:{closure:Illuminate\\Pipeline\\Pipeline::carry():184}:185}()
#18 /home/pranjal/Pranjal/vscode/Files/core/vendor/laravel/framework/src/Illuminate/Pipeline/Pipeline.php(209): Illuminate\\Routing\\Middleware\\SubstituteBindings->handle()
#19 /home/pranjal/Pranjal/vscode/Files/core/vendor/laravel/framework/src/Illuminate/Foundation/Http/Middleware/VerifyCsrfToken.php(88): Illuminate\\Pipeline\\Pipeline->{closure:{closure:Illuminate\\Pipeline\\Pipeline::carry():184}:185}()
#20 /home/pranjal/Pranjal/vscode/Files/core/vendor/laravel/framework/src/Illuminate/Pipeline/Pipeline.php(209): Illuminate\\Foundation\\Http\\Middleware\\VerifyCsrfToken->handle()
#21 /home/pranjal/Pranjal/vscode/Files/core/vendor/laravel/framework/src/Illuminate/View/Middleware/ShareErrorsFromSession.php(49): Illuminate\\Pipeline\\Pipeline->{closure:{closure:Illuminate\\Pipeline\\Pipeline::carry():184}:185}()
#22 /home/pranjal/Pranjal/vscode/Files/core/vendor/laravel/framework/src/Illuminate/Pipeline/Pipeline.php(209): Illuminate\\View\\Middleware\\ShareErrorsFromSession->handle()
#23 /home/pranjal/Pranjal/vscode/Files/core/vendor/laravel/framework/src/Illuminate/Session/Middleware/StartSession.php(121): Illuminate\\Pipeline\\Pipeline->{closure:{closure:Illuminate\\Pipeline\\Pipeline::carry():184}:185}()
#24 /home/pranjal/Pranjal/vscode/Files/core/vendor/laravel/framework/src/Illuminate/Session/Middleware/StartSession.php(64): Illuminate\\Session\\Middleware\\StartSession->handleStatefulRequest()
#25 /home/pranjal/Pranjal/vscode/Files/core/vendor/laravel/framework/src/Illuminate/Pipeline/Pipeline.php(209): Illuminate\\Session\\Middleware\\StartSession->handle()
#26 /home/pranjal/Pranjal/vscode/Files/core/vendor/laravel/framework/src/Illuminate/Cookie/Middleware/AddQueuedCookiesToResponse.php(37): Illuminate\\Pipeline\\Pipeline->{closure:{closure:Illuminate\\Pipeline\\Pipeline::carry():184}:185}()
#27 /home/pranjal/Pranjal/vscode/Files/core/vendor/laravel/framework/src/Illuminate/Pipeline/Pipeline.php(209): Illuminate\\Cookie\\Middleware\\AddQueuedCookiesToResponse->handle()
#28 /home/pranjal/Pranjal/vscode/Files/core/vendor/laramin/utility/src/Utility.php(15): Illuminate\\Pipeline\\Pipeline->{closure:{closure:Illuminate\\Pipeline\\Pipeline::carry():184}:185}()
#29 /home/pranjal/Pranjal/vscode/Files/core/vendor/laravel/framework/src/Illuminate/Pipeline/Pipeline.php(209): Laramin\\Utility\\Utility->handle()
#30 /home/pranjal/Pranjal/vscode/Files/core/vendor/laravel/framework/src/Illuminate/Pipeline/Pipeline.php(127): Illuminate\\Pipeline\\Pipeline->{closure:{closure:Illuminate\\Pipeline\\Pipeline::carry():184}:185}()
#31 /home/pranjal/Pranjal/vscode/Files/core/vendor/laravel/framework/src/Illuminate/Routing/Router.php(807): Illuminate\\Pipeline\\Pipeline->then()
#32 /home/pranjal/Pranjal/vscode/Files/core/vendor/laravel/framework/src/Illuminate/Routing/Router.php(786): Illuminate\\Routing\\Router->runRouteWithinStack()
#33 /home/pranjal/Pranjal/vscode/Files/core/vendor/laravel/framework/src/Illuminate/Routing/Router.php(750): Illuminate\\Routing\\Router->runRoute()
#34 /home/pranjal/Pranjal/vscode/Files/core/vendor/laravel/framework/src/Illuminate/Routing/Router.php(739): Illuminate\\Routing\\Router->dispatchToRoute()
#35 /home/pranjal/Pranjal/vscode/Files/core/vendor/laravel/framework/src/Illuminate/Foundation/Http/Kernel.php(201): Illuminate\\Routing\\Router->dispatch()
#36 /home/pranjal/Pranjal/vscode/Files/core/vendor/laravel/framework/src/Illuminate/Pipeline/Pipeline.php(170): Illuminate\\Foundation\\Http\\Kernel->{closure:Illuminate\\Foundation\\Http\\Kernel::dispatchToRouter():198}()
#37 /home/pranjal/Pranjal/vscode/Files/core/vendor/laravel/framework/src/Illuminate/Foundation/Http/Middleware/TransformsRequest.php(21): Illuminate\\Pipeline\\Pipeline->{closure:Illuminate\\Pipeline\\Pipeline::prepareDestination():168}()
#38 /home/pranjal/Pranjal/vscode/Files/core/vendor/laravel/framework/src/Illuminate/Foundation/Http/Middleware/ConvertEmptyStringsToNull.php(31): Illuminate\\Foundation\\Http\\Middleware\\TransformsRequest->handle()
#39 /home/pranjal/Pranjal/vscode/Files/core/vendor/laravel/framework/src/Illuminate/Pipeline/Pipeline.php(209): Illuminate\\Foundation\\Http\\Middleware\\ConvertEmptyStringsToNull->handle()
#40 /home/pranjal/Pranjal/vscode/Files/core/vendor/laravel/framework/src/Illuminate/Foundation/Http/Middleware/TransformsRequest.php(21): Illuminate\\Pipeline\\Pipeline->{closure:{closure:Illuminate\\Pipeline\\Pipeline::carry():184}:185}()
#41 /home/pranjal/Pranjal/vscode/Files/core/vendor/laravel/framework/src/Illuminate/Foundation/Http/Middleware/TrimStrings.php(51): Illuminate\\Foundation\\Http\\Middleware\\TransformsRequest->handle()
#42 /home/pranjal/Pranjal/vscode/Files/core/vendor/laravel/framework/src/Illuminate/Pipeline/Pipeline.php(209): Illuminate\\Foundation\\Http\\Middleware\\TrimStrings->handle()
#43 /home/pranjal/Pranjal/vscode/Files/core/vendor/laravel/framework/src/Illuminate/Http/Middleware/ValidatePostSize.php(27): Illuminate\\Pipeline\\Pipeline->{closure:{closure:Illuminate\\Pipeline\\Pipeline::carry():184}:185}()
#44 /home/pranjal/Pranjal/vscode/Files/core/vendor/laravel/framework/src/Illuminate/Pipeline/Pipeline.php(209): Illuminate\\Http\\Middleware\\ValidatePostSize->handle()
#45 /home/pranjal/Pranjal/vscode/Files/core/vendor/laravel/framework/src/Illuminate/Foundation/Http/Middleware/PreventRequestsDuringMaintenance.php(110): Illuminate\\Pipeline\\Pipeline->{closure:{closure:Illuminate\\Pipeline\\Pipeline::carry():184}:185}()
#46 /home/pranjal/Pranjal/vscode/Files/core/vendor/laravel/framework/src/Illuminate/Pipeline/Pipeline.php(209): Illuminate\\Foundation\\Http\\Middleware\\PreventRequestsDuringMaintenance->handle()
#47 /home/pranjal/Pranjal/vscode/Files/core/vendor/laravel/framework/src/Illuminate/Http/Middleware/HandleCors.php(49): Illuminate\\Pipeline\\Pipeline->{closure:{closure:Illuminate\\Pipeline\\Pipeline::carry():184}:185}()
#48 /home/pranjal/Pranjal/vscode/Files/core/vendor/laravel/framework/src/Illuminate/Pipeline/Pipeline.php(209): Illuminate\\Http\\Middleware\\HandleCors->handle()
#49 /home/pranjal/Pranjal/vscode/Files/core/vendor/laravel/framework/src/Illuminate/Http/Middleware/TrustProxies.php(58): Illuminate\\Pipeline\\Pipeline->{closure:{closure:Illuminate\\Pipeline\\Pipeline::carry():184}:185}()
#50 /home/pranjal/Pranjal/vscode/Files/core/vendor/laravel/framework/src/Illuminate/Pipeline/Pipeline.php(209): Illuminate\\Http\\Middleware\\TrustProxies->handle()
#51 /home/pranjal/Pranjal/vscode/Files/core/vendor/laravel/framework/src/Illuminate/Foundation/Http/Middleware/InvokeDeferredCallbacks.php(22): Illuminate\\Pipeline\\Pipeline->{closure:{closure:Illuminate\\Pipeline\\Pipeline::carry():184}:185}()
#52 /home/pranjal/Pranjal/vscode/Files/core/vendor/laravel/framework/src/Illuminate/Pipeline/Pipeline.php(209): Illuminate\\Foundation\\Http\\Middleware\\InvokeDeferredCallbacks->handle()
#53 /home/pranjal/Pranjal/vscode/Files/core/vendor/laramin/utility/src/Utility.php(15): Illuminate\\Pipeline\\Pipeline->{closure:{closure:Illuminate\\Pipeline\\Pipeline::carry():184}:185}()
#54 /home/pranjal/Pranjal/vscode/Files/core/vendor/laravel/framework/src/Illuminate/Pipeline/Pipeline.php(209): Laramin\\Utility\\Utility->handle()
#55 /home/pranjal/Pranjal/vscode/Files/core/vendor/laravel/framework/src/Illuminate/Pipeline/Pipeline.php(127): Illuminate\\Pipeline\\Pipeline->{closure:{closure:Illuminate\\Pipeline\\Pipeline::carry():184}:185}()
#56 /home/pranjal/Pranjal/vscode/Files/core/vendor/laravel/framework/src/Illuminate/Foundation/Http/Kernel.php(176): Illuminate\\Pipeline\\Pipeline->then()
#57 /home/pranjal/Pranjal/vscode/Files/core/vendor/laravel/framework/src/Illuminate/Foundation/Http/Kernel.php(145): Illuminate\\Foundation\\Http\\Kernel->sendRequestThroughRouter()
#58 /home/pranjal/Pranjal/vscode/Files/core/vendor/laravel/framework/src/Illuminate/Foundation/Application.php(1220): Illuminate\\Foundation\\Http\\Kernel->handle()
#59 /home/pranjal/Pranjal/vscode/Files/index.php(17): Illuminate\\Foundation\\Application->handleRequest()
#60 {main}

[previous exception] [object] (Illuminate\\View\\ViewException(code: 0): Undefined array key \"version\" (View: /home/pranjal/Pranjal/vscode/Files/core/resources/views/admin/layouts/app.blade.php) at /home/pranjal/Pranjal/vscode/Files/core/app/Providers/AppServiceProvider.php:60)
[stacktrace]
#0 /home/pranjal/Pranjal/vscode/Files/core/vendor/laravel/framework/src/Illuminate/View/Engines/PhpEngine.php(60): Illuminate\\View\\Engines\\CompilerEngine->handleViewException()
#1 /home/pranjal/Pranjal/vscode/Files/core/vendor/laravel/framework/src/Illuminate/View/Engines/CompilerEngine.php(75): Illuminate\\View\\Engines\\PhpEngine->evaluatePath()
#2 /home/pranjal/Pranjal/vscode/Files/core/vendor/laravel/framework/src/Illuminate/View/View.php(209): Illuminate\\View\\Engines\\CompilerEngine->get()
#3 /home/pranjal/Pranjal/vscode/Files/core/vendor/laravel/framework/src/Illuminate/View/View.php(192): Illuminate\\View\\View->getContents()
#4 /home/pranjal/Pranjal/vscode/Files/core/vendor/laravel/framework/src/Illuminate/View/View.php(161): Illuminate\\View\\View->renderContents()
#5 /home/pranjal/Pranjal/vscode/Files/core/storage/framework/views/352e4f31816487ef220ed296bddaef8a.php(341): Illuminate\\View\\View->render()
#6 /home/pranjal/Pranjal/vscode/Files/core/vendor/laravel/framework/src/Illuminate/Filesystem/Filesystem.php(123): require('...')
#7 /home/pranjal/Pranjal/vscode/Files/core/vendor/laravel/framework/src/Illuminate/Filesystem/Filesystem.php(124): Illuminate\\Filesystem\\Filesystem::{closure:Illuminate\\Filesystem\\Filesystem::getRequire():120}()
#8 /home/pranjal/Pranjal/vscode/Files/core/vendor/laravel/framework/src/Illuminate/View/Engines/PhpEngine.php(58): Illuminate\\Filesystem\\Filesystem->getRequire()
#9 /home/pranjal/Pranjal/vscode/Files/core/vendor/laravel/framework/src/Illuminate/View/Engines/CompilerEngine.php(75): Illuminate\\View\\Engines\\PhpEngine->evaluatePath()
#10 /home/pranjal/Pranjal/vscode/Files/core/vendor/laravel/framework/src/Illuminate/View/View.php(209): Illuminate\\View\\Engines\\CompilerEngine->get()
#11 /home/pranjal/Pranjal/vscode/Files/core/vendor/laravel/framework/src/Illuminate/View/View.php(192): Illuminate\\View\\View->getContents()
#12 /home/pranjal/Pranjal/vscode/Files/core/vendor/laravel/framework/src/Illuminate/View/View.php(161): Illuminate\\View\\View->renderContents()
#13 /home/pranjal/Pranjal/vscode/Files/core/vendor/laravel/framework/src/Illuminate/Http/Response.php(79): Illuminate\\View\\View->render()
#14 /home/pranjal/Pranjal/vscode/Files/core/vendor/laravel/framework/src/Illuminate/Http/Response.php(35): Illuminate\\Http\\Response->setContent()
#15 /home/pranjal/Pranjal/vscode/Files/core/vendor/laravel/framework/src/Illuminate/Routing/Router.php(920): Illuminate\\Http\\Response->__construct()
#16 /home/pranjal/Pranjal/vscode/Files/core/vendor/laravel/framework/src/Illuminate/Routing/Router.php(887): Illuminate\\Routing\\Router::toResponse()
#17 /home/pranjal/Pranjal/vscode/Files/core/vendor/laravel/framework/src/Illuminate/Routing/Router.php(807): Illuminate\\Routing\\Router->prepareResponse()
#18 /home/pranjal/Pranjal/vscode/Files/core/vendor/laravel/framework/src/Illuminate/Pipeline/Pipeline.php(170): Illuminate\\Routing\\Router->{closure:Illuminate\\Routing\\Router::runRouteWithinStack():807}()
#19 /home/pranjal/Pranjal/vscode/Files/core/app/Http/Middleware/RedirectIfNotAdmin.php(22): Illuminate\\Pipeline\\Pipeline->{closure:Illuminate\\Pipeline\\Pipeline::prepareDestination():168}()
#20 /home/pranjal/Pranjal/vscode/Files/core/vendor/laravel/framework/src/Illuminate/Pipeline/Pipeline.php(209): App\\Http\\Middleware\\RedirectIfNotAdmin->handle()
#21 /home/pranjal/Pranjal/vscode/Files/core/app/Http/Middleware/ActiveTemplateMiddleware.php(31): Illuminate\\Pipeline\\Pipeline->{closure:{closure:Illuminate\\Pipeline\\Pipeline::carry():184}:185}()
#22 /home/pranjal/Pranjal/vscode/Files/core/vendor/laravel/framework/src/Illuminate/Pipeline/Pipeline.php(209): App\\Http\\Middleware\\ActiveTemplateMiddleware->handle()
#23 /home/pranjal/Pranjal/vscode/Files/core/app/Http/Middleware/LanguageMiddleware.php(22): Illuminate\\Pipeline\\Pipeline->{closure:{closure:Illuminate\\Pipeline\\Pipeline::carry():184}:185}()
#24 /home/pranjal/Pranjal/vscode/Files/core/vendor/laravel/framework/src/Illuminate/Pipeline/Pipeline.php(209): App\\Http\\Middleware\\LanguageMiddleware->handle()
#25 /home/pranjal/Pranjal/vscode/Files/core/vendor/laravel/framework/src/Illuminate/Routing/Middleware/SubstituteBindings.php(51): Illuminate\\Pipeline\\Pipeline->{closure:{closure:Illuminate\\Pipeline\\Pipeline::carry():184}:185}()
#26 /home/pranjal/Pranjal/vscode/Files/core/vendor/laravel/framework/src/Illuminate/Pipeline/Pipeline.php(209): Illuminate\\Routing\\Middleware\\SubstituteBindings->handle()
#27 /home/pranjal/Pranjal/vscode/Files/core/vendor/laravel/framework/src/Illuminate/Foundation/Http/Middleware/VerifyCsrfToken.php(88): Illuminate\\Pipeline\\Pipeline->{closure:{closure:Illuminate\\Pipeline\\Pipeline::carry():184}:185}()
#28 /home/pranjal/Pranjal/vscode/Files/core/vendor/laravel/framework/src/Illuminate/Pipeline/Pipeline.php(209): Illuminate\\Foundation\\Http\\Middleware\\VerifyCsrfToken->handle()
#29 /home/pranjal/Pranjal/vscode/Files/core/vendor/laravel/framework/src/Illuminate/View/Middleware/ShareErrorsFromSession.php(49): Illuminate\\Pipeline\\Pipeline->{closure:{closure:Illuminate\\Pipeline\\Pipeline::carry():184}:185}()
#30 /home/pranjal/Pranjal/vscode/Files/core/vendor/laravel/framework/src/Illuminate/Pipeline/Pipeline.php(209): Illuminate\\View\\Middleware\\ShareErrorsFromSession->handle()
#31 /home/pranjal/Pranjal/vscode/Files/core/vendor/laravel/framework/src/Illuminate/Session/Middleware/StartSession.php(121): Illuminate\\Pipeline\\Pipeline->{closure:{closure:Illuminate\\Pipeline\\Pipeline::carry():184}:185}()
#32 /home/pranjal/Pranjal/vscode/Files/core/vendor/laravel/framework/src/Illuminate/Session/Middleware/StartSession.php(64): Illuminate\\Session\\Middleware\\StartSession->handleStatefulRequest()
#33 /home/pranjal/Pranjal/vscode/Files/core/vendor/laravel/framework/src/Illuminate/Pipeline/Pipeline.php(209): Illuminate\\Session\\Middleware\\StartSession->handle()
#34 /home/pranjal/Pranjal/vscode/Files/core/vendor/laravel/framework/src/Illuminate/Cookie/Middleware/AddQueuedCookiesToResponse.php(37): Illuminate\\Pipeline\\Pipeline->{closure:{closure:Illuminate\\Pipeline\\Pipeline::carry():184}:185}()
#35 /home/pranjal/Pranjal/vscode/Files/core/vendor/laravel/framework/src/Illuminate/Pipeline/Pipeline.php(209): Illuminate\\Cookie\\Middleware\\AddQueuedCookiesToResponse->handle()
#36 /home/pranjal/Pranjal/vscode/Files/core/vendor/laramin/utility/src/Utility.php(15): Illuminate\\Pipeline\\Pipeline->{closure:{closure:Illuminate\\Pipeline\\Pipeline::carry():184}:185}()
#37 /home/pranjal/Pranjal/vscode/Files/core/vendor/laravel/framework/src/Illuminate/Pipeline/Pipeline.php(209): Laramin\\Utility\\Utility->handle()
#38 /home/pranjal/Pranjal/vscode/Files/core/vendor/laravel/framework/src/Illuminate/Pipeline/Pipeline.php(127): Illuminate\\Pipeline\\Pipeline->{closure:{closure:Illuminate\\Pipeline\\Pipeline::carry():184}:185}()
#39 /home/pranjal/Pranjal/vscode/Files/core/vendor/laravel/framework/src/Illuminate/Routing/Router.php(807): Illuminate\\Pipeline\\Pipeline->then()
#40 /home/pranjal/Pranjal/vscode/Files/core/vendor/laravel/framework/src/Illuminate/Routing/Router.php(786): Illuminate\\Routing\\Router->runRouteWithinStack()
#41 /home/pranjal/Pranjal/vscode/Files/core/vendor/laravel/framework/src/Illuminate/Routing/Router.php(750): Illuminate\\Routing\\Router->runRoute()
#42 /home/pranjal/Pranjal/vscode/Files/core/vendor/laravel/framework/src/Illuminate/Routing/Router.php(739): Illuminate\\Routing\\Router->dispatchToRoute()
#43 /home/pranjal/Pranjal/vscode/Files/core/vendor/laravel/framework/src/Illuminate/Foundation/Http/Kernel.php(201): Illuminate\\Routing\\Router->dispatch()
#44 /home/pranjal/Pranjal/vscode/Files/core/vendor/laravel/framework/src/Illuminate/Pipeline/Pipeline.php(170): Illuminate\\Foundation\\Http\\Kernel->{closure:Illuminate\\Foundation\\Http\\Kernel::dispatchToRouter():198}()
#45 /home/pranjal/Pranjal/vscode/Files/core/vendor/laravel/framework/src/Illuminate/Foundation/Http/Middleware/TransformsRequest.php(21): Illuminate\\Pipeline\\Pipeline->{closure:Illuminate\\Pipeline\\Pipeline::prepareDestination():168}()
#46 /home/pranjal/Pranjal/vscode/Files/core/vendor/laravel/framework/src/Illuminate/Foundation/Http/Middleware/ConvertEmptyStringsToNull.php(31): Illuminate\\Foundation\\Http\\Middleware\\TransformsRequest->handle()
#47 /home/pranjal/Pranjal/vscode/Files/core/vendor/laravel/framework/src/Illuminate/Pipeline/Pipeline.php(209): Illuminate\\Foundation\\Http\\Middleware\\ConvertEmptyStringsToNull->handle()
#48 /home/pranjal/Pranjal/vscode/Files/core/vendor/laravel/framework/src/Illuminate/Foundation/Http/Middleware/TransformsRequest.php(21): Illuminate\\Pipeline\\Pipeline->{closure:{closure:Illuminate\\Pipeline\\Pipeline::carry():184}:185}()
#49 /home/pranjal/Pranjal/vscode/Files/core/vendor/laravel/framework/src/Illuminate/Foundation/Http/Middleware/TrimStrings.php(51): Illuminate\\Foundation\\Http\\Middleware\\TransformsRequest->handle()
#50 /home/pranjal/Pranjal/vscode/Files/core/vendor/laravel/framework/src/Illuminate/Pipeline/Pipeline.php(209): Illuminate\\Foundation\\Http\\Middleware\\TrimStrings->handle()
#51 /home/pranjal/Pranjal/vscode/Files/core/vendor/laravel/framework/src/Illuminate/Http/Middleware/ValidatePostSize.php(27): Illuminate\\Pipeline\\Pipeline->{closure:{closure:Illuminate\\Pipeline\\Pipeline::carry():184}:185}()
#52 /home/pranjal/Pranjal/vscode/Files/core/vendor/laravel/framework/src/Illuminate/Pipeline/Pipeline.php(209): Illuminate\\Http\\Middleware\\ValidatePostSize->handle()
#53 /home/pranjal/Pranjal/vscode/Files/core/vendor/laravel/framework/src/Illuminate/Foundation/Http/Middleware/PreventRequestsDuringMaintenance.php(110): Illuminate\\Pipeline\\Pipeline->{closure:{closure:Illuminate\\Pipeline\\Pipeline::carry():184}:185}()
#54 /home/pranjal/Pranjal/vscode/Files/core/vendor/laravel/framework/src/Illuminate/Pipeline/Pipeline.php(209): Illuminate\\Foundation\\Http\\Middleware\\PreventRequestsDuringMaintenance->handle()
#55 /home/pranjal/Pranjal/vscode/Files/core/vendor/laravel/framework/src/Illuminate/Http/Middleware/HandleCors.php(49): Illuminate\\Pipeline\\Pipeline->{closure:{closure:Illuminate\\Pipeline\\Pipeline::carry():184}:185}()
#56 /home/pranjal/Pranjal/vscode/Files/core/vendor/laravel/framework/src/Illuminate/Pipeline/Pipeline.php(209): Illuminate\\Http\\Middleware\\HandleCors->handle()
#57 /home/pranjal/Pranjal/vscode/Files/core/vendor/laravel/framework/src/Illuminate/Http/Middleware/TrustProxies.php(58): Illuminate\\Pipeline\\Pipeline->{closure:{closure:Illuminate\\Pipeline\\Pipeline::carry():184}:185}()
#58 /home/pranjal/Pranjal/vscode/Files/core/vendor/laravel/framework/src/Illuminate/Pipeline/Pipeline.php(209): Illuminate\\Http\\Middleware\\TrustProxies->handle()
#59 /home/pranjal/Pranjal/vscode/Files/core/vendor/laravel/framework/src/Illuminate/Foundation/Http/Middleware/InvokeDeferredCallbacks.php(22): Illuminate\\Pipeline\\Pipeline->{closure:{closure:Illuminate\\Pipeline\\Pipeline::carry():184}:185}()
#60 /home/pranjal/Pranjal/vscode/Files/core/vendor/laravel/framework/src/Illuminate/Pipeline/Pipeline.php(209): Illuminate\\Foundation\\Http\\Middleware\\InvokeDeferredCallbacks->handle()
#61 /home/pranjal/Pranjal/vscode/Files/core/vendor/laramin/utility/src/Utility.php(15): Illuminate\\Pipeline\\Pipeline->{closure:{closure:Illuminate\\Pipeline\\Pipeline::carry():184}:185}()
#62 /home/pranjal/Pranjal/vscode/Files/core/vendor/laravel/framework/src/Illuminate/Pipeline/Pipeline.php(209): Laramin\\Utility\\Utility->handle()
#63 /home/pranjal/Pranjal/vscode/Files/core/vendor/laravel/framework/src/Illuminate/Pipeline/Pipeline.php(127): Illuminate\\Pipeline\\Pipeline->{closure:{closure:Illuminate\\Pipeline\\Pipeline::carry():184}:185}()
#64 /home/pranjal/Pranjal/vscode/Files/core/vendor/laravel/framework/src/Illuminate/Foundation/Http/Kernel.php(176): Illuminate\\Pipeline\\Pipeline->then()
#65 /home/pranjal/Pranjal/vscode/Files/core/vendor/laravel/framework/src/Illuminate/Foundation/Http/Kernel.php(145): Illuminate\\Foundation\\Http\\Kernel->sendRequestThroughRouter()
#66 /home/pranjal/Pranjal/vscode/Files/core/vendor/laravel/framework/src/Illuminate/Foundation/Application.php(1220): Illuminate\\Foundation\\Http\\Kernel->handle()
#67 /home/pranjal/Pranjal/vscode/Files/index.php(17): Illuminate\\Foundation\\Application->handleRequest()
#68 {main}

[previous exception] [object] (ErrorException(code: 0): Undefined array key \"version\" at /home/pranjal/Pranjal/vscode/Files/core/app/Providers/AppServiceProvider.php:60)
[stacktrace]
#0 /home/pranjal/Pranjal/vscode/Files/core/vendor/laravel/framework/src/Illuminate/Foundation/Bootstrap/HandleExceptions.php(258): Illuminate\\Foundation\\Bootstrap\\HandleExceptions->handleError()
#1 /home/pranjal/Pranjal/vscode/Files/core/app/Providers/AppServiceProvider.php(60): Illuminate\\Foundation\\Bootstrap\\HandleExceptions->{closure:Illuminate\\Foundation\\Bootstrap\\HandleExceptions::forwardsTo():257}()
#2 /home/pranjal/Pranjal/vscode/Files/core/vendor/laravel/framework/src/Illuminate/Events/Dispatcher.php(459): App\\Providers\\AppServiceProvider->{closure:App\\Providers\\AppServiceProvider::boot():51}()
#3 /home/pranjal/Pranjal/vscode/Files/core/vendor/laravel/framework/src/Illuminate/Events/Dispatcher.php(287): Illuminate\\Events\\Dispatcher->{closure:Illuminate\\Events\\Dispatcher::makeListener():454}()
#4 /home/pranjal/Pranjal/vscode/Files/core/vendor/laravel/framework/src/Illuminate/Events/Dispatcher.php(267): Illuminate\\Events\\Dispatcher->invokeListeners()
#5 /home/pranjal/Pranjal/vscode/Files/core/vendor/laravel/framework/src/Illuminate/View/Concerns/ManagesEvents.php(178): Illuminate\\Events\\Dispatcher->dispatch()
#6 /home/pranjal/Pranjal/vscode/Files/core/vendor/laravel/framework/src/Illuminate/View/View.php(190): Illuminate\\View\\Factory->callComposer()
#7 /home/pranjal/Pranjal/vscode/Files/core/vendor/laravel/framework/src/Illuminate/View/View.php(161): Illuminate\\View\\View->renderContents()
#8 /home/pranjal/Pranjal/vscode/Files/core/storage/framework/views/bd994467445c0c077eb81ef6ab510c57.php(7): Illuminate\\View\\View->render()
#9 /home/pranjal/Pranjal/vscode/Files/core/vendor/laravel/framework/src/Illuminate/Filesystem/Filesystem.php(123): require('...')
#10 /home/pranjal/Pranjal/vscode/Files/core/vendor/laravel/framework/src/Illuminate/Filesystem/Filesystem.php(124): Illuminate\\Filesystem\\Filesystem::{closure:Illuminate\\Filesystem\\Filesystem::getRequire():120}()
#11 /home/pranjal/Pranjal/vscode/Files/core/vendor/laravel/framework/src/Illuminate/View/Engines/PhpEngine.php(58): Illuminate\\Filesystem\\Filesystem->getRequire()
#12 /home/pranjal/Pranjal/vscode/Files/core/vendor/laravel/framework/src/Illuminate/View/Engines/CompilerEngine.php(75): Illuminate\\View\\Engines\\PhpEngine->evaluatePath()
#13 /home/pranjal/Pranjal/vscode/Files/core/vendor/laravel/framework/src/Illuminate/View/View.php(209): Illuminate\\View\\Engines\\CompilerEngine->get()
#14 /home/pranjal/Pranjal/vscode/Files/core/vendor/laravel/framework/src/Illuminate/View/View.php(192): Illuminate\\View\\View->getContents()
#15 /home/pranjal/Pranjal/vscode/Files/core/vendor/laravel/framework/src/Illuminate/View/View.php(161): Illuminate\\View\\View->renderContents()
#16 /home/pranjal/Pranjal/vscode/Files/core/storage/framework/views/352e4f31816487ef220ed296bddaef8a.php(341): Illuminate\\View\\View->render()
#17 /home/pranjal/Pranjal/vscode/Files/core/vendor/laravel/framework/src/Illuminate/Filesystem/Filesystem.php(123): require('...')
#18 /home/pranjal/Pranjal/vscode/Files/core/vendor/laravel/framework/src/Illuminate/Filesystem/Filesystem.php(124): Illuminate\\Filesystem\\Filesystem::{closure:Illuminate\\Filesystem\\Filesystem::getRequire():120}()
#19 /home/pranjal/Pranjal/vscode/Files/core/vendor/laravel/framework/src/Illuminate/View/Engines/PhpEngine.php(58): Illuminate\\Filesystem\\Filesystem->getRequire()
#20 /home/pranjal/Pranjal/vscode/Files/core/vendor/laravel/framework/src/Illuminate/View/Engines/CompilerEngine.php(75): Illuminate\\View\\Engines\\PhpEngine->evaluatePath()
#21 /home/pranjal/Pranjal/vscode/Files/core/vendor/laravel/framework/src/Illuminate/View/View.php(209): Illuminate\\View\\Engines\\CompilerEngine->get()
#22 /home/pranjal/Pranjal/vscode/Files/core/vendor/laravel/framework/src/Illuminate/View/View.php(192): Illuminate\\View\\View->getContents()
#23 /home/pranjal/Pranjal/vscode/Files/core/vendor/laravel/framework/src/Illuminate/View/View.php(161): Illuminate\\View\\View->renderContents()
#24 /home/pranjal/Pranjal/vscode/Files/core/vendor/laravel/framework/src/Illuminate/Http/Response.php(79): Illuminate\\View\\View->render()
#25 /home/pranjal/Pranjal/vscode/Files/core/vendor/laravel/framework/src/Illuminate/Http/Response.php(35): Illuminate\\Http\\Response->setContent()
#26 /home/pranjal/Pranjal/vscode/Files/core/vendor/laravel/framework/src/Illuminate/Routing/Router.php(920): Illuminate\\Http\\Response->__construct()
#27 /home/pranjal/Pranjal/vscode/Files/core/vendor/laravel/framework/src/Illuminate/Routing/Router.php(887): Illuminate\\Routing\\Router::toResponse()
#28 /home/pranjal/Pranjal/vscode/Files/core/vendor/laravel/framework/src/Illuminate/Routing/Router.php(807): Illuminate\\Routing\\Router->prepareResponse()
#29 /home/pranjal/Pranjal/vscode/Files/core/vendor/laravel/framework/src/Illuminate/Pipeline/Pipeline.php(170): Illuminate\\Routing\\Router->{closure:Illuminate\\Routing\\Router::runRouteWithinStack():807}()
#30 /home/pranjal/Pranjal/vscode/Files/core/app/Http/Middleware/RedirectIfNotAdmin.php(22): Illuminate\\Pipeline\\Pipeline->{closure:Illuminate\\Pipeline\\Pipeline::prepareDestination():168}()
#31 /home/pranjal/Pranjal/vscode/Files/core/vendor/laravel/framework/src/Illuminate/Pipeline/Pipeline.php(209): App\\Http\\Middleware\\RedirectIfNotAdmin->handle()
#32 /home/pranjal/Pranjal/vscode/Files/core/app/Http/Middleware/ActiveTemplateMiddleware.php(31): Illuminate\\Pipeline\\Pipeline->{closure:{closure:Illuminate\\Pipeline\\Pipeline::carry():184}:185}()
#33 /home/pranjal/Pranjal/vscode/Files/core/vendor/laravel/framework/src/Illuminate/Pipeline/Pipeline.php(209): App\\Http\\Middleware\\ActiveTemplateMiddleware->handle()
#34 /home/pranjal/Pranjal/vscode/Files/core/app/Http/Middleware/LanguageMiddleware.php(22): Illuminate\\Pipeline\\Pipeline->{closure:{closure:Illuminate\\Pipeline\\Pipeline::carry():184}:185}()
#35 /home/pranjal/Pranjal/vscode/Files/core/vendor/laravel/framework/src/Illuminate/Pipeline/Pipeline.php(209): App\\Http\\Middleware\\LanguageMiddleware->handle()
#36 /home/pranjal/Pranjal/vscode/Files/core/vendor/laravel/framework/src/Illuminate/Routing/Middleware/SubstituteBindings.php(51): Illuminate\\Pipeline\\Pipeline->{closure:{closure:Illuminate\\Pipeline\\Pipeline::carry():184}:185}()
#37 /home/pranjal/Pranjal/vscode/Files/core/vendor/laravel/framework/src/Illuminate/Pipeline/Pipeline.php(209): Illuminate\\Routing\\Middleware\\SubstituteBindings->handle()
#38 /home/pranjal/Pranjal/vscode/Files/core/vendor/laravel/framework/src/Illuminate/Foundation/Http/Middleware/VerifyCsrfToken.php(88): Illuminate\\Pipeline\\Pipeline->{closure:{closure:Illuminate\\Pipeline\\Pipeline::carry():184}:185}()
#39 /home/pranjal/Pranjal/vscode/Files/core/vendor/laravel/framework/src/Illuminate/Pipeline/Pipeline.php(209): Illuminate\\Foundation\\Http\\Middleware\\VerifyCsrfToken->handle()
#40 /home/pranjal/Pranjal/vscode/Files/core/vendor/laravel/framework/src/Illuminate/View/Middleware/ShareErrorsFromSession.php(49): Illuminate\\Pipeline\\Pipeline->{closure:{closure:Illuminate\\Pipeline\\Pipeline::carry():184}:185}()
#41 /home/pranjal/Pranjal/vscode/Files/core/vendor/laravel/framework/src/Illuminate/Pipeline/Pipeline.php(209): Illuminate\\View\\Middleware\\ShareErrorsFromSession->handle()
#42 /home/pranjal/Pranjal/vscode/Files/core/vendor/laravel/framework/src/Illuminate/Session/Middleware/StartSession.php(121): Illuminate\\Pipeline\\Pipeline->{closure:{closure:Illuminate\\Pipeline\\Pipeline::carry():184}:185}()
#43 /home/pranjal/Pranjal/vscode/Files/core/vendor/laravel/framework/src/Illuminate/Session/Middleware/StartSession.php(64): Illuminate\\Session\\Middleware\\StartSession->handleStatefulRequest()
#44 /home/pranjal/Pranjal/vscode/Files/core/vendor/laravel/framework/src/Illuminate/Pipeline/Pipeline.php(209): Illuminate\\Session\\Middleware\\StartSession->handle()
#45 /home/pranjal/Pranjal/vscode/Files/core/vendor/laravel/framework/src/Illuminate/Cookie/Middleware/AddQueuedCookiesToResponse.php(37): Illuminate\\Pipeline\\Pipeline->{closure:{closure:Illuminate\\Pipeline\\Pipeline::carry():184}:185}()
#46 /home/pranjal/Pranjal/vscode/Files/core/vendor/laravel/framework/src/Illuminate/Pipeline/Pipeline.php(209): Illuminate\\Cookie\\Middleware\\AddQueuedCookiesToResponse->handle()
#47 /home/pranjal/Pranjal/vscode/Files/core/vendor/laramin/utility/src/Utility.php(15): Illuminate\\Pipeline\\Pipeline->{closure:{closure:Illuminate\\Pipeline\\Pipeline::carry():184}:185}()
#48 /home/pranjal/Pranjal/vscode/Files/core/vendor/laravel/framework/src/Illuminate/Pipeline/Pipeline.php(209): Laramin\\Utility\\Utility->handle()
#49 /home/pranjal/Pranjal/vscode/Files/core/vendor/laravel/framework/src/Illuminate/Pipeline/Pipeline.php(127): Illuminate\\Pipeline\\Pipeline->{closure:{closure:Illuminate\\Pipeline\\Pipeline::carry():184}:185}()
#50 /home/pranjal/Pranjal/vscode/Files/core/vendor/laravel/framework/src/Illuminate/Routing/Router.php(807): Illuminate\\Pipeline\\Pipeline->then()
#51 /home/pranjal/Pranjal/vscode/Files/core/vendor/laravel/framework/src/Illuminate/Routing/Router.php(786): Illuminate\\Routing\\Router->runRouteWithinStack()
#52 /home/pranjal/Pranjal/vscode/Files/core/vendor/laravel/framework/src/Illuminate/Routing/Router.php(750): Illuminate\\Routing\\Router->runRoute()
#53 /home/pranjal/Pranjal/vscode/Files/core/vendor/laravel/framework/src/Illuminate/Routing/Router.php(739): Illuminate\\Routing\\Router->dispatchToRoute()
#54 /home/pranjal/Pranjal/vscode/Files/core/vendor/laravel/framework/src/Illuminate/Foundation/Http/Kernel.php(201): Illuminate\\Routing\\Router->dispatch()
#55 /home/pranjal/Pranjal/vscode/Files/core/vendor/laravel/framework/src/Illuminate/Pipeline/Pipeline.php(170): Illuminate\\Foundation\\Http\\Kernel->{closure:Illuminate\\Foundation\\Http\\Kernel::dispatchToRouter():198}()
#56 /home/pranjal/Pranjal/vscode/Files/core/vendor/laravel/framework/src/Illuminate/Foundation/Http/Middleware/TransformsRequest.php(21): Illuminate\\Pipeline\\Pipeline->{closure:Illuminate\\Pipeline\\Pipeline::prepareDestination():168}()
#57 /home/pranjal/Pranjal/vscode/Files/core/vendor/laravel/framework/src/Illuminate/Foundation/Http/Middleware/ConvertEmptyStringsToNull.php(31): Illuminate\\Foundation\\Http\\Middleware\\TransformsRequest->handle()
#58 /home/pranjal/Pranjal/vscode/Files/core/vendor/laravel/framework/src/Illuminate/Pipeline/Pipeline.php(209): Illuminate\\Foundation\\Http\\Middleware\\ConvertEmptyStringsToNull->handle()
#59 /home/pranjal/Pranjal/vscode/Files/core/vendor/laravel/framework/src/Illuminate/Foundation/Http/Middleware/TransformsRequest.php(21): Illuminate\\Pipeline\\Pipeline->{closure:{closure:Illuminate\\Pipeline\\Pipeline::carry():184}:185}()
#60 /home/pranjal/Pranjal/vscode/Files/core/vendor/laravel/framework/src/Illuminate/Foundation/Http/Middleware/TrimStrings.php(51): Illuminate\\Foundation\\Http\\Middleware\\TransformsRequest->handle()
#61 /home/pranjal/Pranjal/vscode/Files/core/vendor/laravel/framework/src/Illuminate/Pipeline/Pipeline.php(209): Illuminate\\Foundation\\Http\\Middleware\\TrimStrings->handle()
#62 /home/pranjal/Pranjal/vscode/Files/core/vendor/laravel/framework/src/Illuminate/Http/Middleware/ValidatePostSize.php(27): Illuminate\\Pipeline\\Pipeline->{closure:{closure:Illuminate\\Pipeline\\Pipeline::carry():184}:185}()
#63 /home/pranjal/Pranjal/vscode/Files/core/vendor/laravel/framework/src/Illuminate/Pipeline/Pipeline.php(209): Illuminate\\Http\\Middleware\\ValidatePostSize->handle()
#64 /home/pranjal/Pranjal/vscode/Files/core/vendor/laravel/framework/src/Illuminate/Foundation/Http/Middleware/PreventRequestsDuringMaintenance.php(110): Illuminate\\Pipeline\\Pipeline->{closure:{closure:Illuminate\\Pipeline\\Pipeline::carry():184}:185}()
#65 /home/pranjal/Pranjal/vscode/Files/core/vendor/laravel/framework/src/Illuminate/Pipeline/Pipeline.php(209): Illuminate\\Foundation\\Http\\Middleware\\PreventRequestsDuringMaintenance->handle()
#66 /home/pranjal/Pranjal/vscode/Files/core/vendor/laravel/framework/src/Illuminate/Http/Middleware/HandleCors.php(49): Illuminate\\Pipeline\\Pipeline->{closure:{closure:Illuminate\\Pipeline\\Pipeline::carry():184}:185}()
#67 /home/pranjal/Pranjal/vscode/Files/core/vendor/laravel/framework/src/Illuminate/Pipeline/Pipeline.php(209): Illuminate\\Http\\Middleware\\HandleCors->handle()
#68 /home/pranjal/Pranjal/vscode/Files/core/vendor/laravel/framework/src/Illuminate/Http/Middleware/TrustProxies.php(58): Illuminate\\Pipeline\\Pipeline->{closure:{closure:Illuminate\\Pipeline\\Pipeline::carry():184}:185}()
#69 /home/pranjal/Pranjal/vscode/Files/core/vendor/laravel/framework/src/Illuminate/Pipeline/Pipeline.php(209): Illuminate\\Http\\Middleware\\TrustProxies->handle()
#70 /home/pranjal/Pranjal/vscode/Files/core/vendor/laravel/framework/src/Illuminate/Foundation/Http/Middleware/InvokeDeferredCallbacks.php(22): Illuminate\\Pipeline\\Pipeline->{closure:{closure:Illuminate\\Pipeline\\Pipeline::carry():184}:185}()
#71 /home/pranjal/Pranjal/vscode/Files/core/vendor/laravel/framework/src/Illuminate/Pipeline/Pipeline.php(209): Illuminate\\Foundation\\Http\\Middleware\\InvokeDeferredCallbacks->handle()
#72 /home/pranjal/Pranjal/vscode/Files/core/vendor/laramin/utility/src/Utility.php(15): Illuminate\\Pipeline\\Pipeline->{closure:{closure:Illuminate\\Pipeline\\Pipeline::carry():184}:185}()
#73 /home/pranjal/Pranjal/vscode/Files/core/vendor/laravel/framework/src/Illuminate/Pipeline/Pipeline.php(209): Laramin\\Utility\\Utility->handle()
#74 /home/pranjal/Pranjal/vscode/Files/core/vendor/laravel/framework/src/Illuminate/Pipeline/Pipeline.php(127): Illuminate\\Pipeline\\Pipeline->{closure:{closure:Illuminate\\Pipeline\\Pipeline::carry():184}:185}()
#75 /home/pranjal/Pranjal/vscode/Files/core/vendor/laravel/framework/src/Illuminate/Foundation/Http/Kernel.php(176): Illuminate\\Pipeline\\Pipeline->then()
#76 /home/pranjal/Pranjal/vscode/Files/core/vendor/laravel/framework/src/Illuminate/Foundation/Http/Kernel.php(145): Illuminate\\Foundation\\Http\\Kernel->sendRequestThroughRouter()
#77 /home/pranjal/Pranjal/vscode/Files/core/vendor/laravel/framework/src/Illuminate/Foundation/Application.php(1220): Illuminate\\Foundation\\Http\\Kernel->handle()
#78 /home/pranjal/Pranjal/vscode/Files/index.php(17): Illuminate\\Foundation\\Application->handleRequest()
#79 {main}
"} 
[2026-07-26 16:35:40] production.ERROR: Undefined array key "version" (View: /home/pranjal/Pranjal/vscode/Files/core/resources/views/admin/layouts/app.blade.php) (View: /home/pranjal/Pranjal/vscode/Files/core/resources/views/admin/layouts/app.blade.php) {"exception":"[object] (Illuminate\\View\\ViewException(code: 0): Undefined array key \"version\" (View: /home/pranjal/Pranjal/vscode/Files/core/resources/views/admin/layouts/app.blade.php) (View: /home/pranjal/Pranjal/vscode/Files/core/resources/views/admin/layouts/app.blade.php) at /home/pranjal/Pranjal/vscode/Files/core/app/Providers/AppServiceProvider.php:60)
[stacktrace]
#0 /home/pranjal/Pranjal/vscode/Files/core/vendor/laravel/framework/src/Illuminate/View/Engines/PhpEngine.php(60): Illuminate\\View\\Engines\\CompilerEngine->handleViewException()
#1 /home/pranjal/Pranjal/vscode/Files/core/vendor/laravel/framework/src/Illuminate/View/Engines/CompilerEngine.php(75): Illuminate\\View\\Engines\\PhpEngine->evaluatePath()
#2 /home/pranjal/Pranjal/vscode/Files/core/vendor/laravel/framework/src/Illuminate/View/View.php(209): Illuminate\\View\\Engines\\CompilerEngine->get()
#3 /home/pranjal/Pranjal/vscode/Files/core/vendor/laravel/framework/src/Illuminate/View/View.php(192): Illuminate\\View\\View->getContents()
#4 /home/pranjal/Pranjal/vscode/Files/core/vendor/laravel/framework/src/Illuminate/View/View.php(161): Illuminate\\View\\View->renderContents()
#5 /home/pranjal/Pranjal/vscode/Files/core/vendor/laravel/framework/src/Illuminate/Http/Response.php(79): Illuminate\\View\\View->render()
#6 /home/pranjal/Pranjal/vscode/Files/core/vendor/laravel/framework/src/Illuminate/Http/Response.php(35): Illuminate\\Http\\Response->setContent()
#7 /home/pranjal/Pranjal/vscode/Files/core/vendor/laravel/framework/src/Illuminate/Routing/Router.php(920): Illuminate\\Http\\Response->__construct()
#8 /home/pranjal/Pranjal/vscode/Files/core/vendor/laravel/framework/src/Illuminate/Routing/Router.php(887): Illuminate\\Routing\\Router::toResponse()
#9 /home/pranjal/Pranjal/vscode/Files/core/vendor/laravel/framework/src/Illuminate/Routing/Router.php(807): Illuminate\\Routing\\Router->prepareResponse()
#10 /home/pranjal/Pranjal/vscode/Files/core/vendor/laravel/framework/src/Illuminate/Pipeline/Pipeline.php(170): Illuminate\\Routing\\Router->{closure:Illuminate\\Routing\\Router::runRouteWithinStack():807}()
#11 /home/pranjal/Pranjal/vscode/Files/core/app/Http/Middleware/RedirectIfNotAdmin.php(22): Illuminate\\Pipeline\\Pipeline->{closure:Illuminate\\Pipeline\\Pipeline::prepareDestination():168}()
#12 /home/pranjal/Pranjal/vscode/Files/core/vendor/laravel/framework/src/Illuminate/Pipeline/Pipeline.php(209): App\\Http\\Middleware\\RedirectIfNotAdmin->handle()
#13 /home/pranjal/Pranjal/vscode/Files/core/app/Http/Middleware/ActiveTemplateMiddleware.php(31): Illuminate\\Pipeline\\Pipeline->{closure:{closure:Illuminate\\Pipeline\\Pipeline::carry():184}:185}()
#14 /home/pranjal/Pranjal/vscode/Files/core/vendor/laravel/framework/src/Illuminate/Pipeline/Pipeline.php(209): App\\Http\\Middleware\\ActiveTemplateMiddleware->handle()
#15 /home/pranjal/Pranjal/vscode/Files/core/app/Http/Middleware/LanguageMiddleware.php(22): Illuminate\\Pipeline\\Pipeline->{closure:{closure:Illuminate\\Pipeline\\Pipeline::carry():184}:185}()
#16 /home/pranjal/Pranjal/vscode/Files/core/vendor/laravel/framework/src/Illuminate/Pipeline/Pipeline.php(209): App\\Http\\Middleware\\LanguageMiddleware->handle()
#17 /home/pranjal/Pranjal/vscode/Files/core/vendor/laravel/framework/src/Illuminate/Routing/Middleware/SubstituteBindings.php(51): Illuminate\\Pipeline\\Pipeline->{closure:{closure:Illuminate\\Pipeline\\Pipeline::carry():184}:185}()
#18 /home/pranjal/Pranjal/vscode/Files/core/vendor/laravel/framework/src/Illuminate/Pipeline/Pipeline.php(209): Illuminate\\Routing\\Middleware\\SubstituteBindings->handle()
#19 /home/pranjal/Pranjal/vscode/Files/core/vendor/laravel/framework/src/Illuminate/Foundation/Http/Middleware/VerifyCsrfToken.php(88): Illuminate\\Pipeline\\Pipeline->{closure:{closure:Illuminate\\Pipeline\\Pipeline::carry():184}:185}()
#20 /home/pranjal/Pranjal/vscode/Files/core/vendor/laravel/framework/src/Illuminate/Pipeline/Pipeline.php(209): Illuminate\\Foundation\\Http\\Middleware\\VerifyCsrfToken->handle()
#21 /home/pranjal/Pranjal/vscode/Files/core/vendor/laravel/framework/src/Illuminate/View/Middleware/ShareErrorsFromSession.php(49): Illuminate\\Pipeline\\Pipeline->{closure:{closure:Illuminate\\Pipeline\\Pipeline::carry():184}:185}()
#22 /home/pranjal/Pranjal/vscode/Files/core/vendor/laravel/framework/src/Illuminate/Pipeline/Pipeline.php(209): Illuminate\\View\\Middleware\\ShareErrorsFromSession->handle()
#23 /home/pranjal/Pranjal/vscode/Files/core/vendor/laravel/framework/src/Illuminate/Session/Middleware/StartSession.php(121): Illuminate\\Pipeline\\Pipeline->{closure:{closure:Illuminate\\Pipeline\\Pipeline::carry():184}:185}()
#24 /home/pranjal/Pranjal/vscode/Files/core/vendor/laravel/framework/src/Illuminate/Session/Middleware/StartSession.php(64): Illuminate\\Session\\Middleware\\StartSession->handleStatefulRequest()
#25 /home/pranjal/Pranjal/vscode/Files/core/vendor/laravel/framework/src/Illuminate/Pipeline/Pipeline.php(209): Illuminate\\Session\\Middleware\\StartSession->handle()
#26 /home/pranjal/Pranjal/vscode/Files/core/vendor/laravel/framework/src/Illuminate/Cookie/Middleware/AddQueuedCookiesToResponse.php(37): Illuminate\\Pipeline\\Pipeline->{closure:{closure:Illuminate\\Pipeline\\Pipeline::carry():184}:185}()
#27 /home/pranjal/Pranjal/vscode/Files/core/vendor/laravel/framework/src/Illuminate/Pipeline/Pipeline.php(209): Illuminate\\Cookie\\Middleware\\AddQueuedCookiesToResponse->handle()
#28 /home/pranjal/Pranjal/vscode/Files/core/vendor/laramin/utility/src/Utility.php(15): Illuminate\\Pipeline\\Pipeline->{closure:{closure:Illuminate\\Pipeline\\Pipeline::carry():184}:185}()
#29 /home/pranjal/Pranjal/vscode/Files/core/vendor/laravel/framework/src/Illuminate/Pipeline/Pipeline.php(209): Laramin\\Utility\\Utility->handle()
#30 /home/pranjal/Pranjal/vscode/Files/core/vendor/laravel/framework/src/Illuminate/Pipeline/Pipeline.php(127): Illuminate\\Pipeline\\Pipeline->{closure:{closure:Illuminate\\Pipeline\\Pipeline::carry():184}:185}()
#31 /home/pranjal/Pranjal/vscode/Files/core/vendor/laravel/framework/src/Illuminate/Routing/Router.php(807): Illuminate\\Pipeline\\Pipeline->then()
#32 /home/pranjal/Pranjal/vscode/Files/core/vendor/laravel/framework/src/Illuminate/Routing/Router.php(786): Illuminate\\Routing\\Router->runRouteWithinStack()
#33 /home/pranjal/Pranjal/vscode/Files/core/vendor/laravel/framework/src/Illuminate/Routing/Router.php(750): Illuminate\\Routing\\Router->runRoute()
#34 /home/pranjal/Pranjal/vscode/Files/core/vendor/laravel/framework/src/Illuminate/Routing/Router.php(739): Illuminate\\Routing\\Router->dispatchToRoute()
#35 /home/pranjal/Pranjal/vscode/Files/core/vendor/laravel/framework/src/Illuminate/Foundation/Http/Kernel.php(201): Illuminate\\Routing\\Router->dispatch()
#36 /home/pranjal/Pranjal/vscode/Files/core/vendor/laravel/framework/src/Illuminate/Pipeline/Pipeline.php(170): Illuminate\\Foundation\\Http\\Kernel->{closure:Illuminate\\Foundation\\Http\\Kernel::dispatchToRouter():198}()
#37 /home/pranjal/Pranjal/vscode/Files/core/vendor/laravel/framework/src/Illuminate/Foundation/Http/Middleware/TransformsRequest.php(21): Illuminate\\Pipeline\\Pipeline->{closure:Illuminate\\Pipeline\\Pipeline::prepareDestination():168}()
#38 /home/pranjal/Pranjal/vscode/Files/core/vendor/laravel/framework/src/Illuminate/Foundation/Http/Middleware/ConvertEmptyStringsToNull.php(31): Illuminate\\Foundation\\Http\\Middleware\\TransformsRequest->handle()
#39 /home/pranjal/Pranjal/vscode/Files/core/vendor/laravel/framework/src/Illuminate/Pipeline/Pipeline.php(209): Illuminate\\Foundation\\Http\\Middleware\\ConvertEmptyStringsToNull->handle()
#40 /home/pranjal/Pranjal/vscode/Files/core/vendor/laravel/framework/src/Illuminate/Foundation/Http/Middleware/TransformsRequest.php(21): Illuminate\\Pipeline\\Pipeline->{closure:{closure:Illuminate\\Pipeline\\Pipeline::carry():184}:185}()
#41 /home/pranjal/Pranjal/vscode/Files/core/vendor/laravel/framework/src/Illuminate/Foundation/Http/Middleware/TrimStrings.php(51): Illuminate\\Foundation\\Http\\Middleware\\TransformsRequest->handle()
#42 /home/pranjal/Pranjal/vscode/Files/core/vendor/laravel/framework/src/Illuminate/Pipeline/Pipeline.php(209): Illuminate\\Foundation\\Http\\Middleware\\TrimStrings->handle()
#43 /home/pranjal/Pranjal/vscode/Files/core/vendor/laravel/framework/src/Illuminate/Http/Middleware/ValidatePostSize.php(27): Illuminate\\Pipeline\\Pipeline->{closure:{closure:Illuminate\\Pipeline\\Pipeline::carry():184}:185}()
#44 /home/pranjal/Pranjal/vscode/Files/core/vendor/laravel/framework/src/Illuminate/Pipeline/Pipeline.php(209): Illuminate\\Http\\Middleware\\ValidatePostSize->handle()
#45 /home/pranjal/Pranjal/vscode/Files/core/vendor/laravel/framework/src/Illuminate/Foundation/Http/Middleware/PreventRequestsDuringMaintenance.php(110): Illuminate\\Pipeline\\Pipeline->{closure:{closure:Illuminate\\Pipeline\\Pipeline::carry():184}:185}()
#46 /home/pranjal/Pranjal/vscode/Files/core/vendor/laravel/framework/src/Illuminate/Pipeline/Pipeline.php(209): Illuminate\\Foundation\\Http\\Middleware\\PreventRequestsDuringMaintenance->handle()
#47 /home/pranjal/Pranjal/vscode/Files/core/vendor/laravel/framework/src/Illuminate/Http/Middleware/HandleCors.php(49): Illuminate\\Pipeline\\Pipeline->{closure:{closure:Illuminate\\Pipeline\\Pipeline::carry():184}:185}()
#48 /home/pranjal/Pranjal/vscode/Files/core/vendor/laravel/framework/src/Illuminate/Pipeline/Pipeline.php(209): Illuminate\\Http\\Middleware\\HandleCors->handle()
#49 /home/pranjal/Pranjal/vscode/Files/core/vendor/laravel/framework/src/Illuminate/Http/Middleware/TrustProxies.php(58): Illuminate\\Pipeline\\Pipeline->{closure:{closure:Illuminate\\Pipeline\\Pipeline::carry():184}:185}()
#50 /home/pranjal/Pranjal/vscode/Files/core/vendor/laravel/framework/src/Illuminate/Pipeline/Pipeline.php(209): Illuminate\\Http\\Middleware\\TrustProxies->handle()
#51 /home/pranjal/Pranjal/vscode/Files/core/vendor/laravel/framework/src/Illuminate/Foundation/Http/Middleware/InvokeDeferredCallbacks.php(22): Illuminate\\Pipeline\\Pipeline->{closure:{closure:Illuminate\\Pipeline\\Pipeline::carry():184}:185}()
#52 /home/pranjal/Pranjal/vscode/Files/core/vendor/laravel/framework/src/Illuminate/Pipeline/Pipeline.php(209): Illuminate\\Foundation\\Http\\Middleware\\InvokeDeferredCallbacks->handle()
#53 /home/pranjal/Pranjal/vscode/Files/core/vendor/laramin/utility/src/Utility.php(15): Illuminate\\Pipeline\\Pipeline->{closure:{closure:Illuminate\\Pipeline\\Pipeline::carry():184}:185}()
#54 /home/pranjal/Pranjal/vscode/Files/core/vendor/laravel/framework/src/Illuminate/Pipeline/Pipeline.php(209): Laramin\\Utility\\Utility->handle()
#55 /home/pranjal/Pranjal/vscode/Files/core/vendor/laravel/framework/src/Illuminate/Pipeline/Pipeline.php(127): Illuminate\\Pipeline\\Pipeline->{closure:{closure:Illuminate\\Pipeline\\Pipeline::carry():184}:185}()
#56 /home/pranjal/Pranjal/vscode/Files/core/vendor/laravel/framework/src/Illuminate/Foundation/Http/Kernel.php(176): Illuminate\\Pipeline\\Pipeline->then()
#57 /home/pranjal/Pranjal/vscode/Files/core/vendor/laravel/framework/src/Illuminate/Foundation/Http/Kernel.php(145): Illuminate\\Foundation\\Http\\Kernel->sendRequestThroughRouter()
#58 /home/pranjal/Pranjal/vscode/Files/core/vendor/laravel/framework/src/Illuminate/Foundation/Application.php(1220): Illuminate\\Foundation\\Http\\Kernel->handle()
#59 /home/pranjal/Pranjal/vscode/Files/index.php(17): Illuminate\\Foundation\\Application->handleRequest()
#60 {main}

[previous exception] [object] (Illuminate\\View\\ViewException(code: 0): Undefined array key \"version\" (View: /home/pranjal/Pranjal/vscode/Files/core/resources/views/admin/layouts/app.blade.php) at /home/pranjal/Pranjal/vscode/Files/core/app/Providers/AppServiceProvider.php:60)
[stacktrace]
#0 /home/pranjal/Pranjal/vscode/Files/core/vendor/laravel/framework/src/Illuminate/View/Engines/PhpEngine.php(60): Illuminate\\View\\Engines\\CompilerEngine->handleViewException()
#1 /home/pranjal/Pranjal/vscode/Files/core/vendor/laravel/framework/src/Illuminate/View/Engines/CompilerEngine.php(75): Illuminate\\View\\Engines\\PhpEngine->evaluatePath()
#2 /home/pranjal/Pranjal/vscode/Files/core/vendor/laravel/framework/src/Illuminate/View/View.php(209): Illuminate\\View\\Engines\\CompilerEngine->get()
#3 /home/pranjal/Pranjal/vscode/Files/core/vendor/laravel/framework/src/Illuminate/View/View.php(192): Illuminate\\View\\View->getContents()
#4 /home/pranjal/Pranjal/vscode/Files/core/vendor/laravel/framework/src/Illuminate/View/View.php(161): Illuminate\\View\\View->renderContents()
#5 /home/pranjal/Pranjal/vscode/Files/core/storage/framework/views/352e4f31816487ef220ed296bddaef8a.php(341): Illuminate\\View\\View->render()
#6 /home/pranjal/Pranjal/vscode/Files/core/vendor/laravel/framework/src/Illuminate/Filesystem/Filesystem.php(123): require('...')
#7 /home/pranjal/Pranjal/vscode/Files/core/vendor/laravel/framework/src/Illuminate/Filesystem/Filesystem.php(124): Illuminate\\Filesystem\\Filesystem::{closure:Illuminate\\Filesystem\\Filesystem::getRequire():120}()
#8 /home/pranjal/Pranjal/vscode/Files/core/vendor/laravel/framework/src/Illuminate/View/Engines/PhpEngine.php(58): Illuminate\\Filesystem\\Filesystem->getRequire()
#9 /home/pranjal/Pranjal/vscode/Files/core/vendor/laravel/framework/src/Illuminate/View/Engines/CompilerEngine.php(75): Illuminate\\View\\Engines\\PhpEngine->evaluatePath()
#10 /home/pranjal/Pranjal/vscode/Files/core/vendor/laravel/framework/src/Illuminate/View/View.php(209): Illuminate\\View\\Engines\\CompilerEngine->get()
#11 /home/pranjal/Pranjal/vscode/Files/core/vendor/laravel/framework/src/Illuminate/View/View.php(192): Illuminate\\View\\View->getContents()
#12 /home/pranjal/Pranjal/vscode/Files/core/vendor/laravel/framework/src/Illuminate/View/View.php(161): Illuminate\\View\\View->renderContents()
#13 /home/pranjal/Pranjal/vscode/Files/core/vendor/laravel/framework/src/Illuminate/Http/Response.php(79): Illuminate\\View\\View->render()
#14 /home/pranjal/Pranjal/vscode/Files/core/vendor/laravel/framework/src/Illuminate/Http/Response.php(35): Illuminate\\Http\\Response->setContent()
#15 /home/pranjal/Pranjal/vscode/Files/core/vendor/laravel/framework/src/Illuminate/Routing/Router.php(920): Illuminate\\Http\\Response->__construct()
#16 /home/pranjal/Pranjal/vscode/Files/core/vendor/laravel/framework/src/Illuminate/Routing/Router.php(887): Illuminate\\Routing\\Router::toResponse()
#17 /home/pranjal/Pranjal/vscode/Files/core/vendor/laravel/framework/src/Illuminate/Routing/Router.php(807): Illuminate\\Routing\\Router->prepareResponse()
#18 /home/pranjal/Pranjal/vscode/Files/core/vendor/laravel/framework/src/Illuminate/Pipeline/Pipeline.php(170): Illuminate\\Routing\\Router->{closure:Illuminate\\Routing\\Router::runRouteWithinStack():807}()
#19 /home/pranjal/Pranjal/vscode/Files/core/app/Http/Middleware/RedirectIfNotAdmin.php(22): Illuminate\\Pipeline\\Pipeline->{closure:Illuminate\\Pipeline\\Pipeline::prepareDestination():168}()
#20 /home/pranjal/Pranjal/vscode/Files/core/vendor/laravel/framework/src/Illuminate/Pipeline/Pipeline.php(209): App\\Http\\Middleware\\RedirectIfNotAdmin->handle()
#21 /home/pranjal/Pranjal/vscode/Files/core/app/Http/Middleware/ActiveTemplateMiddleware.php(31): Illuminate\\Pipeline\\Pipeline->{closure:{closure:Illuminate\\Pipeline\\Pipeline::carry():184}:185}()
#22 /home/pranjal/Pranjal/vscode/Files/core/vendor/laravel/framework/src/Illuminate/Pipeline/Pipeline.php(209): App\\Http\\Middleware\\ActiveTemplateMiddleware->handle()
#23 /home/pranjal/Pranjal/vscode/Files/core/app/Http/Middleware/LanguageMiddleware.php(22): Illuminate\\Pipeline\\Pipeline->{closure:{closure:Illuminate\\Pipeline\\Pipeline::carry():184}:185}()
#24 /home/pranjal/Pranjal/vscode/Files/core/vendor/laravel/framework/src/Illuminate/Pipeline/Pipeline.php(209): App\\Http\\Middleware\\LanguageMiddleware->handle()
#25 /home/pranjal/Pranjal/vscode/Files/core/vendor/laravel/framework/src/Illuminate/Routing/Middleware/SubstituteBindings.php(51): Illuminate\\Pipeline\\Pipeline->{closure:{closure:Illuminate\\Pipeline\\Pipeline::carry():184}:185}()
#26 /home/pranjal/Pranjal/vscode/Files/core/vendor/laravel/framework/src/Illuminate/Pipeline/Pipeline.php(209): Illuminate\\Routing\\Middleware\\SubstituteBindings->handle()
#27 /home/pranjal/Pranjal/vscode/Files/core/vendor/laravel/framework/src/Illuminate/Foundation/Http/Middleware/VerifyCsrfToken.php(88): Illuminate\\Pipeline\\Pipeline->{closure:{closure:Illuminate\\Pipeline\\Pipeline::carry():184}:185}()
#28 /home/pranjal/Pranjal/vscode/Files/core/vendor/laravel/framework/src/Illuminate/Pipeline/Pipeline.php(209): Illuminate\\Foundation\\Http\\Middleware\\VerifyCsrfToken->handle()
#29 /home/pranjal/Pranjal/vscode/Files/core/vendor/laravel/framework/src/Illuminate/View/Middleware/ShareErrorsFromSession.php(49): Illuminate\\Pipeline\\Pipeline->{closure:{closure:Illuminate\\Pipeline\\Pipeline::carry():184}:185}()
#30 /home/pranjal/Pranjal/vscode/Files/core/vendor/laravel/framework/src/Illuminate/Pipeline/Pipeline.php(209): Illuminate\\View\\Middleware\\ShareErrorsFromSession->handle()
#31 /home/pranjal/Pranjal/vscode/Files/core/vendor/laravel/framework/src/Illuminate/Session/Middleware/StartSession.php(121): Illuminate\\Pipeline\\Pipeline->{closure:{closure:Illuminate\\Pipeline\\Pipeline::carry():184}:185}()
#32 /home/pranjal/Pranjal/vscode/Files/core/vendor/laravel/framework/src/Illuminate/Session/Middleware/StartSession.php(64): Illuminate\\Session\\Middleware\\StartSession->handleStatefulRequest()
#33 /home/pranjal/Pranjal/vscode/Files/core/vendor/laravel/framework/src/Illuminate/Pipeline/Pipeline.php(209): Illuminate\\Session\\Middleware\\StartSession->handle()
#34 /home/pranjal/Pranjal/vscode/Files/core/vendor/laravel/framework/src/Illuminate/Cookie/Middleware/AddQueuedCookiesToResponse.php(37): Illuminate\\Pipeline\\Pipeline->{closure:{closure:Illuminate\\Pipeline\\Pipeline::carry():184}:185}()
#35 /home/pranjal/Pranjal/vscode/Files/core/vendor/laravel/framework/src/Illuminate/Pipeline/Pipeline.php(209): Illuminate\\Cookie\\Middleware\\AddQueuedCookiesToResponse->handle()
#36 /home/pranjal/Pranjal/vscode/Files/core/vendor/laramin/utility/src/Utility.php(15): Illuminate\\Pipeline\\Pipeline->{closure:{closure:Illuminate\\Pipeline\\Pipeline::carry():184}:185}()
#37 /home/pranjal/Pranjal/vscode/Files/core/vendor/laravel/framework/src/Illuminate/Pipeline/Pipeline.php(209): Laramin\\Utility\\Utility->handle()
#38 /home/pranjal/Pranjal/vscode/Files/core/vendor/laravel/framework/src/Illuminate/Pipeline/Pipeline.php(127): Illuminate\\Pipeline\\Pipeline->{closure:{closure:Illuminate\\Pipeline\\Pipeline::carry():184}:185}()
#39 /home/pranjal/Pranjal/vscode/Files/core/vendor/laravel/framework/src/Illuminate/Routing/Router.php(807): Illuminate\\Pipeline\\Pipeline->then()
#40 /home/pranjal/Pranjal/vscode/Files/core/vendor/laravel/framework/src/Illuminate/Routing/Router.php(786): Illuminate\\Routing\\Router->runRouteWithinStack()
#41 /home/pranjal/Pranjal/vscode/Files/core/vendor/laravel/framework/src/Illuminate/Routing/Router.php(750): Illuminate\\Routing\\Router->runRoute()
#42 /home/pranjal/Pranjal/vscode/Files/core/vendor/laravel/framework/src/Illuminate/Routing/Router.php(739): Illuminate\\Routing\\Router->dispatchToRoute()
#43 /home/pranjal/Pranjal/vscode/Files/core/vendor/laravel/framework/src/Illuminate/Foundation/Http/Kernel.php(201): Illuminate\\Routing\\Router->dispatch()
#44 /home/pranjal/Pranjal/vscode/Files/core/vendor/laravel/framework/src/Illuminate/Pipeline/Pipeline.php(170): Illuminate\\Foundation\\Http\\Kernel->{closure:Illuminate\\Foundation\\Http\\Kernel::dispatchToRouter():198}()
#45 /home/pranjal/Pranjal/vscode/Files/core/vendor/laravel/framework/src/Illuminate/Foundation/Http/Middleware/TransformsRequest.php(21): Illuminate\\Pipeline\\Pipeline->{closure:Illuminate\\Pipeline\\Pipeline::prepareDestination():168}()
#46 /home/pranjal/Pranjal/vscode/Files/core/vendor/laravel/framework/src/Illuminate/Foundation/Http/Middleware/ConvertEmptyStringsToNull.php(31): Illuminate\\Foundation\\Http\\Middleware\\TransformsRequest->handle()
#47 /home/pranjal/Pranjal/vscode/Files/core/vendor/laravel/framework/src/Illuminate/Pipeline/Pipeline.php(209): Illuminate\\Foundation\\Http\\Middleware\\ConvertEmptyStringsToNull->handle()
#48 /home/pranjal/Pranjal/vscode/Files/core/vendor/laravel/framework/src/Illuminate/Foundation/Http/Middleware/TransformsRequest.php(21): Illuminate\\Pipeline\\Pipeline->{closure:{closure:Illuminate\\Pipeline\\Pipeline::carry():184}:185}()
#49 /home/pranjal/Pranjal/vscode/Files/core/vendor/laravel/framework/src/Illuminate/Foundation/Http/Middleware/TrimStrings.php(51): Illuminate\\Foundation\\Http\\Middleware\\TransformsRequest->handle()
#50 /home/pranjal/Pranjal/vscode/Files/core/vendor/laravel/framework/src/Illuminate/Pipeline/Pipeline.php(209): Illuminate\\Foundation\\Http\\Middleware\\TrimStrings->handle()
#51 /home/pranjal/Pranjal/vscode/Files/core/vendor/laravel/framework/src/Illuminate/Http/Middleware/ValidatePostSize.php(27): Illuminate\\Pipeline\\Pipeline->{closure:{closure:Illuminate\\Pipeline\\Pipeline::carry():184}:185}()
#52 /home/pranjal/Pranjal/vscode/Files/core/vendor/laravel/framework/src/Illuminate/Pipeline/Pipeline.php(209): Illuminate\\Http\\Middleware\\ValidatePostSize->handle()
#53 /home/pranjal/Pranjal/vscode/Files/core/vendor/laravel/framework/src/Illuminate/Foundation/Http/Middleware/PreventRequestsDuringMaintenance.php(110): Illuminate\\Pipeline\\Pipeline->{closure:{closure:Illuminate\\Pipeline\\Pipeline::carry():184}:185}()
#54 /home/pranjal/Pranjal/vscode/Files/core/vendor/laravel/framework/src/Illuminate/Pipeline/Pipeline.php(209): Illuminate\\Foundation\\Http\\Middleware\\PreventRequestsDuringMaintenance->handle()
#55 /home/pranjal/Pranjal/vscode/Files/core/vendor/laravel/framework/src/Illuminate/Http/Middleware/HandleCors.php(49): Illuminate\\Pipeline\\Pipeline->{closure:{closure:Illuminate\\Pipeline\\Pipeline::carry():184}:185}()
#56 /home/pranjal/Pranjal/vscode/Files/core/vendor/laravel/framework/src/Illuminate/Pipeline/Pipeline.php(209): Illuminate\\Http\\Middleware\\HandleCors->handle()
#57 /home/pranjal/Pranjal/vscode/Files/core/vendor/laravel/framework/src/Illuminate/Http/Middleware/TrustProxies.php(58): Illuminate\\Pipeline\\Pipeline->{closure:{closure:Illuminate\\Pipeline\\Pipeline::carry():184}:185}()
#58 /home/pranjal/Pranjal/vscode/Files/core/vendor/laravel/framework/src/Illuminate/Pipeline/Pipeline.php(209): Illuminate\\Http\\Middleware\\TrustProxies->handle()
#59 /home/pranjal/Pranjal/vscode/Files/core/vendor/laravel/framework/src/Illuminate/Foundation/Http/Middleware/InvokeDeferredCallbacks.php(22): Illuminate\\Pipeline\\Pipeline->{closure:{closure:Illuminate\\Pipeline\\Pipeline::carry():184}:185}()
#60 /home/pranjal/Pranjal/vscode/Files/core/vendor/laravel/framework/src/Illuminate/Pipeline/Pipeline.php(209): Illuminate\\Foundation\\Http\\Middleware\\InvokeDeferredCallbacks->handle()
#61 /home/pranjal/Pranjal/vscode/Files/core/vendor/laramin/utility/src/Utility.php(15): Illuminate\\Pipeline\\Pipeline->{closure:{closure:Illuminate\\Pipeline\\Pipeline::carry():184}:185}()
#62 /home/pranjal/Pranjal/vscode/Files/core/vendor/laravel/framework/src/Illuminate/Pipeline/Pipeline.php(209): Laramin\\Utility\\Utility->handle()
#63 /home/pranjal/Pranjal/vscode/Files/core/vendor/laravel/framework/src/Illuminate/Pipeline/Pipeline.php(127): Illuminate\\Pipeline\\Pipeline->{closure:{closure:Illuminate\\Pipeline\\Pipeline::carry():184}:185}()
#64 /home/pranjal/Pranjal/vscode/Files/core/vendor/laravel/framework/src/Illuminate/Foundation/Http/Kernel.php(176): Illuminate\\Pipeline\\Pipeline->then()
#65 /home/pranjal/Pranjal/vscode/Files/core/vendor/laravel/framework/src/Illuminate/Foundation/Http/Kernel.php(145): Illuminate\\Foundation\\Http\\Kernel->sendRequestThroughRouter()
#66 /home/pranjal/Pranjal/vscode/Files/core/vendor/laravel/framework/src/Illuminate/Foundation/Application.php(1220): Illuminate\\Foundation\\Http\\Kernel->handle()
#67 /home/pranjal/Pranjal/vscode/Files/index.php(17): Illuminate\\Foundation\\Application->handleRequest()
#68 {main}

[previous exception] [object] (ErrorException(code: 0): Undefined array key \"version\" at /home/pranjal/Pranjal/vscode/Files/core/app/Providers/AppServiceProvider.php:60)
[stacktrace]
#0 /home/pranjal/Pranjal/vscode/Files/core/vendor/laravel/framework/src/Illuminate/Foundation/Bootstrap/HandleExceptions.php(258): Illuminate\\Foundation\\Bootstrap\\HandleExceptions->handleError()
#1 /home/pranjal/Pranjal/vscode/Files/core/app/Providers/AppServiceProvider.php(60): Illuminate\\Foundation\\Bootstrap\\HandleExceptions->{closure:Illuminate\\Foundation\\Bootstrap\\HandleExceptions::forwardsTo():257}()
#2 /home/pranjal/Pranjal/vscode/Files/core/vendor/laravel/framework/src/Illuminate/Events/Dispatcher.php(459): App\\Providers\\AppServiceProvider->{closure:App\\Providers\\AppServiceProvider::boot():51}()
#3 /home/pranjal/Pranjal/vscode/Files/core/vendor/laravel/framework/src/Illuminate/Events/Dispatcher.php(287): Illuminate\\Events\\Dispatcher->{closure:Illuminate\\Events\\Dispatcher::makeListener():454}()
#4 /home/pranjal/Pranjal/vscode/Files/core/vendor/laravel/framework/src/Illuminate/Events/Dispatcher.php(267): Illuminate\\Events\\Dispatcher->invokeListeners()
#5 /home/pranjal/Pranjal/vscode/Files/core/vendor/laravel/framework/src/Illuminate/View/Concerns/ManagesEvents.php(178): Illuminate\\Events\\Dispatcher->dispatch()
#6 /home/pranjal/Pranjal/vscode/Files/core/vendor/laravel/framework/src/Illuminate/View/View.php(190): Illuminate\\View\\Factory->callComposer()
#7 /home/pranjal/Pranjal/vscode/Files/core/vendor/laravel/framework/src/Illuminate/View/View.php(161): Illuminate\\View\\View->renderContents()
#8 /home/pranjal/Pranjal/vscode/Files/core/storage/framework/views/bd994467445c0c077eb81ef6ab510c57.php(7): Illuminate\\View\\View->render()
#9 /home/pranjal/Pranjal/vscode/Files/core/vendor/laravel/framework/src/Illuminate/Filesystem/Filesystem.php(123): require('...')
#10 /home/pranjal/Pranjal/vscode/Files/core/vendor/laravel/framework/src/Illuminate/Filesystem/Filesystem.php(124): Illuminate\\Filesystem\\Filesystem::{closure:Illuminate\\Filesystem\\Filesystem::getRequire():120}()
#11 /home/pranjal/Pranjal/vscode/Files/core/vendor/laravel/framework/src/Illuminate/View/Engines/PhpEngine.php(58): Illuminate\\Filesystem\\Filesystem->getRequire()
#12 /home/pranjal/Pranjal/vscode/Files/core/vendor/laravel/framework/src/Illuminate/View/Engines/CompilerEngine.php(75): Illuminate\\View\\Engines\\PhpEngine->evaluatePath()
#13 /home/pranjal/Pranjal/vscode/Files/core/vendor/laravel/framework/src/Illuminate/View/View.php(209): Illuminate\\View\\Engines\\CompilerEngine->get()
#14 /home/pranjal/Pranjal/vscode/Files/core/vendor/laravel/framework/src/Illuminate/View/View.php(192): Illuminate\\View\\View->getContents()
#15 /home/pranjal/Pranjal/vscode/Files/core/vendor/laravel/framework/src/Illuminate/View/View.php(161): Illuminate\\View\\View->renderContents()
#16 /home/pranjal/Pranjal/vscode/Files/core/storage/framework/views/352e4f31816487ef220ed296bddaef8a.php(341): Illuminate\\View\\View->render()
#17 /home/pranjal/Pranjal/vscode/Files/core/vendor/laravel/framework/src/Illuminate/Filesystem/Filesystem.php(123): require('...')
#18 /home/pranjal/Pranjal/vscode/Files/core/vendor/laravel/framework/src/Illuminate/Filesystem/Filesystem.php(124): Illuminate\\Filesystem\\Filesystem::{closure:Illuminate\\Filesystem\\Filesystem::getRequire():120}()
#19 /home/pranjal/Pranjal/vscode/Files/core/vendor/laravel/framework/src/Illuminate/View/Engines/PhpEngine.php(58): Illuminate\\Filesystem\\Filesystem->getRequire()
#20 /home/pranjal/Pranjal/vscode/Files/core/vendor/laravel/framework/src/Illuminate/View/Engines/CompilerEngine.php(75): Illuminate\\View\\Engines\\PhpEngine->evaluatePath()
#21 /home/pranjal/Pranjal/vscode/Files/core/vendor/laravel/framework/src/Illuminate/View/View.php(209): Illuminate\\View\\Engines\\CompilerEngine->get()
#22 /home/pranjal/Pranjal/vscode/Files/core/vendor/laravel/framework/src/Illuminate/View/View.php(192): Illuminate\\View\\View->getContents()
#23 /home/pranjal/Pranjal/vscode/Files/core/vendor/laravel/framework/src/Illuminate/View/View.php(161): Illuminate\\View\\View->renderContents()
#24 /home/pranjal/Pranjal/vscode/Files/core/vendor/laravel/framework/src/Illuminate/Http/Response.php(79): Illuminate\\View\\View->render()
#25 /home/pranjal/Pranjal/vscode/Files/core/vendor/laravel/framework/src/Illuminate/Http/Response.php(35): Illuminate\\Http\\Response->setContent()
#26 /home/pranjal/Pranjal/vscode/Files/core/vendor/laravel/framework/src/Illuminate/Routing/Router.php(920): Illuminate\\Http\\Response->__construct()
#27 /home/pranjal/Pranjal/vscode/Files/core/vendor/laravel/framework/src/Illuminate/Routing/Router.php(887): Illuminate\\Routing\\Router::toResponse()
#28 /home/pranjal/Pranjal/vscode/Files/core/vendor/laravel/framework/src/Illuminate/Routing/Router.php(807): Illuminate\\Routing\\Router->prepareResponse()
#29 /home/pranjal/Pranjal/vscode/Files/core/vendor/laravel/framework/src/Illuminate/Pipeline/Pipeline.php(170): Illuminate\\Routing\\Router->{closure:Illuminate\\Routing\\Router::runRouteWithinStack():807}()
#30 /home/pranjal/Pranjal/vscode/Files/core/app/Http/Middleware/RedirectIfNotAdmin.php(22): Illuminate\\Pipeline\\Pipeline->{closure:Illuminate\\Pipeline\\Pipeline::prepareDestination():168}()
#31 /home/pranjal/Pranjal/vscode/Files/core/vendor/laravel/framework/src/Illuminate/Pipeline/Pipeline.php(209): App\\Http\\Middleware\\RedirectIfNotAdmin->handle()
#32 /home/pranjal/Pranjal/vscode/Files/core/app/Http/Middleware/ActiveTemplateMiddleware.php(31): Illuminate\\Pipeline\\Pipeline->{closure:{closure:Illuminate\\Pipeline\\Pipeline::carry():184}:185}()
#33 /home/pranjal/Pranjal/vscode/Files/core/vendor/laravel/framework/src/Illuminate/Pipeline/Pipeline.php(209): App\\Http\\Middleware\\ActiveTemplateMiddleware->handle()
#34 /home/pranjal/Pranjal/vscode/Files/core/app/Http/Middleware/LanguageMiddleware.php(22): Illuminate\\Pipeline\\Pipeline->{closure:{closure:Illuminate\\Pipeline\\Pipeline::carry():184}:185}()
#35 /home/pranjal/Pranjal/vscode/Files/core/vendor/laravel/framework/src/Illuminate/Pipeline/Pipeline.php(209): App\\Http\\Middleware\\LanguageMiddleware->handle()
#36 /home/pranjal/Pranjal/vscode/Files/core/vendor/laravel/framework/src/Illuminate/Routing/Middleware/SubstituteBindings.php(51): Illuminate\\Pipeline\\Pipeline->{closure:{closure:Illuminate\\Pipeline\\Pipeline::carry():184}:185}()
#37 /home/pranjal/Pranjal/vscode/Files/core/vendor/laravel/framework/src/Illuminate/Pipeline/Pipeline.php(209): Illuminate\\Routing\\Middleware\\SubstituteBindings->handle()
#38 /home/pranjal/Pranjal/vscode/Files/core/vendor/laravel/framework/src/Illuminate/Foundation/Http/Middleware/VerifyCsrfToken.php(88): Illuminate\\Pipeline\\Pipeline->{closure:{closure:Illuminate\\Pipeline\\Pipeline::carry():184}:185}()
#39 /home/pranjal/Pranjal/vscode/Files/core/vendor/laravel/framework/src/Illuminate/Pipeline/Pipeline.php(209): Illuminate\\Foundation\\Http\\Middleware\\VerifyCsrfToken->handle()
#40 /home/pranjal/Pranjal/vscode/Files/core/vendor/laravel/framework/src/Illuminate/View/Middleware/ShareErrorsFromSession.php(49): Illuminate\\Pipeline\\Pipeline->{closure:{closure:Illuminate\\Pipeline\\Pipeline::carry():184}:185}()
#41 /home/pranjal/Pranjal/vscode/Files/core/vendor/laravel/framework/src/Illuminate/Pipeline/Pipeline.php(209): Illuminate\\View\\Middleware\\ShareErrorsFromSession->handle()
#42 /home/pranjal/Pranjal/vscode/Files/core/vendor/laravel/framework/src/Illuminate/Session/Middleware/StartSession.php(121): Illuminate\\Pipeline\\Pipeline->{closure:{closure:Illuminate\\Pipeline\\Pipeline::carry():184}:185}()
#43 /home/pranjal/Pranjal/vscode/Files/core/vendor/laravel/framework/src/Illuminate/Session/Middleware/StartSession.php(64): Illuminate\\Session\\Middleware\\StartSession->handleStatefulRequest()
#44 /home/pranjal/Pranjal/vscode/Files/core/vendor/laravel/framework/src/Illuminate/Pipeline/Pipeline.php(209): Illuminate\\Session\\Middleware\\StartSession->handle()
#45 /home/pranjal/Pranjal/vscode/Files/core/vendor/laravel/framework/src/Illuminate/Cookie/Middleware/AddQueuedCookiesToResponse.php(37): Illuminate\\Pipeline\\Pipeline->{closure:{closure:Illuminate\\Pipeline\\Pipeline::carry():184}:185}()
#46 /home/pranjal/Pranjal/vscode/Files/core/vendor/laravel/framework/src/Illuminate/Pipeline/Pipeline.php(209): Illuminate\\Cookie\\Middleware\\AddQueuedCookiesToResponse->handle()
#47 /home/pranjal/Pranjal/vscode/Files/core/vendor/laramin/utility/src/Utility.php(15): Illuminate\\Pipeline\\Pipeline->{closure:{closure:Illuminate\\Pipeline\\Pipeline::carry():184}:185}()
#48 /home/pranjal/Pranjal/vscode/Files/core/vendor/laravel/framework/src/Illuminate/Pipeline/Pipeline.php(209): Laramin\\Utility\\Utility->handle()
#49 /home/pranjal/Pranjal/vscode/Files/core/vendor/laravel/framework/src/Illuminate/Pipeline/Pipeline.php(127): Illuminate\\Pipeline\\Pipeline->{closure:{closure:Illuminate\\Pipeline\\Pipeline::carry():184}:185}()
#50 /home/pranjal/Pranjal/vscode/Files/core/vendor/laravel/framework/src/Illuminate/Routing/Router.php(807): Illuminate\\Pipeline\\Pipeline->then()
#51 /home/pranjal/Pranjal/vscode/Files/core/vendor/laravel/framework/src/Illuminate/Routing/Router.php(786): Illuminate\\Routing\\Router->runRouteWithinStack()
#52 /home/pranjal/Pranjal/vscode/Files/core/vendor/laravel/framework/src/Illuminate/Routing/Router.php(750): Illuminate\\Routing\\Router->runRoute()
#53 /home/pranjal/Pranjal/vscode/Files/core/vendor/laravel/framework/src/Illuminate/Routing/Router.php(739): Illuminate\\Routing\\Router->dispatchToRoute()
#54 /home/pranjal/Pranjal/vscode/Files/core/vendor/laravel/framework/src/Illuminate/Foundation/Http/Kernel.php(201): Illuminate\\Routing\\Router->dispatch()
#55 /home/pranjal/Pranjal/vscode/Files/core/vendor/laravel/framework/src/Illuminate/Pipeline/Pipeline.php(170): Illuminate\\Foundation\\Http\\Kernel->{closure:Illuminate\\Foundation\\Http\\Kernel::dispatchToRouter():198}()
#56 /home/pranjal/Pranjal/vscode/Files/core/vendor/laravel/framework/src/Illuminate/Foundation/Http/Middleware/TransformsRequest.php(21): Illuminate\\Pipeline\\Pipeline->{closure:Illuminate\\Pipeline\\Pipeline::prepareDestination():168}()
#57 /home/pranjal/Pranjal/vscode/Files/core/vendor/laravel/framework/src/Illuminate/Foundation/Http/Middleware/ConvertEmptyStringsToNull.php(31): Illuminate\\Foundation\\Http\\Middleware\\TransformsRequest->handle()
#58 /home/pranjal/Pranjal/vscode/Files/core/vendor/laravel/framework/src/Illuminate/Pipeline/Pipeline.php(209): Illuminate\\Foundation\\Http\\Middleware\\ConvertEmptyStringsToNull->handle()
#59 /home/pranjal/Pranjal/vscode/Files/core/vendor/laravel/framework/src/Illuminate/Foundation/Http/Middleware/TransformsRequest.php(21): Illuminate\\Pipeline\\Pipeline->{closure:{closure:Illuminate\\Pipeline\\Pipeline::carry():184}:185}()
#60 /home/pranjal/Pranjal/vscode/Files/core/vendor/laravel/framework/src/Illuminate/Foundation/Http/Middleware/TrimStrings.php(51): Illuminate\\Foundation\\Http\\Middleware\\TransformsRequest->handle()
#61 /home/pranjal/Pranjal/vscode/Files/core/vendor/laravel/framework/src/Illuminate/Pipeline/Pipeline.php(209): Illuminate\\Foundation\\Http\\Middleware\\TrimStrings->handle()
#62 /home/pranjal/Pranjal/vscode/Files/core/vendor/laravel/framework/src/Illuminate/Http/Middleware/ValidatePostSize.php(27): Illuminate\\Pipeline\\Pipeline->{closure:{closure:Illuminate\\Pipeline\\Pipeline::carry():184}:185}()
#63 /home/pranjal/Pranjal/vscode/Files/core/vendor/laravel/framework/src/Illuminate/Pipeline/Pipeline.php(209): Illuminate\\Http\\Middleware\\ValidatePostSize->handle()
#64 /home/pranjal/Pranjal/vscode/Files/core/vendor/laravel/framework/src/Illuminate/Foundation/Http/Middleware/PreventRequestsDuringMaintenance.php(110): Illuminate\\Pipeline\\Pipeline->{closure:{closure:Illuminate\\Pipeline\\Pipeline::carry():184}:185}()
#65 /home/pranjal/Pranjal/vscode/Files/core/vendor/laravel/framework/src/Illuminate/Pipeline/Pipeline.php(209): Illuminate\\Foundation\\Http\\Middleware\\PreventRequestsDuringMaintenance->handle()
#66 /home/pranjal/Pranjal/vscode/Files/core/vendor/laravel/framework/src/Illuminate/Http/Middleware/HandleCors.php(49): Illuminate\\Pipeline\\Pipeline->{closure:{closure:Illuminate\\Pipeline\\Pipeline::carry():184}:185}()
#67 /home/pranjal/Pranjal/vscode/Files/core/vendor/laravel/framework/src/Illuminate/Pipeline/Pipeline.php(209): Illuminate\\Http\\Middleware\\HandleCors->handle()
#68 /home/pranjal/Pranjal/vscode/Files/core/vendor/laravel/framework/src/Illuminate/Http/Middleware/TrustProxies.php(58): Illuminate\\Pipeline\\Pipeline->{closure:{closure:Illuminate\\Pipeline\\Pipeline::carry():184}:185}()
#69 /home/pranjal/Pranjal/vscode/Files/core/vendor/laravel/framework/src/Illuminate/Pipeline/Pipeline.php(209): Illuminate\\Http\\Middleware\\TrustProxies->handle()
#70 /home/pranjal/Pranjal/vscode/Files/core/vendor/laravel/framework/src/Illuminate/Foundation/Http/Middleware/InvokeDeferredCallbacks.php(22): Illuminate\\Pipeline\\Pipeline->{closure:{closure:Illuminate\\Pipeline\\Pipeline::carry():184}:185}()
#71 /home/pranjal/Pranjal/vscode/Files/core/vendor/laravel/framework/src/Illuminate/Pipeline/Pipeline.php(209): Illuminate\\Foundation\\Http\\Middleware\\InvokeDeferredCallbacks->handle()
#72 /home/pranjal/Pranjal/vscode/Files/core/vendor/laramin/utility/src/Utility.php(15): Illuminate\\Pipeline\\Pipeline->{closure:{closure:Illuminate\\Pipeline\\Pipeline::carry():184}:185}()
#73 /home/pranjal/Pranjal/vscode/Files/core/vendor/laravel/framework/src/Illuminate/Pipeline/Pipeline.php(209): Laramin\\Utility\\Utility->handle()
#74 /home/pranjal/Pranjal/vscode/Files/core/vendor/laravel/framework/src/Illuminate/Pipeline/Pipeline.php(127): Illuminate\\Pipeline\\Pipeline->{closure:{closure:Illuminate\\Pipeline\\Pipeline::carry():184}:185}()
#75 /home/pranjal/Pranjal/vscode/Files/core/vendor/laravel/framework/src/Illuminate/Foundation/Http/Kernel.php(176): Illuminate\\Pipeline\\Pipeline->then()
#76 /home/pranjal/Pranjal/vscode/Files/core/vendor/laravel/framework/src/Illuminate/Foundation/Http/Kernel.php(145): Illuminate\\Foundation\\Http\\Kernel->sendRequestThroughRouter()
#77 /home/pranjal/Pranjal/vscode/Files/core/vendor/laravel/framework/src/Illuminate/Foundation/Application.php(1220): Illuminate\\Foundation\\Http\\Kernel->handle()
#78 /home/pranjal/Pranjal/vscode/Files/index.php(17): Illuminate\\Foundation\\Application->handleRequest()
#79 {main}
"} 
[2026-07-26 16:35:40] production.ERROR: Undefined array key "version" (View: /home/pranjal/Pranjal/vscode/Files/core/resources/views/admin/layouts/app.blade.php) (View: /home/pranjal/Pranjal/vscode/Files/core/resources/views/admin/layouts/app.blade.php) {"exception":"[object] (Illuminate\\View\\ViewException(code: 0): Undefined array key \"version\" (View: /home/pranjal/Pranjal/vscode/Files/core/resources/views/admin/layouts/app.blade.php) (View: /home/pranjal/Pranjal/vscode/Files/core/resources/views/admin/layouts/app.blade.php) at /home/pranjal/Pranjal/vscode/Files/core/app/Providers/AppServiceProvider.php:60)
[stacktrace]
#0 /home/pranjal/Pranjal/vscode/Files/core/vendor/laravel/framework/src/Illuminate/View/Engines/PhpEngine.php(60): Illuminate\\View\\Engines\\CompilerEngine->handleViewException()
#1 /home/pranjal/Pranjal/vscode/Files/core/vendor/laravel/framework/src/Illuminate/View/Engines/CompilerEngine.php(75): Illuminate\\View\\Engines\\PhpEngine->evaluatePath()
#2 /home/pranjal/Pranjal/vscode/Files/core/vendor/laravel/framework/src/Illuminate/View/View.php(209): Illuminate\\View\\Engines\\CompilerEngine->get()
#3 /home/pranjal/Pranjal/vscode/Files/core/vendor/laravel/framework/src/Illuminate/View/View.php(192): Illuminate\\View\\View->getContents()
#4 /home/pranjal/Pranjal/vscode/Files/core/vendor/laravel/framework/src/Illuminate/View/View.php(161): Illuminate\\View\\View->renderContents()
#5 /home/pranjal/Pranjal/vscode/Files/core/vendor/laravel/framework/src/Illuminate/Http/Response.php(79): Illuminate\\View\\View->render()
#6 /home/pranjal/Pranjal/vscode/Files/core/vendor/laravel/framework/src/Illuminate/Http/Response.php(35): Illuminate\\Http\\Response->setContent()
#7 /home/pranjal/Pranjal/vscode/Files/core/vendor/laravel/framework/src/Illuminate/Routing/Router.php(920): Illuminate\\Http\\Response->__construct()
#8 /home/pranjal/Pranjal/vscode/Files/core/vendor/laravel/framework/src/Illuminate/Routing/Router.php(887): Illuminate\\Routing\\Router::toResponse()
#9 /home/pranjal/Pranjal/vscode/Files/core/vendor/laravel/framework/src/Illuminate/Routing/Router.php(807): Illuminate\\Routing\\Router->prepareResponse()
#10 /home/pranjal/Pranjal/vscode/Files/core/vendor/laravel/framework/src/Illuminate/Pipeline/Pipeline.php(170): Illuminate\\Routing\\Router->{closure:Illuminate\\Routing\\Router::runRouteWithinStack():807}()
#11 /home/pranjal/Pranjal/vscode/Files/core/app/Http/Middleware/RedirectIfNotAdmin.php(22): Illuminate\\Pipeline\\Pipeline->{closure:Illuminate\\Pipeline\\Pipeline::prepareDestination():168}()
#12 /home/pranjal/Pranjal/vscode/Files/core/vendor/laravel/framework/src/Illuminate/Pipeline/Pipeline.php(209): App\\Http\\Middleware\\RedirectIfNotAdmin->handle()
#13 /home/pranjal/Pranjal/vscode/Files/core/app/Http/Middleware/ActiveTemplateMiddleware.php(31): Illuminate\\Pipeline\\Pipeline->{closure:{closure:Illuminate\\Pipeline\\Pipeline::carry():184}:185}()
#14 /home/pranjal/Pranjal/vscode/Files/core/vendor/laravel/framework/src/Illuminate/Pipeline/Pipeline.php(209): App\\Http\\Middleware\\ActiveTemplateMiddleware->handle()
#15 /home/pranjal/Pranjal/vscode/Files/core/app/Http/Middleware/LanguageMiddleware.php(22): Illuminate\\Pipeline\\Pipeline->{closure:{closure:Illuminate\\Pipeline\\Pipeline::carry():184}:185}()
#16 /home/pranjal/Pranjal/vscode/Files/core/vendor/laravel/framework/src/Illuminate/Pipeline/Pipeline.php(209): App\\Http\\Middleware\\LanguageMiddleware->handle()
#17 /home/pranjal/Pranjal/vscode/Files/core/vendor/laravel/framework/src/Illuminate/Routing/Middleware/SubstituteBindings.php(51): Illuminate\\Pipeline\\Pipeline->{closure:{closure:Illuminate\\Pipeline\\Pipeline::carry():184}:185}()
#18 /home/pranjal/Pranjal/vscode/Files/core/vendor/laravel/framework/src/Illuminate/Pipeline/Pipeline.php(209): Illuminate\\Routing\\Middleware\\SubstituteBindings->handle()
#19 /home/pranjal/Pranjal/vscode/Files/core/vendor/laravel/framework/src/Illuminate/Foundation/Http/Middleware/VerifyCsrfToken.php(88): Illuminate\\Pipeline\\Pipeline->{closure:{closure:Illuminate\\Pipeline\\Pipeline::carry():184}:185}()
#20 /home/pranjal/Pranjal/vscode/Files/core/vendor/laravel/framework/src/Illuminate/Pipeline/Pipeline.php(209): Illuminate\\Foundation\\Http\\Middleware\\VerifyCsrfToken->handle()
#21 /home/pranjal/Pranjal/vscode/Files/core/vendor/laravel/framework/src/Illuminate/View/Middleware/ShareErrorsFromSession.php(49): Illuminate\\Pipeline\\Pipeline->{closure:{closure:Illuminate\\Pipeline\\Pipeline::carry():184}:185}()
#22 /home/pranjal/Pranjal/vscode/Files/core/vendor/laravel/framework/src/Illuminate/Pipeline/Pipeline.php(209): Illuminate\\View\\Middleware\\ShareErrorsFromSession->handle()
#23 /home/pranjal/Pranjal/vscode/Files/core/vendor/laravel/framework/src/Illuminate/Session/Middleware/StartSession.php(121): Illuminate\\Pipeline\\Pipeline->{closure:{closure:Illuminate\\Pipeline\\Pipeline::carry():184}:185}()
#24 /home/pranjal/Pranjal/vscode/Files/core/vendor/laravel/framework/src/Illuminate/Session/Middleware/StartSession.php(64): Illuminate\\Session\\Middleware\\StartSession->handleStatefulRequest()
#25 /home/pranjal/Pranjal/vscode/Files/core/vendor/laravel/framework/src/Illuminate/Pipeline/Pipeline.php(209): Illuminate\\Session\\Middleware\\StartSession->handle()
#26 /home/pranjal/Pranjal/vscode/Files/core/vendor/laravel/framework/src/Illuminate/Cookie/Middleware/AddQueuedCookiesToResponse.php(37): Illuminate\\Pipeline\\Pipeline->{closure:{closure:Illuminate\\Pipeline\\Pipeline::carry():184}:185}()
#27 /home/pranjal/Pranjal/vscode/Files/core/vendor/laravel/framework/src/Illuminate/Pipeline/Pipeline.php(209): Illuminate\\Cookie\\Middleware\\AddQueuedCookiesToResponse->handle()
#28 /home/pranjal/Pranjal/vscode/Files/core/vendor/laramin/utility/src/Utility.php(15): Illuminate\\Pipeline\\Pipeline->{closure:{closure:Illuminate\\Pipeline\\Pipeline::carry():184}:185}()
#29 /home/pranjal/Pranjal/vscode/Files/core/vendor/laravel/framework/src/Illuminate/Pipeline/Pipeline.php(209): Laramin\\Utility\\Utility->handle()
#30 /home/pranjal/Pranjal/vscode/Files/core/vendor/laravel/framework/src/Illuminate/Pipeline/Pipeline.php(127): Illuminate\\Pipeline\\Pipeline->{closure:{closure:Illuminate\\Pipeline\\Pipeline::carry():184}:185}()
#31 /home/pranjal/Pranjal/vscode/Files/core/vendor/laravel/framework/src/Illuminate/Routing/Router.php(807): Illuminate\\Pipeline\\Pipeline->then()
#32 /home/pranjal/Pranjal/vscode/Files/core/vendor/laravel/framework/src/Illuminate/Routing/Router.php(786): Illuminate\\Routing\\Router->runRouteWithinStack()
#33 /home/pranjal/Pranjal/vscode/Files/core/vendor/laravel/framework/src/Illuminate/Routing/Router.php(750): Illuminate\\Routing\\Router->runRoute()
#34 /home/pranjal/Pranjal/vscode/Files/core/vendor/laravel/framework/src/Illuminate/Routing/Router.php(739): Illuminate\\Routing\\Router->dispatchToRoute()
#35 /home/pranjal/Pranjal/vscode/Files/core/vendor/laravel/framework/src/Illuminate/Foundation/Http/Kernel.php(201): Illuminate\\Routing\\Router->dispatch()
#36 /home/pranjal/Pranjal/vscode/Files/core/vendor/laravel/framework/src/Illuminate/Pipeline/Pipeline.php(170): Illuminate\\Foundation\\Http\\Kernel->{closure:Illuminate\\Foundation\\Http\\Kernel::dispatchToRouter():198}()
#37 /home/pranjal/Pranjal/vscode/Files/core/vendor/laravel/framework/src/Illuminate/Foundation/Http/Middleware/TransformsRequest.php(21): Illuminate\\Pipeline\\Pipeline->{closure:Illuminate\\Pipeline\\Pipeline::prepareDestination():168}()
#38 /home/pranjal/Pranjal/vscode/Files/core/vendor/laravel/framework/src/Illuminate/Foundation/Http/Middleware/ConvertEmptyStringsToNull.php(31): Illuminate\\Foundation\\Http\\Middleware\\TransformsRequest->handle()
#39 /home/pranjal/Pranjal/vscode/Files/core/vendor/laravel/framework/src/Illuminate/Pipeline/Pipeline.php(209): Illuminate\\Foundation\\Http\\Middleware\\ConvertEmptyStringsToNull->handle()
#40 /home/pranjal/Pranjal/vscode/Files/core/vendor/laravel/framework/src/Illuminate/Foundation/Http/Middleware/TransformsRequest.php(21): Illuminate\\Pipeline\\Pipeline->{closure:{closure:Illuminate\\Pipeline\\Pipeline::carry():184}:185}()
#41 /home/pranjal/Pranjal/vscode/Files/core/vendor/laravel/framework/src/Illuminate/Foundation/Http/Middleware/TrimStrings.php(51): Illuminate\\Foundation\\Http\\Middleware\\TransformsRequest->handle()
#42 /home/pranjal/Pranjal/vscode/Files/core/vendor/laravel/framework/src/Illuminate/Pipeline/Pipeline.php(209): Illuminate\\Foundation\\Http\\Middleware\\TrimStrings->handle()
#43 /home/pranjal/Pranjal/vscode/Files/core/vendor/laravel/framework/src/Illuminate/Http/Middleware/ValidatePostSize.php(27): Illuminate\\Pipeline\\Pipeline->{closure:{closure:Illuminate\\Pipeline\\Pipeline::carry():184}:185}()
#44 /home/pranjal/Pranjal/vscode/Files/core/vendor/laravel/framework/src/Illuminate/Pipeline/Pipeline.php(209): Illuminate\\Http\\Middleware\\ValidatePostSize->handle()
#45 /home/pranjal/Pranjal/vscode/Files/core/vendor/laravel/framework/src/Illuminate/Foundation/Http/Middleware/PreventRequestsDuringMaintenance.php(110): Illuminate\\Pipeline\\Pipeline->{closure:{closure:Illuminate\\Pipeline\\Pipeline::carry():184}:185}()
#46 /home/pranjal/Pranjal/vscode/Files/core/vendor/laravel/framework/src/Illuminate/Pipeline/Pipeline.php(209): Illuminate\\Foundation\\Http\\Middleware\\PreventRequestsDuringMaintenance->handle()
#47 /home/pranjal/Pranjal/vscode/Files/core/vendor/laravel/framework/src/Illuminate/Http/Middleware/HandleCors.php(49): Illuminate\\Pipeline\\Pipeline->{closure:{closure:Illuminate\\Pipeline\\Pipeline::carry():184}:185}()
#48 /home/pranjal/Pranjal/vscode/Files/core/vendor/laravel/framework/src/Illuminate/Pipeline/Pipeline.php(209): Illuminate\\Http\\Middleware\\HandleCors->handle()
#49 /home/pranjal/Pranjal/vscode/Files/core/vendor/laravel/framework/src/Illuminate/Http/Middleware/TrustProxies.php(58): Illuminate\\Pipeline\\Pipeline->{closure:{closure:Illuminate\\Pipeline\\Pipeline::carry():184}:185}()
#50 /home/pranjal/Pranjal/vscode/Files/core/vendor/laravel/framework/src/Illuminate/Pipeline/Pipeline.php(209): Illuminate\\Http\\Middleware\\TrustProxies->handle()
#51 /home/pranjal/Pranjal/vscode/Files/core/vendor/laravel/framework/src/Illuminate/Foundation/Http/Middleware/InvokeDeferredCallbacks.php(22): Illuminate\\Pipeline\\Pipeline->{closure:{closure:Illuminate\\Pipeline\\Pipeline::carry():184}:185}()
#52 /home/pranjal/Pranjal/vscode/Files/core/vendor/laravel/framework/src/Illuminate/Pipeline/Pipeline.php(209): Illuminate\\Foundation\\Http\\Middleware\\InvokeDeferredCallbacks->handle()
#53 /home/pranjal/Pranjal/vscode/Files/core/vendor/laramin/utility/src/Utility.php(15): Illuminate\\Pipeline\\Pipeline->{closure:{closure:Illuminate\\Pipeline\\Pipeline::carry():184}:185}()
#54 /home/pranjal/Pranjal/vscode/Files/core/vendor/laravel/framework/src/Illuminate/Pipeline/Pipeline.php(209): Laramin\\Utility\\Utility->handle()
#55 /home/pranjal/Pranjal/vscode/Files/core/vendor/laravel/framework/src/Illuminate/Pipeline/Pipeline.php(127): Illuminate\\Pipeline\\Pipeline->{closure:{closure:Illuminate\\Pipeline\\Pipeline::carry():184}:185}()
#56 /home/pranjal/Pranjal/vscode/Files/core/vendor/laravel/framework/src/Illuminate/Foundation/Http/Kernel.php(176): Illuminate\\Pipeline\\Pipeline->then()
#57 /home/pranjal/Pranjal/vscode/Files/core/vendor/laravel/framework/src/Illuminate/Foundation/Http/Kernel.php(145): Illuminate\\Foundation\\Http\\Kernel->sendRequestThroughRouter()
#58 /home/pranjal/Pranjal/vscode/Files/core/vendor/laravel/framework/src/Illuminate/Foundation/Application.php(1220): Illuminate\\Foundation\\Http\\Kernel->handle()
#59 /home/pranjal/Pranjal/vscode/Files/index.php(17): Illuminate\\Foundation\\Application->handleRequest()
#60 {main}

[previous exception] [object] (Illuminate\\View\\ViewException(code: 0): Undefined array key \"version\" (View: /home/pranjal/Pranjal/vscode/Files/core/resources/views/admin/layouts/app.blade.php) at /home/pranjal/Pranjal/vscode/Files/core/app/Providers/AppServiceProvider.php:60)
[stacktrace]
#0 /home/pranjal/Pranjal/vscode/Files/core/vendor/laravel/framework/src/Illuminate/View/Engines/PhpEngine.php(60): Illuminate\\View\\Engines\\CompilerEngine->handleViewException()
#1 /home/pranjal/Pranjal/vscode/Files/core/vendor/laravel/framework/src/Illuminate/View/Engines/CompilerEngine.php(75): Illuminate\\View\\Engines\\PhpEngine->evaluatePath()
#2 /home/pranjal/Pranjal/vscode/Files/core/vendor/laravel/framework/src/Illuminate/View/View.php(209): Illuminate\\View\\Engines\\CompilerEngine->get()
#3 /home/pranjal/Pranjal/vscode/Files/core/vendor/laravel/framework/src/Illuminate/View/View.php(192): Illuminate\\View\\View->getContents()
#4 /home/pranjal/Pranjal/vscode/Files/core/vendor/laravel/framework/src/Illuminate/View/View.php(161): Illuminate\\View\\View->renderContents()
#5 /home/pranjal/Pranjal/vscode/Files/core/storage/framework/views/352e4f31816487ef220ed296bddaef8a.php(341): Illuminate\\View\\View->render()
#6 /home/pranjal/Pranjal/vscode/Files/core/vendor/laravel/framework/src/Illuminate/Filesystem/Filesystem.php(123): require('...')
#7 /home/pranjal/Pranjal/vscode/Files/core/vendor/laravel/framework/src/Illuminate/Filesystem/Filesystem.php(124): Illuminate\\Filesystem\\Filesystem::{closure:Illuminate\\Filesystem\\Filesystem::getRequire():120}()
#8 /home/pranjal/Pranjal/vscode/Files/core/vendor/laravel/framework/src/Illuminate/View/Engines/PhpEngine.php(58): Illuminate\\Filesystem\\Filesystem->getRequire()
#9 /home/pranjal/Pranjal/vscode/Files/core/vendor/laravel/framework/src/Illuminate/View/Engines/CompilerEngine.php(75): Illuminate\\View\\Engines\\PhpEngine->evaluatePath()
#10 /home/pranjal/Pranjal/vscode/Files/core/vendor/laravel/framework/src/Illuminate/View/View.php(209): Illuminate\\View\\Engines\\CompilerEngine->get()
#11 /home/pranjal/Pranjal/vscode/Files/core/vendor/laravel/framework/src/Illuminate/View/View.php(192): Illuminate\\View\\View->getContents()
#12 /home/pranjal/Pranjal/vscode/Files/core/vendor/laravel/framework/src/Illuminate/View/View.php(161): Illuminate\\View\\View->renderContents()
#13 /home/pranjal/Pranjal/vscode/Files/core/vendor/laravel/framework/src/Illuminate/Http/Response.php(79): Illuminate\\View\\View->render()
#14 /home/pranjal/Pranjal/vscode/Files/core/vendor/laravel/framework/src/Illuminate/Http/Response.php(35): Illuminate\\Http\\Response->setContent()
#15 /home/pranjal/Pranjal/vscode/Files/core/vendor/laravel/framework/src/Illuminate/Routing/Router.php(920): Illuminate\\Http\\Response->__construct()
#16 /home/pranjal/Pranjal/vscode/Files/core/vendor/laravel/framework/src/Illuminate/Routing/Router.php(887): Illuminate\\Routing\\Router::toResponse()
#17 /home/pranjal/Pranjal/vscode/Files/core/vendor/laravel/framework/src/Illuminate/Routing/Router.php(807): Illuminate\\Routing\\Router->prepareResponse()
#18 /home/pranjal/Pranjal/vscode/Files/core/vendor/laravel/framework/src/Illuminate/Pipeline/Pipeline.php(170): Illuminate\\Routing\\Router->{closure:Illuminate\\Routing\\Router::runRouteWithinStack():807}()
#19 /home/pranjal/Pranjal/vscode/Files/core/app/Http/Middleware/RedirectIfNotAdmin.php(22): Illuminate\\Pipeline\\Pipeline->{closure:Illuminate\\Pipeline\\Pipeline::prepareDestination():168}()
#20 /home/pranjal/Pranjal/vscode/Files/core/vendor/laravel/framework/src/Illuminate/Pipeline/Pipeline.php(209): App\\Http\\Middleware\\RedirectIfNotAdmin->handle()
#21 /home/pranjal/Pranjal/vscode/Files/core/app/Http/Middleware/ActiveTemplateMiddleware.php(31): Illuminate\\Pipeline\\Pipeline->{closure:{closure:Illuminate\\Pipeline\\Pipeline::carry():184}:185}()
#22 /home/pranjal/Pranjal/vscode/Files/core/vendor/laravel/framework/src/Illuminate/Pipeline/Pipeline.php(209): App\\Http\\Middleware\\ActiveTemplateMiddleware->handle()
#23 /home/pranjal/Pranjal/vscode/Files/core/app/Http/Middleware/LanguageMiddleware.php(22): Illuminate\\Pipeline\\Pipeline->{closure:{closure:Illuminate\\Pipeline\\Pipeline::carry():184}:185}()
#24 /home/pranjal/Pranjal/vscode/Files/core/vendor/laravel/framework/src/Illuminate/Pipeline/Pipeline.php(209): App\\Http\\Middleware\\LanguageMiddleware->handle()
#25 /home/pranjal/Pranjal/vscode/Files/core/vendor/laravel/framework/src/Illuminate/Routing/Middleware/SubstituteBindings.php(51): Illuminate\\Pipeline\\Pipeline->{closure:{closure:Illuminate\\Pipeline\\Pipeline::carry():184}:185}()
#26 /home/pranjal/Pranjal/vscode/Files/core/vendor/laravel/framework/src/Illuminate/Pipeline/Pipeline.php(209): Illuminate\\Routing\\Middleware\\SubstituteBindings->handle()
#27 /home/pranjal/Pranjal/vscode/Files/core/vendor/laravel/framework/src/Illuminate/Foundation/Http/Middleware/VerifyCsrfToken.php(88): Illuminate\\Pipeline\\Pipeline->{closure:{closure:Illuminate\\Pipeline\\Pipeline::carry():184}:185}()
#28 /home/pranjal/Pranjal/vscode/Files/core/vendor/laravel/framework/src/Illuminate/Pipeline/Pipeline.php(209): Illuminate\\Foundation\\Http\\Middleware\\VerifyCsrfToken->handle()
#29 /home/pranjal/Pranjal/vscode/Files/core/vendor/laravel/framework/src/Illuminate/View/Middleware/ShareErrorsFromSession.php(49): Illuminate\\Pipeline\\Pipeline->{closure:{closure:Illuminate\\Pipeline\\Pipeline::carry():184}:185}()
#30 /home/pranjal/Pranjal/vscode/Files/core/vendor/laravel/framework/src/Illuminate/Pipeline/Pipeline.php(209): Illuminate\\View\\Middleware\\ShareErrorsFromSession->handle()
#31 /home/pranjal/Pranjal/vscode/Files/core/vendor/laravel/framework/src/Illuminate/Session/Middleware/StartSession.php(121): Illuminate\\Pipeline\\Pipeline->{closure:{closure:Illuminate\\Pipeline\\Pipeline::carry():184}:185}()
#32 /home/pranjal/Pranjal/vscode/Files/core/vendor/laravel/framework/src/Illuminate/Session/Middleware/StartSession.php(64): Illuminate\\Session\\Middleware\\StartSession->handleStatefulRequest()
#33 /home/pranjal/Pranjal/vscode/Files/core/vendor/laravel/framework/src/Illuminate/Pipeline/Pipeline.php(209): Illuminate\\Session\\Middleware\\StartSession->handle()
#34 /home/pranjal/Pranjal/vscode/Files/core/vendor/laravel/framework/src/Illuminate/Cookie/Middleware/AddQueuedCookiesToResponse.php(37): Illuminate\\Pipeline\\Pipeline->{closure:{closure:Illuminate\\Pipeline\\Pipeline::carry():184}:185}()
#35 /home/pranjal/Pranjal/vscode/Files/core/vendor/laravel/framework/src/Illuminate/Pipeline/Pipeline.php(209): Illuminate\\Cookie\\Middleware\\AddQueuedCookiesToResponse->handle()
#36 /home/pranjal/Pranjal/vscode/Files/core/vendor/laramin/utility/src/Utility.php(15): Illuminate\\Pipeline\\Pipeline->{closure:{closure:Illuminate\\Pipeline\\Pipeline::carry():184}:185}()
#37 /home/pranjal/Pranjal/vscode/Files/core/vendor/laravel/framework/src/Illuminate/Pipeline/Pipeline.php(209): Laramin\\Utility\\Utility->handle()
#38 /home/pranjal/Pranjal/vscode/Files/core/vendor/laravel/framework/src/Illuminate/Pipeline/Pipeline.php(127): Illuminate\\Pipeline\\Pipeline->{closure:{closure:Illuminate\\Pipeline\\Pipeline::carry():184}:185}()
#39 /home/pranjal/Pranjal/vscode/Files/core/vendor/laravel/framework/src/Illuminate/Routing/Router.php(807): Illuminate\\Pipeline\\Pipeline->then()
#40 /home/pranjal/Pranjal/vscode/Files/core/vendor/laravel/framework/src/Illuminate/Routing/Router.php(786): Illuminate\\Routing\\Router->runRouteWithinStack()
#41 /home/pranjal/Pranjal/vscode/Files/core/vendor/laravel/framework/src/Illuminate/Routing/Router.php(750): Illuminate\\Routing\\Router->runRoute()
#42 /home/pranjal/Pranjal/vscode/Files/core/vendor/laravel/framework/src/Illuminate/Routing/Router.php(739): Illuminate\\Routing\\Router->dispatchToRoute()
#43 /home/pranjal/Pranjal/vscode/Files/core/vendor/laravel/framework/src/Illuminate/Foundation/Http/Kernel.php(201): Illuminate\\Routing\\Router->dispatch()
#44 /home/pranjal/Pranjal/vscode/Files/core/vendor/laravel/framework/src/Illuminate/Pipeline/Pipeline.php(170): Illuminate\\Foundation\\Http\\Kernel->{closure:Illuminate\\Foundation\\Http\\Kernel::dispatchToRouter():198}()
#45 /home/pranjal/Pranjal/vscode/Files/core/vendor/laravel/framework/src/Illuminate/Foundation/Http/Middleware/TransformsRequest.php(21): Illuminate\\Pipeline\\Pipeline->{closure:Illuminate\\Pipeline\\Pipeline::prepareDestination():168}()
#46 /home/pranjal/Pranjal/vscode/Files/core/vendor/laravel/framework/src/Illuminate/Foundation/Http/Middleware/ConvertEmptyStringsToNull.php(31): Illuminate\\Foundation\\Http\\Middleware\\TransformsRequest->handle()
#47 /home/pranjal/Pranjal/vscode/Files/core/vendor/laravel/framework/src/Illuminate/Pipeline/Pipeline.php(209): Illuminate\\Foundation\\Http\\Middleware\\ConvertEmptyStringsToNull->handle()
#48 /home/pranjal/Pranjal/vscode/Files/core/vendor/laravel/framework/src/Illuminate/Foundation/Http/Middleware/TransformsRequest.php(21): Illuminate\\Pipeline\\Pipeline->{closure:{closure:Illuminate\\Pipeline\\Pipeline::carry():184}:185}()
#49 /home/pranjal/Pranjal/vscode/Files/core/vendor/laravel/framework/src/Illuminate/Foundation/Http/Middleware/TrimStrings.php(51): Illuminate\\Foundation\\Http\\Middleware\\TransformsRequest->handle()
#50 /home/pranjal/Pranjal/vscode/Files/core/vendor/laravel/framework/src/Illuminate/Pipeline/Pipeline.php(209): Illuminate\\Foundation\\Http\\Middleware\\TrimStrings->handle()
#51 /home/pranjal/Pranjal/vscode/Files/core/vendor/laravel/framework/src/Illuminate/Http/Middleware/ValidatePostSize.php(27): Illuminate\\Pipeline\\Pipeline->{closure:{closure:Illuminate\\Pipeline\\Pipeline::carry():184}:185}()
#52 /home/pranjal/Pranjal/vscode/Files/core/vendor/laravel/framework/src/Illuminate/Pipeline/Pipeline.php(209): Illuminate\\Http\\Middleware\\ValidatePostSize->handle()
#53 /home/pranjal/Pranjal/vscode/Files/core/vendor/laravel/framework/src/Illuminate/Foundation/Http/Middleware/PreventRequestsDuringMaintenance.php(110): Illuminate\\Pipeline\\Pipeline->{closure:{closure:Illuminate\\Pipeline\\Pipeline::carry():184}:185}()
#54 /home/pranjal/Pranjal/vscode/Files/core/vendor/laravel/framework/src/Illuminate/Pipeline/Pipeline.php(209): Illuminate\\Foundation\\Http\\Middleware\\PreventRequestsDuringMaintenance->handle()
#55 /home/pranjal/Pranjal/vscode/Files/core/vendor/laravel/framework/src/Illuminate/Http/Middleware/HandleCors.php(49): Illuminate\\Pipeline\\Pipeline->{closure:{closure:Illuminate\\Pipeline\\Pipeline::carry():184}:185}()
#56 /home/pranjal/Pranjal/vscode/Files/core/vendor/laravel/framework/src/Illuminate/Pipeline/Pipeline.php(209): Illuminate\\Http\\Middleware\\HandleCors->handle()
#57 /home/pranjal/Pranjal/vscode/Files/core/vendor/laravel/framework/src/Illuminate/Http/Middleware/TrustProxies.php(58): Illuminate\\Pipeline\\Pipeline->{closure:{closure:Illuminate\\Pipeline\\Pipeline::carry():184}:185}()
#58 /home/pranjal/Pranjal/vscode/Files/core/vendor/laravel/framework/src/Illuminate/Pipeline/Pipeline.php(209): Illuminate\\Http\\Middleware\\TrustProxies->handle()
#59 /home/pranjal/Pranjal/vscode/Files/core/vendor/laravel/framework/src/Illuminate/Foundation/Http/Middleware/InvokeDeferredCallbacks.php(22): Illuminate\\Pipeline\\Pipeline->{closure:{closure:Illuminate\\Pipeline\\Pipeline::carry():184}:185}()
#60 /home/pranjal/Pranjal/vscode/Files/core/vendor/laravel/framework/src/Illuminate/Pipeline/Pipeline.php(209): Illuminate\\Foundation\\Http\\Middleware\\InvokeDeferredCallbacks->handle()
#61 /home/pranjal/Pranjal/vscode/Files/core/vendor/laramin/utility/src/Utility.php(15): Illuminate\\Pipeline\\Pipeline->{closure:{closure:Illuminate\\Pipeline\\Pipeline::carry():184}:185}()
#62 /home/pranjal/Pranjal/vscode/Files/core/vendor/laravel/framework/src/Illuminate/Pipeline/Pipeline.php(209): Laramin\\Utility\\Utility->handle()
#63 /home/pranjal/Pranjal/vscode/Files/core/vendor/laravel/framework/src/Illuminate/Pipeline/Pipeline.php(127): Illuminate\\Pipeline\\Pipeline->{closure:{closure:Illuminate\\Pipeline\\Pipeline::carry():184}:185}()
#64 /home/pranjal/Pranjal/vscode/Files/core/vendor/laravel/framework/src/Illuminate/Foundation/Http/Kernel.php(176): Illuminate\\Pipeline\\Pipeline->then()
#65 /home/pranjal/Pranjal/vscode/Files/core/vendor/laravel/framework/src/Illuminate/Foundation/Http/Kernel.php(145): Illuminate\\Foundation\\Http\\Kernel->sendRequestThroughRouter()
#66 /home/pranjal/Pranjal/vscode/Files/core/vendor/laravel/framework/src/Illuminate/Foundation/Application.php(1220): Illuminate\\Foundation\\Http\\Kernel->handle()
#67 /home/pranjal/Pranjal/vscode/Files/index.php(17): Illuminate\\Foundation\\Application->handleRequest()
#68 {main}

[previous exception] [object] (ErrorException(code: 0): Undefined array key \"version\" at /home/pranjal/Pranjal/vscode/Files/core/app/Providers/AppServiceProvider.php:60)
[stacktrace]
#0 /home/pranjal/Pranjal/vscode/Files/core/vendor/laravel/framework/src/Illuminate/Foundation/Bootstrap/HandleExceptions.php(258): Illuminate\\Foundation\\Bootstrap\\HandleExceptions->handleError()
#1 /home/pranjal/Pranjal/vscode/Files/core/app/Providers/AppServiceProvider.php(60): Illuminate\\Foundation\\Bootstrap\\HandleExceptions->{closure:Illuminate\\Foundation\\Bootstrap\\HandleExceptions::forwardsTo():257}()
#2 /home/pranjal/Pranjal/vscode/Files/core/vendor/laravel/framework/src/Illuminate/Events/Dispatcher.php(459): App\\Providers\\AppServiceProvider->{closure:App\\Providers\\AppServiceProvider::boot():51}()
#3 /home/pranjal/Pranjal/vscode/Files/core/vendor/laravel/framework/src/Illuminate/Events/Dispatcher.php(287): Illuminate\\Events\\Dispatcher->{closure:Illuminate\\Events\\Dispatcher::makeListener():454}()
#4 /home/pranjal/Pranjal/vscode/Files/core/vendor/laravel/framework/src/Illuminate/Events/Dispatcher.php(267): Illuminate\\Events\\Dispatcher->invokeListeners()
#5 /home/pranjal/Pranjal/vscode/Files/core/vendor/laravel/framework/src/Illuminate/View/Concerns/ManagesEvents.php(178): Illuminate\\Events\\Dispatcher->dispatch()
#6 /home/pranjal/Pranjal/vscode/Files/core/vendor/laravel/framework/src/Illuminate/View/View.php(190): Illuminate\\View\\Factory->callComposer()
#7 /home/pranjal/Pranjal/vscode/Files/core/vendor/laravel/framework/src/Illuminate/View/View.php(161): Illuminate\\View\\View->renderContents()
#8 /home/pranjal/Pranjal/vscode/Files/core/storage/framework/views/bd994467445c0c077eb81ef6ab510c57.php(7): Illuminate\\View\\View->render()
#9 /home/pranjal/Pranjal/vscode/Files/core/vendor/laravel/framework/src/Illuminate/Filesystem/Filesystem.php(123): require('...')
#10 /home/pranjal/Pranjal/vscode/Files/core/vendor/laravel/framework/src/Illuminate/Filesystem/Filesystem.php(124): Illuminate\\Filesystem\\Filesystem::{closure:Illuminate\\Filesystem\\Filesystem::getRequire():120}()
#11 /home/pranjal/Pranjal/vscode/Files/core/vendor/laravel/framework/src/Illuminate/View/Engines/PhpEngine.php(58): Illuminate\\Filesystem\\Filesystem->getRequire()
#12 /home/pranjal/Pranjal/vscode/Files/core/vendor/laravel/framework/src/Illuminate/View/Engines/CompilerEngine.php(75): Illuminate\\View\\Engines\\PhpEngine->evaluatePath()
#13 /home/pranjal/Pranjal/vscode/Files/core/vendor/laravel/framework/src/Illuminate/View/View.php(209): Illuminate\\View\\Engines\\CompilerEngine->get()
#14 /home/pranjal/Pranjal/vscode/Files/core/vendor/laravel/framework/src/Illuminate/View/View.php(192): Illuminate\\View\\View->getContents()
#15 /home/pranjal/Pranjal/vscode/Files/core/vendor/laravel/framework/src/Illuminate/View/View.php(161): Illuminate\\View\\View->renderContents()
#16 /home/pranjal/Pranjal/vscode/Files/core/storage/framework/views/352e4f31816487ef220ed296bddaef8a.php(341): Illuminate\\View\\View->render()
#17 /home/pranjal/Pranjal/vscode/Files/core/vendor/laravel/framework/src/Illuminate/Filesystem/Filesystem.php(123): require('...')
#18 /home/pranjal/Pranjal/vscode/Files/core/vendor/laravel/framework/src/Illuminate/Filesystem/Filesystem.php(124): Illuminate\\Filesystem\\Filesystem::{closure:Illuminate\\Filesystem\\Filesystem::getRequire():120}()
#19 /home/pranjal/Pranjal/vscode/Files/core/vendor/laravel/framework/src/Illuminate/View/Engines/PhpEngine.php(58): Illuminate\\Filesystem\\Filesystem->getRequire()
#20 /home/pranjal/Pranjal/vscode/Files/core/vendor/laravel/framework/src/Illuminate/View/Engines/CompilerEngine.php(75): Illuminate\\View\\Engines\\PhpEngine->evaluatePath()
#21 /home/pranjal/Pranjal/vscode/Files/core/vendor/laravel/framework/src/Illuminate/View/View.php(209): Illuminate\\View\\Engines\\CompilerEngine->get()
#22 /home/pranjal/Pranjal/vscode/Files/core/vendor/laravel/framework/src/Illuminate/View/View.php(192): Illuminate\\View\\View->getContents()
#23 /home/pranjal/Pranjal/vscode/Files/core/vendor/laravel/framework/src/Illuminate/View/View.php(161): Illuminate\\View\\View->renderContents()
#24 /home/pranjal/Pranjal/vscode/Files/core/vendor/laravel/framework/src/Illuminate/Http/Response.php(79): Illuminate\\View\\View->render()
#25 /home/pranjal/Pranjal/vscode/Files/core/vendor/laravel/framework/src/Illuminate/Http/Response.php(35): Illuminate\\Http\\Response->setContent()
#26 /home/pranjal/Pranjal/vscode/Files/core/vendor/laravel/framework/src/Illuminate/Routing/Router.php(920): Illuminate\\Http\\Response->__construct()
#27 /home/pranjal/Pranjal/vscode/Files/core/vendor/laravel/framework/src/Illuminate/Routing/Router.php(887): Illuminate\\Routing\\Router::toResponse()
#28 /home/pranjal/Pranjal/vscode/Files/core/vendor/laravel/framework/src/Illuminate/Routing/Router.php(807): Illuminate\\Routing\\Router->prepareResponse()
#29 /home/pranjal/Pranjal/vscode/Files/core/vendor/laravel/framework/src/Illuminate/Pipeline/Pipeline.php(170): Illuminate\\Routing\\Router->{closure:Illuminate\\Routing\\Router::runRouteWithinStack():807}()
#30 /home/pranjal/Pranjal/vscode/Files/core/app/Http/Middleware/RedirectIfNotAdmin.php(22): Illuminate\\Pipeline\\Pipeline->{closure:Illuminate\\Pipeline\\Pipeline::prepareDestination():168}()
#31 /home/pranjal/Pranjal/vscode/Files/core/vendor/laravel/framework/src/Illuminate/Pipeline/Pipeline.php(209): App\\Http\\Middleware\\RedirectIfNotAdmin->handle()
#32 /home/pranjal/Pranjal/vscode/Files/core/app/Http/Middleware/ActiveTemplateMiddleware.php(31): Illuminate\\Pipeline\\Pipeline->{closure:{closure:Illuminate\\Pipeline\\Pipeline::carry():184}:185}()
#33 /home/pranjal/Pranjal/vscode/Files/core/vendor/laravel/framework/src/Illuminate/Pipeline/Pipeline.php(209): App\\Http\\Middleware\\ActiveTemplateMiddleware->handle()
#34 /home/pranjal/Pranjal/vscode/Files/core/app/Http/Middleware/LanguageMiddleware.php(22): Illuminate\\Pipeline\\Pipeline->{closure:{closure:Illuminate\\Pipeline\\Pipeline::carry():184}:185}()
#35 /home/pranjal/Pranjal/vscode/Files/core/vendor/laravel/framework/src/Illuminate/Pipeline/Pipeline.php(209): App\\Http\\Middleware\\LanguageMiddleware->handle()
#36 /home/pranjal/Pranjal/vscode/Files/core/vendor/laravel/framework/src/Illuminate/Routing/Middleware/SubstituteBindings.php(51): Illuminate\\Pipeline\\Pipeline->{closure:{closure:Illuminate\\Pipeline\\Pipeline::carry():184}:185}()
#37 /home/pranjal/Pranjal/vscode/Files/core/vendor/laravel/framework/src/Illuminate/Pipeline/Pipeline.php(209): Illuminate\\Routing\\Middleware\\SubstituteBindings->handle()
#38 /home/pranjal/Pranjal/vscode/Files/core/vendor/laravel/framework/src/Illuminate/Foundation/Http/Middleware/VerifyCsrfToken.php(88): Illuminate\\Pipeline\\Pipeline->{closure:{closure:Illuminate\\Pipeline\\Pipeline::carry():184}:185}()
#39 /home/pranjal/Pranjal/vscode/Files/core/vendor/laravel/framework/src/Illuminate/Pipeline/Pipeline.php(209): Illuminate\\Foundation\\Http\\Middleware\\VerifyCsrfToken->handle()
#40 /home/pranjal/Pranjal/vscode/Files/core/vendor/laravel/framework/src/Illuminate/View/Middleware/ShareErrorsFromSession.php(49): Illuminate\\Pipeline\\Pipeline->{closure:{closure:Illuminate\\Pipeline\\Pipeline::carry():184}:185}()
#41 /home/pranjal/Pranjal/vscode/Files/core/vendor/laravel/framework/src/Illuminate/Pipeline/Pipeline.php(209): Illuminate\\View\\Middleware\\ShareErrorsFromSession->handle()
#42 /home/pranjal/Pranjal/vscode/Files/core/vendor/laravel/framework/src/Illuminate/Session/Middleware/StartSession.php(121): Illuminate\\Pipeline\\Pipeline->{closure:{closure:Illuminate\\Pipeline\\Pipeline::carry():184}:185}()
#43 /home/pranjal/Pranjal/vscode/Files/core/vendor/laravel/framework/src/Illuminate/Session/Middleware/StartSession.php(64): Illuminate\\Session\\Middleware\\StartSession->handleStatefulRequest()
#44 /home/pranjal/Pranjal/vscode/Files/core/vendor/laravel/framework/src/Illuminate/Pipeline/Pipeline.php(209): Illuminate\\Session\\Middleware\\StartSession->handle()
#45 /home/pranjal/Pranjal/vscode/Files/core/vendor/laravel/framework/src/Illuminate/Cookie/Middleware/AddQueuedCookiesToResponse.php(37): Illuminate\\Pipeline\\Pipeline->{closure:{closure:Illuminate\\Pipeline\\Pipeline::carry():184}:185}()
#46 /home/pranjal/Pranjal/vscode/Files/core/vendor/laravel/framework/src/Illuminate/Pipeline/Pipeline.php(209): Illuminate\\Cookie\\Middleware\\AddQueuedCookiesToResponse->handle()
#47 /home/pranjal/Pranjal/vscode/Files/core/vendor/laramin/utility/src/Utility.php(15): Illuminate\\Pipeline\\Pipeline->{closure:{closure:Illuminate\\Pipeline\\Pipeline::carry():184}:185}()
#48 /home/pranjal/Pranjal/vscode/Files/core/vendor/laravel/framework/src/Illuminate/Pipeline/Pipeline.php(209): Laramin\\Utility\\Utility->handle()
#49 /home/pranjal/Pranjal/vscode/Files/core/vendor/laravel/framework/src/Illuminate/Pipeline/Pipeline.php(127): Illuminate\\Pipeline\\Pipeline->{closure:{closure:Illuminate\\Pipeline\\Pipeline::carry():184}:185}()
#50 /home/pranjal/Pranjal/vscode/Files/core/vendor/laravel/framework/src/Illuminate/Routing/Router.php(807): Illuminate\\Pipeline\\Pipeline->then()
#51 /home/pranjal/Pranjal/vscode/Files/core/vendor/laravel/framework/src/Illuminate/Routing/Router.php(786): Illuminate\\Routing\\Router->runRouteWithinStack()
#52 /home/pranjal/Pranjal/vscode/Files/core/vendor/laravel/framework/src/Illuminate/Routing/Router.php(750): Illuminate\\Routing\\Router->runRoute()
#53 /home/pranjal/Pranjal/vscode/Files/core/vendor/laravel/framework/src/Illuminate/Routing/Router.php(739): Illuminate\\Routing\\Router->dispatchToRoute()
#54 /home/pranjal/Pranjal/vscode/Files/core/vendor/laravel/framework/src/Illuminate/Foundation/Http/Kernel.php(201): Illuminate\\Routing\\Router->dispatch()
#55 /home/pranjal/Pranjal/vscode/Files/core/vendor/laravel/framework/src/Illuminate/Pipeline/Pipeline.php(170): Illuminate\\Foundation\\Http\\Kernel->{closure:Illuminate\\Foundation\\Http\\Kernel::dispatchToRouter():198}()
#56 /home/pranjal/Pranjal/vscode/Files/core/vendor/laravel/framework/src/Illuminate/Foundation/Http/Middleware/TransformsRequest.php(21): Illuminate\\Pipeline\\Pipeline->{closure:Illuminate\\Pipeline\\Pipeline::prepareDestination():168}()
#57 /home/pranjal/Pranjal/vscode/Files/core/vendor/laravel/framework/src/Illuminate/Foundation/Http/Middleware/ConvertEmptyStringsToNull.php(31): Illuminate\\Foundation\\Http\\Middleware\\TransformsRequest->handle()
#58 /home/pranjal/Pranjal/vscode/Files/core/vendor/laravel/framework/src/Illuminate/Pipeline/Pipeline.php(209): Illuminate\\Foundation\\Http\\Middleware\\ConvertEmptyStringsToNull->handle()
#59 /home/pranjal/Pranjal/vscode/Files/core/vendor/laravel/framework/src/Illuminate/Foundation/Http/Middleware/TransformsRequest.php(21): Illuminate\\Pipeline\\Pipeline->{closure:{closure:Illuminate\\Pipeline\\Pipeline::carry():184}:185}()
#60 /home/pranjal/Pranjal/vscode/Files/core/vendor/laravel/framework/src/Illuminate/Foundation/Http/Middleware/TrimStrings.php(51): Illuminate\\Foundation\\Http\\Middleware\\TransformsRequest->handle()
#61 /home/pranjal/Pranjal/vscode/Files/core/vendor/laravel/framework/src/Illuminate/Pipeline/Pipeline.php(209): Illuminate\\Foundation\\Http\\Middleware\\TrimStrings->handle()
#62 /home/pranjal/Pranjal/vscode/Files/core/vendor/laravel/framework/src/Illuminate/Http/Middleware/ValidatePostSize.php(27): Illuminate\\Pipeline\\Pipeline->{closure:{closure:Illuminate\\Pipeline\\Pipeline::carry():184}:185}()
#63 /home/pranjal/Pranjal/vscode/Files/core/vendor/laravel/framework/src/Illuminate/Pipeline/Pipeline.php(209): Illuminate\\Http\\Middleware\\ValidatePostSize->handle()
#64 /home/pranjal/Pranjal/vscode/Files/core/vendor/laravel/framework/src/Illuminate/Foundation/Http/Middleware/PreventRequestsDuringMaintenance.php(110): Illuminate\\Pipeline\\Pipeline->{closure:{closure:Illuminate\\Pipeline\\Pipeline::carry():184}:185}()
#65 /home/pranjal/Pranjal/vscode/Files/core/vendor/laravel/framework/src/Illuminate/Pipeline/Pipeline.php(209): Illuminate\\Foundation\\Http\\Middleware\\PreventRequestsDuringMaintenance->handle()
#66 /home/pranjal/Pranjal/vscode/Files/core/vendor/laravel/framework/src/Illuminate/Http/Middleware/HandleCors.php(49): Illuminate\\Pipeline\\Pipeline->{closure:{closure:Illuminate\\Pipeline\\Pipeline::carry():184}:185}()
#67 /home/pranjal/Pranjal/vscode/Files/core/vendor/laravel/framework/src/Illuminate/Pipeline/Pipeline.php(209): Illuminate\\Http\\Middleware\\HandleCors->handle()
#68 /home/pranjal/Pranjal/vscode/Files/core/vendor/laravel/framework/src/Illuminate/Http/Middleware/TrustProxies.php(58): Illuminate\\Pipeline\\Pipeline->{closure:{closure:Illuminate\\Pipeline\\Pipeline::carry():184}:185}()
#69 /home/pranjal/Pranjal/vscode/Files/core/vendor/laravel/framework/src/Illuminate/Pipeline/Pipeline.php(209): Illuminate\\Http\\Middleware\\TrustProxies->handle()
#70 /home/pranjal/Pranjal/vscode/Files/core/vendor/laravel/framework/src/Illuminate/Foundation/Http/Middleware/InvokeDeferredCallbacks.php(22): Illuminate\\Pipeline\\Pipeline->{closure:{closure:Illuminate\\Pipeline\\Pipeline::carry():184}:185}()
#71 /home/pranjal/Pranjal/vscode/Files/core/vendor/laravel/framework/src/Illuminate/Pipeline/Pipeline.php(209): Illuminate\\Foundation\\Http\\Middleware\\InvokeDeferredCallbacks->handle()
#72 /home/pranjal/Pranjal/vscode/Files/core/vendor/laramin/utility/src/Utility.php(15): Illuminate\\Pipeline\\Pipeline->{closure:{closure:Illuminate\\Pipeline\\Pipeline::carry():184}:185}()
#73 /home/pranjal/Pranjal/vscode/Files/core/vendor/laravel/framework/src/Illuminate/Pipeline/Pipeline.php(209): Laramin\\Utility\\Utility->handle()
#74 /home/pranjal/Pranjal/vscode/Files/core/vendor/laravel/framework/src/Illuminate/Pipeline/Pipeline.php(127): Illuminate\\Pipeline\\Pipeline->{closure:{closure:Illuminate\\Pipeline\\Pipeline::carry():184}:185}()
#75 /home/pranjal/Pranjal/vscode/Files/core/vendor/laravel/framework/src/Illuminate/Foundation/Http/Kernel.php(176): Illuminate\\Pipeline\\Pipeline->then()
#76 /home/pranjal/Pranjal/vscode/Files/core/vendor/laravel/framework/src/Illuminate/Foundation/Http/Kernel.php(145): Illuminate\\Foundation\\Http\\Kernel->sendRequestThroughRouter()
#77 /home/pranjal/Pranjal/vscode/Files/core/vendor/laravel/framework/src/Illuminate/Foundation/Application.php(1220): Illuminate\\Foundation\\Http\\Kernel->handle()
#78 /home/pranjal/Pranjal/vscode/Files/index.php(17): Illuminate\\Foundation\\Application->handleRequest()
#79 {main}
"} 
[2026-07-26 16:35:40] production.ERROR: Undefined array key "version" (View: /home/pranjal/Pranjal/vscode/Files/core/resources/views/admin/layouts/app.blade.php) (View: /home/pranjal/Pranjal/vscode/Files/core/resources/views/admin/layouts/app.blade.php) {"exception":"[object] (Illuminate\\View\\ViewException(code: 0): Undefined array key \"version\" (View: /home/pranjal/Pranjal/vscode/Files/core/resources/views/admin/layouts/app.blade.php) (View: /home/pranjal/Pranjal/vscode/Files/core/resources/views/admin/layouts/app.blade.php) at /home/pranjal/Pranjal/vscode/Files/core/app/Providers/AppServiceProvider.php:60)
[stacktrace]
#0 /home/pranjal/Pranjal/vscode/Files/core/vendor/laravel/framework/src/Illuminate/View/Engines/PhpEngine.php(60): Illuminate\\View\\Engines\\CompilerEngine->handleViewException()
#1 /home/pranjal/Pranjal/vscode/Files/core/vendor/laravel/framework/src/Illuminate/View/Engines/CompilerEngine.php(75): Illuminate\\View\\Engines\\PhpEngine->evaluatePath()
#2 /home/pranjal/Pranjal/vscode/Files/core/vendor/laravel/framework/src/Illuminate/View/View.php(209): Illuminate\\View\\Engines\\CompilerEngine->get()
#3 /home/pranjal/Pranjal/vscode/Files/core/vendor/laravel/framework/src/Illuminate/View/View.php(192): Illuminate\\View\\View->getContents()
#4 /home/pranjal/Pranjal/vscode/Files/core/vendor/laravel/framework/src/Illuminate/View/View.php(161): Illuminate\\View\\View->renderContents()
#5 /home/pranjal/Pranjal/vscode/Files/core/vendor/laravel/framework/src/Illuminate/Http/Response.php(79): Illuminate\\View\\View->render()
#6 /home/pranjal/Pranjal/vscode/Files/core/vendor/laravel/framework/src/Illuminate/Http/Response.php(35): Illuminate\\Http\\Response->setContent()
#7 /home/pranjal/Pranjal/vscode/Files/core/vendor/laravel/framework/src/Illuminate/Routing/Router.php(920): Illuminate\\Http\\Response->__construct()
#8 /home/pranjal/Pranjal/vscode/Files/core/vendor/laravel/framework/src/Illuminate/Routing/Router.php(887): Illuminate\\Routing\\Router::toResponse()
#9 /home/pranjal/Pranjal/vscode/Files/core/vendor/laravel/framework/src/Illuminate/Routing/Router.php(807): Illuminate\\Routing\\Router->prepareResponse()
#10 /home/pranjal/Pranjal/vscode/Files/core/vendor/laravel/framework/src/Illuminate/Pipeline/Pipeline.php(170): Illuminate\\Routing\\Router->{closure:Illuminate\\Routing\\Router::runRouteWithinStack():807}()
#11 /home/pranjal/Pranjal/vscode/Files/core/app/Http/Middleware/RedirectIfNotAdmin.php(22): Illuminate\\Pipeline\\Pipeline->{closure:Illuminate\\Pipeline\\Pipeline::prepareDestination():168}()
#12 /home/pranjal/Pranjal/vscode/Files/core/vendor/laravel/framework/src/Illuminate/Pipeline/Pipeline.php(209): App\\Http\\Middleware\\RedirectIfNotAdmin->handle()
#13 /home/pranjal/Pranjal/vscode/Files/core/app/Http/Middleware/ActiveTemplateMiddleware.php(31): Illuminate\\Pipeline\\Pipeline->{closure:{closure:Illuminate\\Pipeline\\Pipeline::carry():184}:185}()
#14 /home/pranjal/Pranjal/vscode/Files/core/vendor/laravel/framework/src/Illuminate/Pipeline/Pipeline.php(209): App\\Http\\Middleware\\ActiveTemplateMiddleware->handle()
#15 /home/pranjal/Pranjal/vscode/Files/core/app/Http/Middleware/LanguageMiddleware.php(22): Illuminate\\Pipeline\\Pipeline->{closure:{closure:Illuminate\\Pipeline\\Pipeline::carry():184}:185}()
#16 /home/pranjal/Pranjal/vscode/Files/core/vendor/laravel/framework/src/Illuminate/Pipeline/Pipeline.php(209): App\\Http\\Middleware\\LanguageMiddleware->handle()
#17 /home/pranjal/Pranjal/vscode/Files/core/vendor/laravel/framework/src/Illuminate/Routing/Middleware/SubstituteBindings.php(51): Illuminate\\Pipeline\\Pipeline->{closure:{closure:Illuminate\\Pipeline\\Pipeline::carry():184}:185}()
#18 /home/pranjal/Pranjal/vscode/Files/core/vendor/laravel/framework/src/Illuminate/Pipeline/Pipeline.php(209): Illuminate\\Routing\\Middleware\\SubstituteBindings->handle()
#19 /home/pranjal/Pranjal/vscode/Files/core/vendor/laravel/framework/src/Illuminate/Foundation/Http/Middleware/VerifyCsrfToken.php(88): Illuminate\\Pipeline\\Pipeline->{closure:{closure:Illuminate\\Pipeline\\Pipeline::carry():184}:185}()
#20 /home/pranjal/Pranjal/vscode/Files/core/vendor/laravel/framework/src/Illuminate/Pipeline/Pipeline.php(209): Illuminate\\Foundation\\Http\\Middleware\\VerifyCsrfToken->handle()
#21 /home/pranjal/Pranjal/vscode/Files/core/vendor/laravel/framework/src/Illuminate/View/Middleware/ShareErrorsFromSession.php(49): Illuminate\\Pipeline\\Pipeline->{closure:{closure:Illuminate\\Pipeline\\Pipeline::carry():184}:185}()
#22 /home/pranjal/Pranjal/vscode/Files/core/vendor/laravel/framework/src/Illuminate/Pipeline/Pipeline.php(209): Illuminate\\View\\Middleware\\ShareErrorsFromSession->handle()
#23 /home/pranjal/Pranjal/vscode/Files/core/vendor/laravel/framework/src/Illuminate/Session/Middleware/StartSession.php(121): Illuminate\\Pipeline\\Pipeline->{closure:{closure:Illuminate\\Pipeline\\Pipeline::carry():184}:185}()
#24 /home/pranjal/Pranjal/vscode/Files/core/vendor/laravel/framework/src/Illuminate/Session/Middleware/StartSession.php(64): Illuminate\\Session\\Middleware\\StartSession->handleStatefulRequest()
#25 /home/pranjal/Pranjal/vscode/Files/core/vendor/laravel/framework/src/Illuminate/Pipeline/Pipeline.php(209): Illuminate\\Session\\Middleware\\StartSession->handle()
#26 /home/pranjal/Pranjal/vscode/Files/core/vendor/laravel/framework/src/Illuminate/Cookie/Middleware/AddQueuedCookiesToResponse.php(37): Illuminate\\Pipeline\\Pipeline->{closure:{closure:Illuminate\\Pipeline\\Pipeline::carry():184}:185}()
#27 /home/pranjal/Pranjal/vscode/Files/core/vendor/laravel/framework/src/Illuminate/Pipeline/Pipeline.php(209): Illuminate\\Cookie\\Middleware\\AddQueuedCookiesToResponse->handle()
#28 /home/pranjal/Pranjal/vscode/Files/core/vendor/laramin/utility/src/Utility.php(15): Illuminate\\Pipeline\\Pipeline->{closure:{closure:Illuminate\\Pipeline\\Pipeline::carry():184}:185}()
#29 /home/pranjal/Pranjal/vscode/Files/core/vendor/laravel/framework/src/Illuminate/Pipeline/Pipeline.php(209): Laramin\\Utility\\Utility->handle()
#30 /home/pranjal/Pranjal/vscode/Files/core/vendor/laravel/framework/src/Illuminate/Pipeline/Pipeline.php(127): Illuminate\\Pipeline\\Pipeline->{closure:{closure:Illuminate\\Pipeline\\Pipeline::carry():184}:185}()
#31 /home/pranjal/Pranjal/vscode/Files/core/vendor/laravel/framework/src/Illuminate/Routing/Router.php(807): Illuminate\\Pipeline\\Pipeline->then()
#32 /home/pranjal/Pranjal/vscode/Files/core/vendor/laravel/framework/src/Illuminate/Routing/Router.php(786): Illuminate\\Routing\\Router->runRouteWithinStack()
#33 /home/pranjal/Pranjal/vscode/Files/core/vendor/laravel/framework/src/Illuminate/Routing/Router.php(750): Illuminate\\Routing\\Router->runRoute()
#34 /home/pranjal/Pranjal/vscode/Files/core/vendor/laravel/framework/src/Illuminate/Routing/Router.php(739): Illuminate\\Routing\\Router->dispatchToRoute()
#35 /home/pranjal/Pranjal/vscode/Files/core/vendor/laravel/framework/src/Illuminate/Foundation/Http/Kernel.php(201): Illuminate\\Routing\\Router->dispatch()
#36 /home/pranjal/Pranjal/vscode/Files/core/vendor/laravel/framework/src/Illuminate/Pipeline/Pipeline.php(170): Illuminate\\Foundation\\Http\\Kernel->{closure:Illuminate\\Foundation\\Http\\Kernel::dispatchToRouter():198}()
#37 /home/pranjal/Pranjal/vscode/Files/core/vendor/laravel/framework/src/Illuminate/Foundation/Http/Middleware/TransformsRequest.php(21): Illuminate\\Pipeline\\Pipeline->{closure:Illuminate\\Pipeline\\Pipeline::prepareDestination():168}()
#38 /home/pranjal/Pranjal/vscode/Files/core/vendor/laravel/framework/src/Illuminate/Foundation/Http/Middleware/ConvertEmptyStringsToNull.php(31): Illuminate\\Foundation\\Http\\Middleware\\TransformsRequest->handle()
#39 /home/pranjal/Pranjal/vscode/Files/core/vendor/laravel/framework/src/Illuminate/Pipeline/Pipeline.php(209): Illuminate\\Foundation\\Http\\Middleware\\ConvertEmptyStringsToNull->handle()
#40 /home/pranjal/Pranjal/vscode/Files/core/vendor/laravel/framework/src/Illuminate/Foundation/Http/Middleware/TransformsRequest.php(21): Illuminate\\Pipeline\\Pipeline->{closure:{closure:Illuminate\\Pipeline\\Pipeline::carry():184}:185}()
#41 /home/pranjal/Pranjal/vscode/Files/core/vendor/laravel/framework/src/Illuminate/Foundation/Http/Middleware/TrimStrings.php(51): Illuminate\\Foundation\\Http\\Middleware\\TransformsRequest->handle()
#42 /home/pranjal/Pranjal/vscode/Files/core/vendor/laravel/framework/src/Illuminate/Pipeline/Pipeline.php(209): Illuminate\\Foundation\\Http\\Middleware\\TrimStrings->handle()
#43 /home/pranjal/Pranjal/vscode/Files/core/vendor/laravel/framework/src/Illuminate/Http/Middleware/ValidatePostSize.php(27): Illuminate\\Pipeline\\Pipeline->{closure:{closure:Illuminate\\Pipeline\\Pipeline::carry():184}:185}()
#44 /home/pranjal/Pranjal/vscode/Files/core/vendor/laravel/framework/src/Illuminate/Pipeline/Pipeline.php(209): Illuminate\\Http\\Middleware\\ValidatePostSize->handle()
#45 /home/pranjal/Pranjal/vscode/Files/core/vendor/laravel/framework/src/Illuminate/Foundation/Http/Middleware/PreventRequestsDuringMaintenance.php(110): Illuminate\\Pipeline\\Pipeline->{closure:{closure:Illuminate\\Pipeline\\Pipeline::carry():184}:185}()
#46 /home/pranjal/Pranjal/vscode/Files/core/vendor/laravel/framework/src/Illuminate/Pipeline/Pipeline.php(209): Illuminate\\Foundation\\Http\\Middleware\\PreventRequestsDuringMaintenance->handle()
#47 /home/pranjal/Pranjal/vscode/Files/core/vendor/laravel/framework/src/Illuminate/Http/Middleware/HandleCors.php(49): Illuminate\\Pipeline\\Pipeline->{closure:{closure:Illuminate\\Pipeline\\Pipeline::carry():184}:185}()
#48 /home/pranjal/Pranjal/vscode/Files/core/vendor/laravel/framework/src/Illuminate/Pipeline/Pipeline.php(209): Illuminate\\Http\\Middleware\\HandleCors->handle()
#49 /home/pranjal/Pranjal/vscode/Files/core/vendor/laravel/framework/src/Illuminate/Http/Middleware/TrustProxies.php(58): Illuminate\\Pipeline\\Pipeline->{closure:{closure:Illuminate\\Pipeline\\Pipeline::carry():184}:185}()
#50 /home/pranjal/Pranjal/vscode/Files/core/vendor/laravel/framework/src/Illuminate/Pipeline/Pipeline.php(209): Illuminate\\Http\\Middleware\\TrustProxies->handle()
#51 /home/pranjal/Pranjal/vscode/Files/core/vendor/laravel/framework/src/Illuminate/Foundation/Http/Middleware/InvokeDeferredCallbacks.php(22): Illuminate\\Pipeline\\Pipeline->{closure:{closure:Illuminate\\Pipeline\\Pipeline::carry():184}:185}()
#52 /home/pranjal/Pranjal/vscode/Files/core/vendor/laravel/framework/src/Illuminate/Pipeline/Pipeline.php(209): Illuminate\\Foundation\\Http\\Middleware\\InvokeDeferredCallbacks->handle()
#53 /home/pranjal/Pranjal/vscode/Files/core/vendor/laramin/utility/src/Utility.php(15): Illuminate\\Pipeline\\Pipeline->{closure:{closure:Illuminate\\Pipeline\\Pipeline::carry():184}:185}()
#54 /home/pranjal/Pranjal/vscode/Files/core/vendor/laravel/framework/src/Illuminate/Pipeline/Pipeline.php(209): Laramin\\Utility\\Utility->handle()
#55 /home/pranjal/Pranjal/vscode/Files/core/vendor/laravel/framework/src/Illuminate/Pipeline/Pipeline.php(127): Illuminate\\Pipeline\\Pipeline->{closure:{closure:Illuminate\\Pipeline\\Pipeline::carry():184}:185}()
#56 /home/pranjal/Pranjal/vscode/Files/core/vendor/laravel/framework/src/Illuminate/Foundation/Http/Kernel.php(176): Illuminate\\Pipeline\\Pipeline->then()
#57 /home/pranjal/Pranjal/vscode/Files/core/vendor/laravel/framework/src/Illuminate/Foundation/Http/Kernel.php(145): Illuminate\\Foundation\\Http\\Kernel->sendRequestThroughRouter()
#58 /home/pranjal/Pranjal/vscode/Files/core/vendor/laravel/framework/src/Illuminate/Foundation/Application.php(1220): Illuminate\\Foundation\\Http\\Kernel->handle()
#59 /home/pranjal/Pranjal/vscode/Files/index.php(17): Illuminate\\Foundation\\Application->handleRequest()
#60 {main}

[previous exception] [object] (Illuminate\\View\\ViewException(code: 0): Undefined array key \"version\" (View: /home/pranjal/Pranjal/vscode/Files/core/resources/views/admin/layouts/app.blade.php) at /home/pranjal/Pranjal/vscode/Files/core/app/Providers/AppServiceProvider.php:60)
[stacktrace]
#0 /home/pranjal/Pranjal/vscode/Files/core/vendor/laravel/framework/src/Illuminate/View/Engines/PhpEngine.php(60): Illuminate\\View\\Engines\\CompilerEngine->handleViewException()
#1 /home/pranjal/Pranjal/vscode/Files/core/vendor/laravel/framework/src/Illuminate/View/Engines/CompilerEngine.php(75): Illuminate\\View\\Engines\\PhpEngine->evaluatePath()
#2 /home/pranjal/Pranjal/vscode/Files/core/vendor/laravel/framework/src/Illuminate/View/View.php(209): Illuminate\\View\\Engines\\CompilerEngine->get()
#3 /home/pranjal/Pranjal/vscode/Files/core/vendor/laravel/framework/src/Illuminate/View/View.php(192): Illuminate\\View\\View->getContents()
#4 /home/pranjal/Pranjal/vscode/Files/core/vendor/laravel/framework/src/Illuminate/View/View.php(161): Illuminate\\View\\View->renderContents()
#5 /home/pranjal/Pranjal/vscode/Files/core/storage/framework/views/352e4f31816487ef220ed296bddaef8a.php(341): Illuminate\\View\\View->render()
#6 /home/pranjal/Pranjal/vscode/Files/core/vendor/laravel/framework/src/Illuminate/Filesystem/Filesystem.php(123): require('...')
#7 /home/pranjal/Pranjal/vscode/Files/core/vendor/laravel/framework/src/Illuminate/Filesystem/Filesystem.php(124): Illuminate\\Filesystem\\Filesystem::{closure:Illuminate\\Filesystem\\Filesystem::getRequire():120}()
#8 /home/pranjal/Pranjal/vscode/Files/core/vendor/laravel/framework/src/Illuminate/View/Engines/PhpEngine.php(58): Illuminate\\Filesystem\\Filesystem->getRequire()
#9 /home/pranjal/Pranjal/vscode/Files/core/vendor/laravel/framework/src/Illuminate/View/Engines/CompilerEngine.php(75): Illuminate\\View\\Engines\\PhpEngine->evaluatePath()
#10 /home/pranjal/Pranjal/vscode/Files/core/vendor/laravel/framework/src/Illuminate/View/View.php(209): Illuminate\\View\\Engines\\CompilerEngine->get()
#11 /home/pranjal/Pranjal/vscode/Files/core/vendor/laravel/framework/src/Illuminate/View/View.php(192): Illuminate\\View\\View->getContents()
#12 /home/pranjal/Pranjal/vscode/Files/core/vendor/laravel/framework/src/Illuminate/View/View.php(161): Illuminate\\View\\View->renderContents()
#13 /home/pranjal/Pranjal/vscode/Files/core/vendor/laravel/framework/src/Illuminate/Http/Response.php(79): Illuminate\\View\\View->render()
#14 /home/pranjal/Pranjal/vscode/Files/core/vendor/laravel/framework/src/Illuminate/Http/Response.php(35): Illuminate\\Http\\Response->setContent()
#15 /home/pranjal/Pranjal/vscode/Files/core/vendor/laravel/framework/src/Illuminate/Routing/Router.php(920): Illuminate\\Http\\Response->__construct()
#16 /home/pranjal/Pranjal/vscode/Files/core/vendor/laravel/framework/src/Illuminate/Routing/Router.php(887): Illuminate\\Routing\\Router::toResponse()
#17 /home/pranjal/Pranjal/vscode/Files/core/vendor/laravel/framework/src/Illuminate/Routing/Router.php(807): Illuminate\\Routing\\Router->prepareResponse()
#18 /home/pranjal/Pranjal/vscode/Files/core/vendor/laravel/framework/src/Illuminate/Pipeline/Pipeline.php(170): Illuminate\\Routing\\Router->{closure:Illuminate\\Routing\\Router::runRouteWithinStack():807}()
#19 /home/pranjal/Pranjal/vscode/Files/core/app/Http/Middleware/RedirectIfNotAdmin.php(22): Illuminate\\Pipeline\\Pipeline->{closure:Illuminate\\Pipeline\\Pipeline::prepareDestination():168}()
#20 /home/pranjal/Pranjal/vscode/Files/core/vendor/laravel/framework/src/Illuminate/Pipeline/Pipeline.php(209): App\\Http\\Middleware\\RedirectIfNotAdmin->handle()
#21 /home/pranjal/Pranjal/vscode/Files/core/app/Http/Middleware/ActiveTemplateMiddleware.php(31): Illuminate\\Pipeline\\Pipeline->{closure:{closure:Illuminate\\Pipeline\\Pipeline::carry():184}:185}()
#22 /home/pranjal/Pranjal/vscode/Files/core/vendor/laravel/framework/src/Illuminate/Pipeline/Pipeline.php(209): App\\Http\\Middleware\\ActiveTemplateMiddleware->handle()
#23 /home/pranjal/Pranjal/vscode/Files/core/app/Http/Middleware/LanguageMiddleware.php(22): Illuminate\\Pipeline\\Pipeline->{closure:{closure:Illuminate\\Pipeline\\Pipeline::carry():184}:185}()
#24 /home/pranjal/Pranjal/vscode/Files/core/vendor/laravel/framework/src/Illuminate/Pipeline/Pipeline.php(209): App\\Http\\Middleware\\LanguageMiddleware->handle()
#25 /home/pranjal/Pranjal/vscode/Files/core/vendor/laravel/framework/src/Illuminate/Routing/Middleware/SubstituteBindings.php(51): Illuminate\\Pipeline\\Pipeline->{closure:{closure:Illuminate\\Pipeline\\Pipeline::carry():184}:185}()
#26 /home/pranjal/Pranjal/vscode/Files/core/vendor/laravel/framework/src/Illuminate/Pipeline/Pipeline.php(209): Illuminate\\Routing\\Middleware\\SubstituteBindings->handle()
#27 /home/pranjal/Pranjal/vscode/Files/core/vendor/laravel/framework/src/Illuminate/Foundation/Http/Middleware/VerifyCsrfToken.php(88): Illuminate\\Pipeline\\Pipeline->{closure:{closure:Illuminate\\Pipeline\\Pipeline::carry():184}:185}()
#28 /home/pranjal/Pranjal/vscode/Files/core/vendor/laravel/framework/src/Illuminate/Pipeline/Pipeline.php(209): Illuminate\\Foundation\\Http\\Middleware\\VerifyCsrfToken->handle()
#29 /home/pranjal/Pranjal/vscode/Files/core/vendor/laravel/framework/src/Illuminate/View/Middleware/ShareErrorsFromSession.php(49): Illuminate\\Pipeline\\Pipeline->{closure:{closure:Illuminate\\Pipeline\\Pipeline::carry():184}:185}()
#30 /home/pranjal/Pranjal/vscode/Files/core/vendor/laravel/framework/src/Illuminate/Pipeline/Pipeline.php(209): Illuminate\\View\\Middleware\\ShareErrorsFromSession->handle()
#31 /home/pranjal/Pranjal/vscode/Files/core/vendor/laravel/framework/src/Illuminate/Session/Middleware/StartSession.php(121): Illuminate\\Pipeline\\Pipeline->{closure:{closure:Illuminate\\Pipeline\\Pipeline::carry():184}:185}()
#32 /home/pranjal/Pranjal/vscode/Files/core/vendor/laravel/framework/src/Illuminate/Session/Middleware/StartSession.php(64): Illuminate\\Session\\Middleware\\StartSession->handleStatefulRequest()
#33 /home/pranjal/Pranjal/vscode/Files/core/vendor/laravel/framework/src/Illuminate/Pipeline/Pipeline.php(209): Illuminate\\Session\\Middleware\\StartSession->handle()
#34 /home/pranjal/Pranjal/vscode/Files/core/vendor/laravel/framework/src/Illuminate/Cookie/Middleware/AddQueuedCookiesToResponse.php(37): Illuminate\\Pipeline\\Pipeline->{closure:{closure:Illuminate\\Pipeline\\Pipeline::carry():184}:185}()
#35 /home/pranjal/Pranjal/vscode/Files/core/vendor/laravel/framework/src/Illuminate/Pipeline/Pipeline.php(209): Illuminate\\Cookie\\Middleware\\AddQueuedCookiesToResponse->handle()
#36 /home/pranjal/Pranjal/vscode/Files/core/vendor/laramin/utility/src/Utility.php(15): Illuminate\\Pipeline\\Pipeline->{closure:{closure:Illuminate\\Pipeline\\Pipeline::carry():184}:185}()
#37 /home/pranjal/Pranjal/vscode/Files/core/vendor/laravel/framework/src/Illuminate/Pipeline/Pipeline.php(209): Laramin\\Utility\\Utility->handle()
#38 /home/pranjal/Pranjal/vscode/Files/core/vendor/laravel/framework/src/Illuminate/Pipeline/Pipeline.php(127): Illuminate\\Pipeline\\Pipeline->{closure:{closure:Illuminate\\Pipeline\\Pipeline::carry():184}:185}()
#39 /home/pranjal/Pranjal/vscode/Files/core/vendor/laravel/framework/src/Illuminate/Routing/Router.php(807): Illuminate\\Pipeline\\Pipeline->then()
#40 /home/pranjal/Pranjal/vscode/Files/core/vendor/laravel/framework/src/Illuminate/Routing/Router.php(786): Illuminate\\Routing\\Router->runRouteWithinStack()
#41 /home/pranjal/Pranjal/vscode/Files/core/vendor/laravel/framework/src/Illuminate/Routing/Router.php(750): Illuminate\\Routing\\Router->runRoute()
#42 /home/pranjal/Pranjal/vscode/Files/core/vendor/laravel/framework/src/Illuminate/Routing/Router.php(739): Illuminate\\Routing\\Router->dispatchToRoute()
#43 /home/pranjal/Pranjal/vscode/Files/core/vendor/laravel/framework/src/Illuminate/Foundation/Http/Kernel.php(201): Illuminate\\Routing\\Router->dispatch()
#44 /home/pranjal/Pranjal/vscode/Files/core/vendor/laravel/framework/src/Illuminate/Pipeline/Pipeline.php(170): Illuminate\\Foundation\\Http\\Kernel->{closure:Illuminate\\Foundation\\Http\\Kernel::dispatchToRouter():198}()
#45 /home/pranjal/Pranjal/vscode/Files/core/vendor/laravel/framework/src/Illuminate/Foundation/Http/Middleware/TransformsRequest.php(21): Illuminate\\Pipeline\\Pipeline->{closure:Illuminate\\Pipeline\\Pipeline::prepareDestination():168}()
#46 /home/pranjal/Pranjal/vscode/Files/core/vendor/laravel/framework/src/Illuminate/Foundation/Http/Middleware/ConvertEmptyStringsToNull.php(31): Illuminate\\Foundation\\Http\\Middleware\\TransformsRequest->handle()
#47 /home/pranjal/Pranjal/vscode/Files/core/vendor/laravel/framework/src/Illuminate/Pipeline/Pipeline.php(209): Illuminate\\Foundation\\Http\\Middleware\\ConvertEmptyStringsToNull->handle()
#48 /home/pranjal/Pranjal/vscode/Files/core/vendor/laravel/framework/src/Illuminate/Foundation/Http/Middleware/TransformsRequest.php(21): Illuminate\\Pipeline\\Pipeline->{closure:{closure:Illuminate\\Pipeline\\Pipeline::carry():184}:185}()
#49 /home/pranjal/Pranjal/vscode/Files/core/vendor/laravel/framework/src/Illuminate/Foundation/Http/Middleware/TrimStrings.php(51): Illuminate\\Foundation\\Http\\Middleware\\TransformsRequest->handle()
#50 /home/pranjal/Pranjal/vscode/Files/core/vendor/laravel/framework/src/Illuminate/Pipeline/Pipeline.php(209): Illuminate\\Foundation\\Http\\Middleware\\TrimStrings->handle()
#51 /home/pranjal/Pranjal/vscode/Files/core/vendor/laravel/framework/src/Illuminate/Http/Middleware/ValidatePostSize.php(27): Illuminate\\Pipeline\\Pipeline->{closure:{closure:Illuminate\\Pipeline\\Pipeline::carry():184}:185}()
#52 /home/pranjal/Pranjal/vscode/Files/core/vendor/laravel/framework/src/Illuminate/Pipeline/Pipeline.php(209): Illuminate\\Http\\Middleware\\ValidatePostSize->handle()
#53 /home/pranjal/Pranjal/vscode/Files/core/vendor/laravel/framework/src/Illuminate/Foundation/Http/Middleware/PreventRequestsDuringMaintenance.php(110): Illuminate\\Pipeline\\Pipeline->{closure:{closure:Illuminate\\Pipeline\\Pipeline::carry():184}:185}()
#54 /home/pranjal/Pranjal/vscode/Files/core/vendor/laravel/framework/src/Illuminate/Pipeline/Pipeline.php(209): Illuminate\\Foundation\\Http\\Middleware\\PreventRequestsDuringMaintenance->handle()
#55 /home/pranjal/Pranjal/vscode/Files/core/vendor/laravel/framework/src/Illuminate/Http/Middleware/HandleCors.php(49): Illuminate\\Pipeline\\Pipeline->{closure:{closure:Illuminate\\Pipeline\\Pipeline::carry():184}:185}()
#56 /home/pranjal/Pranjal/vscode/Files/core/vendor/laravel/framework/src/Illuminate/Pipeline/Pipeline.php(209): Illuminate\\Http\\Middleware\\HandleCors->handle()
#57 /home/pranjal/Pranjal/vscode/Files/core/vendor/laravel/framework/src/Illuminate/Http/Middleware/TrustProxies.php(58): Illuminate\\Pipeline\\Pipeline->{closure:{closure:Illuminate\\Pipeline\\Pipeline::carry():184}:185}()
#58 /home/pranjal/Pranjal/vscode/Files/core/vendor/laravel/framework/src/Illuminate/Pipeline/Pipeline.php(209): Illuminate\\Http\\Middleware\\TrustProxies->handle()
#59 /home/pranjal/Pranjal/vscode/Files/core/vendor/laravel/framework/src/Illuminate/Foundation/Http/Middleware/InvokeDeferredCallbacks.php(22): Illuminate\\Pipeline\\Pipeline->{closure:{closure:Illuminate\\Pipeline\\Pipeline::carry():184}:185}()
#60 /home/pranjal/Pranjal/vscode/Files/core/vendor/laravel/framework/src/Illuminate/Pipeline/Pipeline.php(209): Illuminate\\Foundation\\Http\\Middleware\\InvokeDeferredCallbacks->handle()
#61 /home/pranjal/Pranjal/vscode/Files/core/vendor/laramin/utility/src/Utility.php(15): Illuminate\\Pipeline\\Pipeline->{closure:{closure:Illuminate\\Pipeline\\Pipeline::carry():184}:185}()
#62 /home/pranjal/Pranjal/vscode/Files/core/vendor/laravel/framework/src/Illuminate/Pipeline/Pipeline.php(209): Laramin\\Utility\\Utility->handle()
#63 /home/pranjal/Pranjal/vscode/Files/core/vendor/laravel/framework/src/Illuminate/Pipeline/Pipeline.php(127): Illuminate\\Pipeline\\Pipeline->{closure:{closure:Illuminate\\Pipeline\\Pipeline::carry():184}:185}()
#64 /home/pranjal/Pranjal/vscode/Files/core/vendor/laravel/framework/src/Illuminate/Foundation/Http/Kernel.php(176): Illuminate\\Pipeline\\Pipeline->then()
#65 /home/pranjal/Pranjal/vscode/Files/core/vendor/laravel/framework/src/Illuminate/Foundation/Http/Kernel.php(145): Illuminate\\Foundation\\Http\\Kernel->sendRequestThroughRouter()
#66 /home/pranjal/Pranjal/vscode/Files/core/vendor/laravel/framework/src/Illuminate/Foundation/Application.php(1220): Illuminate\\Foundation\\Http\\Kernel->handle()
#67 /home/pranjal/Pranjal/vscode/Files/index.php(17): Illuminate\\Foundation\\Application->handleRequest()
#68 {main}

[previous exception] [object] (ErrorException(code: 0): Undefined array key \"version\" at /home/pranjal/Pranjal/vscode/Files/core/app/Providers/AppServiceProvider.php:60)
[stacktrace]
#0 /home/pranjal/Pranjal/vscode/Files/core/vendor/laravel/framework/src/Illuminate/Foundation/Bootstrap/HandleExceptions.php(258): Illuminate\\Foundation\\Bootstrap\\HandleExceptions->handleError()
#1 /home/pranjal/Pranjal/vscode/Files/core/app/Providers/AppServiceProvider.php(60): Illuminate\\Foundation\\Bootstrap\\HandleExceptions->{closure:Illuminate\\Foundation\\Bootstrap\\HandleExceptions::forwardsTo():257}()
#2 /home/pranjal/Pranjal/vscode/Files/core/vendor/laravel/framework/src/Illuminate/Events/Dispatcher.php(459): App\\Providers\\AppServiceProvider->{closure:App\\Providers\\AppServiceProvider::boot():51}()
#3 /home/pranjal/Pranjal/vscode/Files/core/vendor/laravel/framework/src/Illuminate/Events/Dispatcher.php(287): Illuminate\\Events\\Dispatcher->{closure:Illuminate\\Events\\Dispatcher::makeListener():454}()
#4 /home/pranjal/Pranjal/vscode/Files/core/vendor/laravel/framework/src/Illuminate/Events/Dispatcher.php(267): Illuminate\\Events\\Dispatcher->invokeListeners()
#5 /home/pranjal/Pranjal/vscode/Files/core/vendor/laravel/framework/src/Illuminate/View/Concerns/ManagesEvents.php(178): Illuminate\\Events\\Dispatcher->dispatch()
#6 /home/pranjal/Pranjal/vscode/Files/core/vendor/laravel/framework/src/Illuminate/View/View.php(190): Illuminate\\View\\Factory->callComposer()
#7 /home/pranjal/Pranjal/vscode/Files/core/vendor/laravel/framework/src/Illuminate/View/View.php(161): Illuminate\\View\\View->renderContents()
#8 /home/pranjal/Pranjal/vscode/Files/core/storage/framework/views/bd994467445c0c077eb81ef6ab510c57.php(7): Illuminate\\View\\View->render()
#9 /home/pranjal/Pranjal/vscode/Files/core/vendor/laravel/framework/src/Illuminate/Filesystem/Filesystem.php(123): require('...')
#10 /home/pranjal/Pranjal/vscode/Files/core/vendor/laravel/framework/src/Illuminate/Filesystem/Filesystem.php(124): Illuminate\\Filesystem\\Filesystem::{closure:Illuminate\\Filesystem\\Filesystem::getRequire():120}()
#11 /home/pranjal/Pranjal/vscode/Files/core/vendor/laravel/framework/src/Illuminate/View/Engines/PhpEngine.php(58): Illuminate\\Filesystem\\Filesystem->getRequire()
#12 /home/pranjal/Pranjal/vscode/Files/core/vendor/laravel/framework/src/Illuminate/View/Engines/CompilerEngine.php(75): Illuminate\\View\\Engines\\PhpEngine->evaluatePath()
#13 /home/pranjal/Pranjal/vscode/Files/core/vendor/laravel/framework/src/Illuminate/View/View.php(209): Illuminate\\View\\Engines\\CompilerEngine->get()
#14 /home/pranjal/Pranjal/vscode/Files/core/vendor/laravel/framework/src/Illuminate/View/View.php(192): Illuminate\\View\\View->getContents()
#15 /home/pranjal/Pranjal/vscode/Files/core/vendor/laravel/framework/src/Illuminate/View/View.php(161): Illuminate\\View\\View->renderContents()
#16 /home/pranjal/Pranjal/vscode/Files/core/storage/framework/views/352e4f31816487ef220ed296bddaef8a.php(341): Illuminate\\View\\View->render()
#17 /home/pranjal/Pranjal/vscode/Files/core/vendor/laravel/framework/src/Illuminate/Filesystem/Filesystem.php(123): require('...')
#18 /home/pranjal/Pranjal/vscode/Files/core/vendor/laravel/framework/src/Illuminate/Filesystem/Filesystem.php(124): Illuminate\\Filesystem\\Filesystem::{closure:Illuminate\\Filesystem\\Filesystem::getRequire():120}()
#19 /home/pranjal/Pranjal/vscode/Files/core/vendor/laravel/framework/src/Illuminate/View/Engines/PhpEngine.php(58): Illuminate\\Filesystem\\Filesystem->getRequire()
#20 /home/pranjal/Pranjal/vscode/Files/core/vendor/laravel/framework/src/Illuminate/View/Engines/CompilerEngine.php(75): Illuminate\\View\\Engines\\PhpEngine->evaluatePath()
#21 /home/pranjal/Pranjal/vscode/Files/core/vendor/laravel/framework/src/Illuminate/View/View.php(209): Illuminate\\View\\Engines\\CompilerEngine->get()
#22 /home/pranjal/Pranjal/vscode/Files/core/vendor/laravel/framework/src/Illuminate/View/View.php(192): Illuminate\\View\\View->getContents()
#23 /home/pranjal/Pranjal/vscode/Files/core/vendor/laravel/framework/src/Illuminate/View/View.php(161): Illuminate\\View\\View->renderContents()
#24 /home/pranjal/Pranjal/vscode/Files/core/vendor/laravel/framework/src/Illuminate/Http/Response.php(79): Illuminate\\View\\View->render()
#25 /home/pranjal/Pranjal/vscode/Files/core/vendor/laravel/framework/src/Illuminate/Http/Response.php(35): Illuminate\\Http\\Response->setContent()
#26 /home/pranjal/Pranjal/vscode/Files/core/vendor/laravel/framework/src/Illuminate/Routing/Router.php(920): Illuminate\\Http\\Response->__construct()
#27 /home/pranjal/Pranjal/vscode/Files/core/vendor/laravel/framework/src/Illuminate/Routing/Router.php(887): Illuminate\\Routing\\Router::toResponse()
#28 /home/pranjal/Pranjal/vscode/Files/core/vendor/laravel/framework/src/Illuminate/Routing/Router.php(807): Illuminate\\Routing\\Router->prepareResponse()
#29 /home/pranjal/Pranjal/vscode/Files/core/vendor/laravel/framework/src/Illuminate/Pipeline/Pipeline.php(170): Illuminate\\Routing\\Router->{closure:Illuminate\\Routing\\Router::runRouteWithinStack():807}()
#30 /home/pranjal/Pranjal/vscode/Files/core/app/Http/Middleware/RedirectIfNotAdmin.php(22): Illuminate\\Pipeline\\Pipeline->{closure:Illuminate\\Pipeline\\Pipeline::prepareDestination():168}()
#31 /home/pranjal/Pranjal/vscode/Files/core/vendor/laravel/framework/src/Illuminate/Pipeline/Pipeline.php(209): App\\Http\\Middleware\\RedirectIfNotAdmin->handle()
#32 /home/pranjal/Pranjal/vscode/Files/core/app/Http/Middleware/ActiveTemplateMiddleware.php(31): Illuminate\\Pipeline\\Pipeline->{closure:{closure:Illuminate\\Pipeline\\Pipeline::carry():184}:185}()
#33 /home/pranjal/Pranjal/vscode/Files/core/vendor/laravel/framework/src/Illuminate/Pipeline/Pipeline.php(209): App\\Http\\Middleware\\ActiveTemplateMiddleware->handle()
#34 /home/pranjal/Pranjal/vscode/Files/core/app/Http/Middleware/LanguageMiddleware.php(22): Illuminate\\Pipeline\\Pipeline->{closure:{closure:Illuminate\\Pipeline\\Pipeline::carry():184}:185}()
#35 /home/pranjal/Pranjal/vscode/Files/core/vendor/laravel/framework/src/Illuminate/Pipeline/Pipeline.php(209): App\\Http\\Middleware\\LanguageMiddleware->handle()
#36 /home/pranjal/Pranjal/vscode/Files/core/vendor/laravel/framework/src/Illuminate/Routing/Middleware/SubstituteBindings.php(51): Illuminate\\Pipeline\\Pipeline->{closure:{closure:Illuminate\\Pipeline\\Pipeline::carry():184}:185}()
#37 /home/pranjal/Pranjal/vscode/Files/core/vendor/laravel/framework/src/Illuminate/Pipeline/Pipeline.php(209): Illuminate\\Routing\\Middleware\\SubstituteBindings->handle()
#38 /home/pranjal/Pranjal/vscode/Files/core/vendor/laravel/framework/src/Illuminate/Foundation/Http/Middleware/VerifyCsrfToken.php(88): Illuminate\\Pipeline\\Pipeline->{closure:{closure:Illuminate\\Pipeline\\Pipeline::carry():184}:185}()
#39 /home/pranjal/Pranjal/vscode/Files/core/vendor/laravel/framework/src/Illuminate/Pipeline/Pipeline.php(209): Illuminate\\Foundation\\Http\\Middleware\\VerifyCsrfToken->handle()
#40 /home/pranjal/Pranjal/vscode/Files/core/vendor/laravel/framework/src/Illuminate/View/Middleware/ShareErrorsFromSession.php(49): Illuminate\\Pipeline\\Pipeline->{closure:{closure:Illuminate\\Pipeline\\Pipeline::carry():184}:185}()
#41 /home/pranjal/Pranjal/vscode/Files/core/vendor/laravel/framework/src/Illuminate/Pipeline/Pipeline.php(209): Illuminate\\View\\Middleware\\ShareErrorsFromSession->handle()
#42 /home/pranjal/Pranjal/vscode/Files/core/vendor/laravel/framework/src/Illuminate/Session/Middleware/StartSession.php(121): Illuminate\\Pipeline\\Pipeline->{closure:{closure:Illuminate\\Pipeline\\Pipeline::carry():184}:185}()
#43 /home/pranjal/Pranjal/vscode/Files/core/vendor/laravel/framework/src/Illuminate/Session/Middleware/StartSession.php(64): Illuminate\\Session\\Middleware\\StartSession->handleStatefulRequest()
#44 /home/pranjal/Pranjal/vscode/Files/core/vendor/laravel/framework/src/Illuminate/Pipeline/Pipeline.php(209): Illuminate\\Session\\Middleware\\StartSession->handle()
#45 /home/pranjal/Pranjal/vscode/Files/core/vendor/laravel/framework/src/Illuminate/Cookie/Middleware/AddQueuedCookiesToResponse.php(37): Illuminate\\Pipeline\\Pipeline->{closure:{closure:Illuminate\\Pipeline\\Pipeline::carry():184}:185}()
#46 /home/pranjal/Pranjal/vscode/Files/core/vendor/laravel/framework/src/Illuminate/Pipeline/Pipeline.php(209): Illuminate\\Cookie\\Middleware\\AddQueuedCookiesToResponse->handle()
#47 /home/pranjal/Pranjal/vscode/Files/core/vendor/laramin/utility/src/Utility.php(15): Illuminate\\Pipeline\\Pipeline->{closure:{closure:Illuminate\\Pipeline\\Pipeline::carry():184}:185}()
#48 /home/pranjal/Pranjal/vscode/Files/core/vendor/laravel/framework/src/Illuminate/Pipeline/Pipeline.php(209): Laramin\\Utility\\Utility->handle()
#49 /home/pranjal/Pranjal/vscode/Files/core/vendor/laravel/framework/src/Illuminate/Pipeline/Pipeline.php(127): Illuminate\\Pipeline\\Pipeline->{closure:{closure:Illuminate\\Pipeline\\Pipeline::carry():184}:185}()
#50 /home/pranjal/Pranjal/vscode/Files/core/vendor/laravel/framework/src/Illuminate/Routing/Router.php(807): Illuminate\\Pipeline\\Pipeline->then()
#51 /home/pranjal/Pranjal/vscode/Files/core/vendor/laravel/framework/src/Illuminate/Routing/Router.php(786): Illuminate\\Routing\\Router->runRouteWithinStack()
#52 /home/pranjal/Pranjal/vscode/Files/core/vendor/laravel/framework/src/Illuminate/Routing/Router.php(750): Illuminate\\Routing\\Router->runRoute()
#53 /home/pranjal/Pranjal/vscode/Files/core/vendor/laravel/framework/src/Illuminate/Routing/Router.php(739): Illuminate\\Routing\\Router->dispatchToRoute()
#54 /home/pranjal/Pranjal/vscode/Files/core/vendor/laravel/framework/src/Illuminate/Foundation/Http/Kernel.php(201): Illuminate\\Routing\\Router->dispatch()
#55 /home/pranjal/Pranjal/vscode/Files/core/vendor/laravel/framework/src/Illuminate/Pipeline/Pipeline.php(170): Illuminate\\Foundation\\Http\\Kernel->{closure:Illuminate\\Foundation\\Http\\Kernel::dispatchToRouter():198}()
#56 /home/pranjal/Pranjal/vscode/Files/core/vendor/laravel/framework/src/Illuminate/Foundation/Http/Middleware/TransformsRequest.php(21): Illuminate\\Pipeline\\Pipeline->{closure:Illuminate\\Pipeline\\Pipeline::prepareDestination():168}()
#57 /home/pranjal/Pranjal/vscode/Files/core/vendor/laravel/framework/src/Illuminate/Foundation/Http/Middleware/ConvertEmptyStringsToNull.php(31): Illuminate\\Foundation\\Http\\Middleware\\TransformsRequest->handle()
#58 /home/pranjal/Pranjal/vscode/Files/core/vendor/laravel/framework/src/Illuminate/Pipeline/Pipeline.php(209): Illuminate\\Foundation\\Http\\Middleware\\ConvertEmptyStringsToNull->handle()
#59 /home/pranjal/Pranjal/vscode/Files/core/vendor/laravel/framework/src/Illuminate/Foundation/Http/Middleware/TransformsRequest.php(21): Illuminate\\Pipeline\\Pipeline->{closure:{closure:Illuminate\\Pipeline\\Pipeline::carry():184}:185}()
#60 /home/pranjal/Pranjal/vscode/Files/core/vendor/laravel/framework/src/Illuminate/Foundation/Http/Middleware/TrimStrings.php(51): Illuminate\\Foundation\\Http\\Middleware\\TransformsRequest->handle()
#61 /home/pranjal/Pranjal/vscode/Files/core/vendor/laravel/framework/src/Illuminate/Pipeline/Pipeline.php(209): Illuminate\\Foundation\\Http\\Middleware\\TrimStrings->handle()
#62 /home/pranjal/Pranjal/vscode/Files/core/vendor/laravel/framework/src/Illuminate/Http/Middleware/ValidatePostSize.php(27): Illuminate\\Pipeline\\Pipeline->{closure:{closure:Illuminate\\Pipeline\\Pipeline::carry():184}:185}()
#63 /home/pranjal/Pranjal/vscode/Files/core/vendor/laravel/framework/src/Illuminate/Pipeline/Pipeline.php(209): Illuminate\\Http\\Middleware\\ValidatePostSize->handle()
#64 /home/pranjal/Pranjal/vscode/Files/core/vendor/laravel/framework/src/Illuminate/Foundation/Http/Middleware/PreventRequestsDuringMaintenance.php(110): Illuminate\\Pipeline\\Pipeline->{closure:{closure:Illuminate\\Pipeline\\Pipeline::carry():184}:185}()
#65 /home/pranjal/Pranjal/vscode/Files/core/vendor/laravel/framework/src/Illuminate/Pipeline/Pipeline.php(209): Illuminate\\Foundation\\Http\\Middleware\\PreventRequestsDuringMaintenance->handle()
#66 /home/pranjal/Pranjal/vscode/Files/core/vendor/laravel/framework/src/Illuminate/Http/Middleware/HandleCors.php(49): Illuminate\\Pipeline\\Pipeline->{closure:{closure:Illuminate\\Pipeline\\Pipeline::carry():184}:185}()
#67 /home/pranjal/Pranjal/vscode/Files/core/vendor/laravel/framework/src/Illuminate/Pipeline/Pipeline.php(209): Illuminate\\Http\\Middleware\\HandleCors->handle()
#68 /home/pranjal/Pranjal/vscode/Files/core/vendor/laravel/framework/src/Illuminate/Http/Middleware/TrustProxies.php(58): Illuminate\\Pipeline\\Pipeline->{closure:{closure:Illuminate\\Pipeline\\Pipeline::carry():184}:185}()
#69 /home/pranjal/Pranjal/vscode/Files/core/vendor/laravel/framework/src/Illuminate/Pipeline/Pipeline.php(209): Illuminate\\Http\\Middleware\\TrustProxies->handle()
#70 /home/pranjal/Pranjal/vscode/Files/core/vendor/laravel/framework/src/Illuminate/Foundation/Http/Middleware/InvokeDeferredCallbacks.php(22): Illuminate\\Pipeline\\Pipeline->{closure:{closure:Illuminate\\Pipeline\\Pipeline::carry():184}:185}()
#71 /home/pranjal/Pranjal/vscode/Files/core/vendor/laravel/framework/src/Illuminate/Pipeline/Pipeline.php(209): Illuminate\\Foundation\\Http\\Middleware\\InvokeDeferredCallbacks->handle()
#72 /home/pranjal/Pranjal/vscode/Files/core/vendor/laramin/utility/src/Utility.php(15): Illuminate\\Pipeline\\Pipeline->{closure:{closure:Illuminate\\Pipeline\\Pipeline::carry():184}:185}()
#73 /home/pranjal/Pranjal/vscode/Files/core/vendor/laravel/framework/src/Illuminate/Pipeline/Pipeline.php(209): Laramin\\Utility\\Utility->handle()
#74 /home/pranjal/Pranjal/vscode/Files/core/vendor/laravel/framework/src/Illuminate/Pipeline/Pipeline.php(127): Illuminate\\Pipeline\\Pipeline->{closure:{closure:Illuminate\\Pipeline\\Pipeline::carry():184}:185}()
#75 /home/pranjal/Pranjal/vscode/Files/core/vendor/laravel/framework/src/Illuminate/Foundation/Http/Kernel.php(176): Illuminate\\Pipeline\\Pipeline->then()
#76 /home/pranjal/Pranjal/vscode/Files/core/vendor/laravel/framework/src/Illuminate/Foundation/Http/Kernel.php(145): Illuminate\\Foundation\\Http\\Kernel->sendRequestThroughRouter()
#77 /home/pranjal/Pranjal/vscode/Files/core/vendor/laravel/framework/src/Illuminate/Foundation/Application.php(1220): Illuminate\\Foundation\\Http\\Kernel->handle()
#78 /home/pranjal/Pranjal/vscode/Files/index.php(17): Illuminate\\Foundation\\Application->handleRequest()
#79 {main}
"} 
[2026-07-26 16:35:41] production.ERROR: Undefined array key "version" (View: /home/pranjal/Pranjal/vscode/Files/core/resources/views/admin/layouts/app.blade.php) (View: /home/pranjal/Pranjal/vscode/Files/core/resources/views/admin/layouts/app.blade.php) {"exception":"[object] (Illuminate\\View\\ViewException(code: 0): Undefined array key \"version\" (View: /home/pranjal/Pranjal/vscode/Files/core/resources/views/admin/layouts/app.blade.php) (View: /home/pranjal/Pranjal/vscode/Files/core/resources/views/admin/layouts/app.blade.php) at /home/pranjal/Pranjal/vscode/Files/core/app/Providers/AppServiceProvider.php:60)
[stacktrace]
#0 /home/pranjal/Pranjal/vscode/Files/core/vendor/laravel/framework/src/Illuminate/View/Engines/PhpEngine.php(60): Illuminate\\View\\Engines\\CompilerEngine->handleViewException()
#1 /home/pranjal/Pranjal/vscode/Files/core/vendor/laravel/framework/src/Illuminate/View/Engines/CompilerEngine.php(75): Illuminate\\View\\Engines\\PhpEngine->evaluatePath()
#2 /home/pranjal/Pranjal/vscode/Files/core/vendor/laravel/framework/src/Illuminate/View/View.php(209): Illuminate\\View\\Engines\\CompilerEngine->get()
#3 /home/pranjal/Pranjal/vscode/Files/core/vendor/laravel/framework/src/Illuminate/View/View.php(192): Illuminate\\View\\View->getContents()
#4 /home/pranjal/Pranjal/vscode/Files/core/vendor/laravel/framework/src/Illuminate/View/View.php(161): Illuminate\\View\\View->renderContents()
#5 /home/pranjal/Pranjal/vscode/Files/core/vendor/laravel/framework/src/Illuminate/Http/Response.php(79): Illuminate\\View\\View->render()
#6 /home/pranjal/Pranjal/vscode/Files/core/vendor/laravel/framework/src/Illuminate/Http/Response.php(35): Illuminate\\Http\\Response->setContent()
#7 /home/pranjal/Pranjal/vscode/Files/core/vendor/laravel/framework/src/Illuminate/Routing/Router.php(920): Illuminate\\Http\\Response->__construct()
#8 /home/pranjal/Pranjal/vscode/Files/core/vendor/laravel/framework/src/Illuminate/Routing/Router.php(887): Illuminate\\Routing\\Router::toResponse()
#9 /home/pranjal/Pranjal/vscode/Files/core/vendor/laravel/framework/src/Illuminate/Routing/Router.php(807): Illuminate\\Routing\\Router->prepareResponse()
#10 /home/pranjal/Pranjal/vscode/Files/core/vendor/laravel/framework/src/Illuminate/Pipeline/Pipeline.php(170): Illuminate\\Routing\\Router->{closure:Illuminate\\Routing\\Router::runRouteWithinStack():807}()
#11 /home/pranjal/Pranjal/vscode/Files/core/app/Http/Middleware/RedirectIfNotAdmin.php(22): Illuminate\\Pipeline\\Pipeline->{closure:Illuminate\\Pipeline\\Pipeline::prepareDestination():168}()
#12 /home/pranjal/Pranjal/vscode/Files/core/vendor/laravel/framework/src/Illuminate/Pipeline/Pipeline.php(209): App\\Http\\Middleware\\RedirectIfNotAdmin->handle()
#13 /home/pranjal/Pranjal/vscode/Files/core/app/Http/Middleware/ActiveTemplateMiddleware.php(31): Illuminate\\Pipeline\\Pipeline->{closure:{closure:Illuminate\\Pipeline\\Pipeline::carry():184}:185}()
#14 /home/pranjal/Pranjal/vscode/Files/core/vendor/laravel/framework/src/Illuminate/Pipeline/Pipeline.php(209): App\\Http\\Middleware\\ActiveTemplateMiddleware->handle()
#15 /home/pranjal/Pranjal/vscode/Files/core/app/Http/Middleware/LanguageMiddleware.php(22): Illuminate\\Pipeline\\Pipeline->{closure:{closure:Illuminate\\Pipeline\\Pipeline::carry():184}:185}()
#16 /home/pranjal/Pranjal/vscode/Files/core/vendor/laravel/framework/src/Illuminate/Pipeline/Pipeline.php(209): App\\Http\\Middleware\\LanguageMiddleware->handle()
#17 /home/pranjal/Pranjal/vscode/Files/core/vendor/laravel/framework/src/Illuminate/Routing/Middleware/SubstituteBindings.php(51): Illuminate\\Pipeline\\Pipeline->{closure:{closure:Illuminate\\Pipeline\\Pipeline::carry():184}:185}()
#18 /home/pranjal/Pranjal/vscode/Files/core/vendor/laravel/framework/src/Illuminate/Pipeline/Pipeline.php(209): Illuminate\\Routing\\Middleware\\SubstituteBindings->handle()
#19 /home/pranjal/Pranjal/vscode/Files/core/vendor/laravel/framework/src/Illuminate/Foundation/Http/Middleware/VerifyCsrfToken.php(88): Illuminate\\Pipeline\\Pipeline->{closure:{closure:Illuminate\\Pipeline\\Pipeline::carry():184}:185}()
#20 /home/pranjal/Pranjal/vscode/Files/core/vendor/laravel/framework/src/Illuminate/Pipeline/Pipeline.php(209): Illuminate\\Foundation\\Http\\Middleware\\VerifyCsrfToken->handle()
#21 /home/pranjal/Pranjal/vscode/Files/core/vendor/laravel/framework/src/Illuminate/View/Middleware/ShareErrorsFromSession.php(49): Illuminate\\Pipeline\\Pipeline->{closure:{closure:Illuminate\\Pipeline\\Pipeline::carry():184}:185}()
#22 /home/pranjal/Pranjal/vscode/Files/core/vendor/laravel/framework/src/Illuminate/Pipeline/Pipeline.php(209): Illuminate\\View\\Middleware\\ShareErrorsFromSession->handle()
#23 /home/pranjal/Pranjal/vscode/Files/core/vendor/laravel/framework/src/Illuminate/Session/Middleware/StartSession.php(121): Illuminate\\Pipeline\\Pipeline->{closure:{closure:Illuminate\\Pipeline\\Pipeline::carry():184}:185}()
#24 /home/pranjal/Pranjal/vscode/Files/core/vendor/laravel/framework/src/Illuminate/Session/Middleware/StartSession.php(64): Illuminate\\Session\\Middleware\\StartSession->handleStatefulRequest()
#25 /home/pranjal/Pranjal/vscode/Files/core/vendor/laravel/framework/src/Illuminate/Pipeline/Pipeline.php(209): Illuminate\\Session\\Middleware\\StartSession->handle()
#26 /home/pranjal/Pranjal/vscode/Files/core/vendor/laravel/framework/src/Illuminate/Cookie/Middleware/AddQueuedCookiesToResponse.php(37): Illuminate\\Pipeline\\Pipeline->{closure:{closure:Illuminate\\Pipeline\\Pipeline::carry():184}:185}()
#27 /home/pranjal/Pranjal/vscode/Files/core/vendor/laravel/framework/src/Illuminate/Pipeline/Pipeline.php(209): Illuminate\\Cookie\\Middleware\\AddQueuedCookiesToResponse->handle()
#28 /home/pranjal/Pranjal/vscode/Files/core/vendor/laramin/utility/src/Utility.php(15): Illuminate\\Pipeline\\Pipeline->{closure:{closure:Illuminate\\Pipeline\\Pipeline::carry():184}:185}()
#29 /home/pranjal/Pranjal/vscode/Files/core/vendor/laravel/framework/src/Illuminate/Pipeline/Pipeline.php(209): Laramin\\Utility\\Utility->handle()
#30 /home/pranjal/Pranjal/vscode/Files/core/vendor/laravel/framework/src/Illuminate/Pipeline/Pipeline.php(127): Illuminate\\Pipeline\\Pipeline->{closure:{closure:Illuminate\\Pipeline\\Pipeline::carry():184}:185}()
#31 /home/pranjal/Pranjal/vscode/Files/core/vendor/laravel/framework/src/Illuminate/Routing/Router.php(807): Illuminate\\Pipeline\\Pipeline->then()
#32 /home/pranjal/Pranjal/vscode/Files/core/vendor/laravel/framework/src/Illuminate/Routing/Router.php(786): Illuminate\\Routing\\Router->runRouteWithinStack()
#33 /home/pranjal/Pranjal/vscode/Files/core/vendor/laravel/framework/src/Illuminate/Routing/Router.php(750): Illuminate\\Routing\\Router->runRoute()
#34 /home/pranjal/Pranjal/vscode/Files/core/vendor/laravel/framework/src/Illuminate/Routing/Router.php(739): Illuminate\\Routing\\Router->dispatchToRoute()
#35 /home/pranjal/Pranjal/vscode/Files/core/vendor/laravel/framework/src/Illuminate/Foundation/Http/Kernel.php(201): Illuminate\\Routing\\Router->dispatch()
#36 /home/pranjal/Pranjal/vscode/Files/core/vendor/laravel/framework/src/Illuminate/Pipeline/Pipeline.php(170): Illuminate\\Foundation\\Http\\Kernel->{closure:Illuminate\\Foundation\\Http\\Kernel::dispatchToRouter():198}()
#37 /home/pranjal/Pranjal/vscode/Files/core/vendor/laravel/framework/src/Illuminate/Foundation/Http/Middleware/TransformsRequest.php(21): Illuminate\\Pipeline\\Pipeline->{closure:Illuminate\\Pipeline\\Pipeline::prepareDestination():168}()
#38 /home/pranjal/Pranjal/vscode/Files/core/vendor/laravel/framework/src/Illuminate/Foundation/Http/Middleware/ConvertEmptyStringsToNull.php(31): Illuminate\\Foundation\\Http\\Middleware\\TransformsRequest->handle()
#39 /home/pranjal/Pranjal/vscode/Files/core/vendor/laravel/framework/src/Illuminate/Pipeline/Pipeline.php(209): Illuminate\\Foundation\\Http\\Middleware\\ConvertEmptyStringsToNull->handle()
#40 /home/pranjal/Pranjal/vscode/Files/core/vendor/laravel/framework/src/Illuminate/Foundation/Http/Middleware/TransformsRequest.php(21): Illuminate\\Pipeline\\Pipeline->{closure:{closure:Illuminate\\Pipeline\\Pipeline::carry():184}:185}()
#41 /home/pranjal/Pranjal/vscode/Files/core/vendor/laravel/framework/src/Illuminate/Foundation/Http/Middleware/TrimStrings.php(51): Illuminate\\Foundation\\Http\\Middleware\\TransformsRequest->handle()
#42 /home/pranjal/Pranjal/vscode/Files/core/vendor/laravel/framework/src/Illuminate/Pipeline/Pipeline.php(209): Illuminate\\Foundation\\Http\\Middleware\\TrimStrings->handle()
#43 /home/pranjal/Pranjal/vscode/Files/core/vendor/laravel/framework/src/Illuminate/Http/Middleware/ValidatePostSize.php(27): Illuminate\\Pipeline\\Pipeline->{closure:{closure:Illuminate\\Pipeline\\Pipeline::carry():184}:185}()
#44 /home/pranjal/Pranjal/vscode/Files/core/vendor/laravel/framework/src/Illuminate/Pipeline/Pipeline.php(209): Illuminate\\Http\\Middleware\\ValidatePostSize->handle()
#45 /home/pranjal/Pranjal/vscode/Files/core/vendor/laravel/framework/src/Illuminate/Foundation/Http/Middleware/PreventRequestsDuringMaintenance.php(110): Illuminate\\Pipeline\\Pipeline->{closure:{closure:Illuminate\\Pipeline\\Pipeline::carry():184}:185}()
#46 /home/pranjal/Pranjal/vscode/Files/core/vendor/laravel/framework/src/Illuminate/Pipeline/Pipeline.php(209): Illuminate\\Foundation\\Http\\Middleware\\PreventRequestsDuringMaintenance->handle()
#47 /home/pranjal/Pranjal/vscode/Files/core/vendor/laravel/framework/src/Illuminate/Http/Middleware/HandleCors.php(49): Illuminate\\Pipeline\\Pipeline->{closure:{closure:Illuminate\\Pipeline\\Pipeline::carry():184}:185}()
#48 /home/pranjal/Pranjal/vscode/Files/core/vendor/laravel/framework/src/Illuminate/Pipeline/Pipeline.php(209): Illuminate\\Http\\Middleware\\HandleCors->handle()
#49 /home/pranjal/Pranjal/vscode/Files/core/vendor/laravel/framework/src/Illuminate/Http/Middleware/TrustProxies.php(58): Illuminate\\Pipeline\\Pipeline->{closure:{closure:Illuminate\\Pipeline\\Pipeline::carry():184}:185}()
#50 /home/pranjal/Pranjal/vscode/Files/core/vendor/laravel/framework/src/Illuminate/Pipeline/Pipeline.php(209): Illuminate\\Http\\Middleware\\TrustProxies->handle()
#51 /home/pranjal/Pranjal/vscode/Files/core/vendor/laravel/framework/src/Illuminate/Foundation/Http/Middleware/InvokeDeferredCallbacks.php(22): Illuminate\\Pipeline\\Pipeline->{closure:{closure:Illuminate\\Pipeline\\Pipeline::carry():184}:185}()
#52 /home/pranjal/Pranjal/vscode/Files/core/vendor/laravel/framework/src/Illuminate/Pipeline/Pipeline.php(209): Illuminate\\Foundation\\Http\\Middleware\\InvokeDeferredCallbacks->handle()
#53 /home/pranjal/Pranjal/vscode/Files/core/vendor/laramin/utility/src/Utility.php(15): Illuminate\\Pipeline\\Pipeline->{closure:{closure:Illuminate\\Pipeline\\Pipeline::carry():184}:185}()
#54 /home/pranjal/Pranjal/vscode/Files/core/vendor/laravel/framework/src/Illuminate/Pipeline/Pipeline.php(209): Laramin\\Utility\\Utility->handle()
#55 /home/pranjal/Pranjal/vscode/Files/core/vendor/laravel/framework/src/Illuminate/Pipeline/Pipeline.php(127): Illuminate\\Pipeline\\Pipeline->{closure:{closure:Illuminate\\Pipeline\\Pipeline::carry():184}:185}()
#56 /home/pranjal/Pranjal/vscode/Files/core/vendor/laravel/framework/src/Illuminate/Foundation/Http/Kernel.php(176): Illuminate\\Pipeline\\Pipeline->then()
#57 /home/pranjal/Pranjal/vscode/Files/core/vendor/laravel/framework/src/Illuminate/Foundation/Http/Kernel.php(145): Illuminate\\Foundation\\Http\\Kernel->sendRequestThroughRouter()
#58 /home/pranjal/Pranjal/vscode/Files/core/vendor/laravel/framework/src/Illuminate/Foundation/Application.php(1220): Illuminate\\Foundation\\Http\\Kernel->handle()
#59 /home/pranjal/Pranjal/vscode/Files/index.php(17): Illuminate\\Foundation\\Application->handleRequest()
#60 {main}

[previous exception] [object] (Illuminate\\View\\ViewException(code: 0): Undefined array key \"version\" (View: /home/pranjal/Pranjal/vscode/Files/core/resources/views/admin/layouts/app.blade.php) at /home/pranjal/Pranjal/vscode/Files/core/app/Providers/AppServiceProvider.php:60)
[stacktrace]
#0 /home/pranjal/Pranjal/vscode/Files/core/vendor/laravel/framework/src/Illuminate/View/Engines/PhpEngine.php(60): Illuminate\\View\\Engines\\CompilerEngine->handleViewException()
#1 /home/pranjal/Pranjal/vscode/Files/core/vendor/laravel/framework/src/Illuminate/View/Engines/CompilerEngine.php(75): Illuminate\\View\\Engines\\PhpEngine->evaluatePath()
#2 /home/pranjal/Pranjal/vscode/Files/core/vendor/laravel/framework/src/Illuminate/View/View.php(209): Illuminate\\View\\Engines\\CompilerEngine->get()
#3 /home/pranjal/Pranjal/vscode/Files/core/vendor/laravel/framework/src/Illuminate/View/View.php(192): Illuminate\\View\\View->getContents()
#4 /home/pranjal/Pranjal/vscode/Files/core/vendor/laravel/framework/src/Illuminate/View/View.php(161): Illuminate\\View\\View->renderContents()
#5 /home/pranjal/Pranjal/vscode/Files/core/storage/framework/views/352e4f31816487ef220ed296bddaef8a.php(341): Illuminate\\View\\View->render()
#6 /home/pranjal/Pranjal/vscode/Files/core/vendor/laravel/framework/src/Illuminate/Filesystem/Filesystem.php(123): require('...')
#7 /home/pranjal/Pranjal/vscode/Files/core/vendor/laravel/framework/src/Illuminate/Filesystem/Filesystem.php(124): Illuminate\\Filesystem\\Filesystem::{closure:Illuminate\\Filesystem\\Filesystem::getRequire():120}()
#8 /home/pranjal/Pranjal/vscode/Files/core/vendor/laravel/framework/src/Illuminate/View/Engines/PhpEngine.php(58): Illuminate\\Filesystem\\Filesystem->getRequire()
#9 /home/pranjal/Pranjal/vscode/Files/core/vendor/laravel/framework/src/Illuminate/View/Engines/CompilerEngine.php(75): Illuminate\\View\\Engines\\PhpEngine->evaluatePath()
#10 /home/pranjal/Pranjal/vscode/Files/core/vendor/laravel/framework/src/Illuminate/View/View.php(209): Illuminate\\View\\Engines\\CompilerEngine->get()
#11 /home/pranjal/Pranjal/vscode/Files/core/vendor/laravel/framework/src/Illuminate/View/View.php(192): Illuminate\\View\\View->getContents()
#12 /home/pranjal/Pranjal/vscode/Files/core/vendor/laravel/framework/src/Illuminate/View/View.php(161): Illuminate\\View\\View->renderContents()
#13 /home/pranjal/Pranjal/vscode/Files/core/vendor/laravel/framework/src/Illuminate/Http/Response.php(79): Illuminate\\View\\View->render()
#14 /home/pranjal/Pranjal/vscode/Files/core/vendor/laravel/framework/src/Illuminate/Http/Response.php(35): Illuminate\\Http\\Response->setContent()
#15 /home/pranjal/Pranjal/vscode/Files/core/vendor/laravel/framework/src/Illuminate/Routing/Router.php(920): Illuminate\\Http\\Response->__construct()
#16 /home/pranjal/Pranjal/vscode/Files/core/vendor/laravel/framework/src/Illuminate/Routing/Router.php(887): Illuminate\\Routing\\Router::toResponse()
#17 /home/pranjal/Pranjal/vscode/Files/core/vendor/laravel/framework/src/Illuminate/Routing/Router.php(807): Illuminate\\Routing\\Router->prepareResponse()
#18 /home/pranjal/Pranjal/vscode/Files/core/vendor/laravel/framework/src/Illuminate/Pipeline/Pipeline.php(170): Illuminate\\Routing\\Router->{closure:Illuminate\\Routing\\Router::runRouteWithinStack():807}()
#19 /home/pranjal/Pranjal/vscode/Files/core/app/Http/Middleware/RedirectIfNotAdmin.php(22): Illuminate\\Pipeline\\Pipeline->{closure:Illuminate\\Pipeline\\Pipeline::prepareDestination():168}()
#20 /home/pranjal/Pranjal/vscode/Files/core/vendor/laravel/framework/src/Illuminate/Pipeline/Pipeline.php(209): App\\Http\\Middleware\\RedirectIfNotAdmin->handle()
#21 /home/pranjal/Pranjal/vscode/Files/core/app/Http/Middleware/ActiveTemplateMiddleware.php(31): Illuminate\\Pipeline\\Pipeline->{closure:{closure:Illuminate\\Pipeline\\Pipeline::carry():184}:185}()
#22 /home/pranjal/Pranjal/vscode/Files/core/vendor/laravel/framework/src/Illuminate/Pipeline/Pipeline.php(209): App\\Http\\Middleware\\ActiveTemplateMiddleware->handle()
#23 /home/pranjal/Pranjal/vscode/Files/core/app/Http/Middleware/LanguageMiddleware.php(22): Illuminate\\Pipeline\\Pipeline->{closure:{closure:Illuminate\\Pipeline\\Pipeline::carry():184}:185}()
#24 /home/pranjal/Pranjal/vscode/Files/core/vendor/laravel/framework/src/Illuminate/Pipeline/Pipeline.php(209): App\\Http\\Middleware\\LanguageMiddleware->handle()
#25 /home/pranjal/Pranjal/vscode/Files/core/vendor/laravel/framework/src/Illuminate/Routing/Middleware/SubstituteBindings.php(51): Illuminate\\Pipeline\\Pipeline->{closure:{closure:Illuminate\\Pipeline\\Pipeline::carry():184}:185}()
#26 /home/pranjal/Pranjal/vscode/Files/core/vendor/laravel/framework/src/Illuminate/Pipeline/Pipeline.php(209): Illuminate\\Routing\\Middleware\\SubstituteBindings->handle()
#27 /home/pranjal/Pranjal/vscode/Files/core/vendor/laravel/framework/src/Illuminate/Foundation/Http/Middleware/VerifyCsrfToken.php(88): Illuminate\\Pipeline\\Pipeline->{closure:{closure:Illuminate\\Pipeline\\Pipeline::carry():184}:185}()
#28 /home/pranjal/Pranjal/vscode/Files/core/vendor/laravel/framework/src/Illuminate/Pipeline/Pipeline.php(209): Illuminate\\Foundation\\Http\\Middleware\\VerifyCsrfToken->handle()
#29 /home/pranjal/Pranjal/vscode/Files/core/vendor/laravel/framework/src/Illuminate/View/Middleware/ShareErrorsFromSession.php(49): Illuminate\\Pipeline\\Pipeline->{closure:{closure:Illuminate\\Pipeline\\Pipeline::carry():184}:185}()
#30 /home/pranjal/Pranjal/vscode/Files/core/vendor/laravel/framework/src/Illuminate/Pipeline/Pipeline.php(209): Illuminate\\View\\Middleware\\ShareErrorsFromSession->handle()
#31 /home/pranjal/Pranjal/vscode/Files/core/vendor/laravel/framework/src/Illuminate/Session/Middleware/StartSession.php(121): Illuminate\\Pipeline\\Pipeline->{closure:{closure:Illuminate\\Pipeline\\Pipeline::carry():184}:185}()
#32 /home/pranjal/Pranjal/vscode/Files/core/vendor/laravel/framework/src/Illuminate/Session/Middleware/StartSession.php(64): Illuminate\\Session\\Middleware\\StartSession->handleStatefulRequest()
#33 /home/pranjal/Pranjal/vscode/Files/core/vendor/laravel/framework/src/Illuminate/Pipeline/Pipeline.php(209): Illuminate\\Session\\Middleware\\StartSession->handle()
#34 /home/pranjal/Pranjal/vscode/Files/core/vendor/laravel/framework/src/Illuminate/Cookie/Middleware/AddQueuedCookiesToResponse.php(37): Illuminate\\Pipeline\\Pipeline->{closure:{closure:Illuminate\\Pipeline\\Pipeline::carry():184}:185}()
#35 /home/pranjal/Pranjal/vscode/Files/core/vendor/laravel/framework/src/Illuminate/Pipeline/Pipeline.php(209): Illuminate\\Cookie\\Middleware\\AddQueuedCookiesToResponse->handle()
#36 /home/pranjal/Pranjal/vscode/Files/core/vendor/laramin/utility/src/Utility.php(15): Illuminate\\Pipeline\\Pipeline->{closure:{closure:Illuminate\\Pipeline\\Pipeline::carry():184}:185}()
#37 /home/pranjal/Pranjal/vscode/Files/core/vendor/laravel/framework/src/Illuminate/Pipeline/Pipeline.php(209): Laramin\\Utility\\Utility->handle()
#38 /home/pranjal/Pranjal/vscode/Files/core/vendor/laravel/framework/src/Illuminate/Pipeline/Pipeline.php(127): Illuminate\\Pipeline\\Pipeline->{closure:{closure:Illuminate\\Pipeline\\Pipeline::carry():184}:185}()
#39 /home/pranjal/Pranjal/vscode/Files/core/vendor/laravel/framework/src/Illuminate/Routing/Router.php(807): Illuminate\\Pipeline\\Pipeline->then()
#40 /home/pranjal/Pranjal/vscode/Files/core/vendor/laravel/framework/src/Illuminate/Routing/Router.php(786): Illuminate\\Routing\\Router->runRouteWithinStack()
#41 /home/pranjal/Pranjal/vscode/Files/core/vendor/laravel/framework/src/Illuminate/Routing/Router.php(750): Illuminate\\Routing\\Router->runRoute()
#42 /home/pranjal/Pranjal/vscode/Files/core/vendor/laravel/framework/src/Illuminate/Routing/Router.php(739): Illuminate\\Routing\\Router->dispatchToRoute()
#43 /home/pranjal/Pranjal/vscode/Files/core/vendor/laravel/framework/src/Illuminate/Foundation/Http/Kernel.php(201): Illuminate\\Routing\\Router->dispatch()
#44 /home/pranjal/Pranjal/vscode/Files/core/vendor/laravel/framework/src/Illuminate/Pipeline/Pipeline.php(170): Illuminate\\Foundation\\Http\\Kernel->{closure:Illuminate\\Foundation\\Http\\Kernel::dispatchToRouter():198}()
#45 /home/pranjal/Pranjal/vscode/Files/core/vendor/laravel/framework/src/Illuminate/Foundation/Http/Middleware/TransformsRequest.php(21): Illuminate\\Pipeline\\Pipeline->{closure:Illuminate\\Pipeline\\Pipeline::prepareDestination():168}()
#46 /home/pranjal/Pranjal/vscode/Files/core/vendor/laravel/framework/src/Illuminate/Foundation/Http/Middleware/ConvertEmptyStringsToNull.php(31): Illuminate\\Foundation\\Http\\Middleware\\TransformsRequest->handle()
#47 /home/pranjal/Pranjal/vscode/Files/core/vendor/laravel/framework/src/Illuminate/Pipeline/Pipeline.php(209): Illuminate\\Foundation\\Http\\Middleware\\ConvertEmptyStringsToNull->handle()
#48 /home/pranjal/Pranjal/vscode/Files/core/vendor/laravel/framework/src/Illuminate/Foundation/Http/Middleware/TransformsRequest.php(21): Illuminate\\Pipeline\\Pipeline->{closure:{closure:Illuminate\\Pipeline\\Pipeline::carry():184}:185}()
#49 /home/pranjal/Pranjal/vscode/Files/core/vendor/laravel/framework/src/Illuminate/Foundation/Http/Middleware/TrimStrings.php(51): Illuminate\\Foundation\\Http\\Middleware\\TransformsRequest->handle()
#50 /home/pranjal/Pranjal/vscode/Files/core/vendor/laravel/framework/src/Illuminate/Pipeline/Pipeline.php(209): Illuminate\\Foundation\\Http\\Middleware\\TrimStrings->handle()
#51 /home/pranjal/Pranjal/vscode/Files/core/vendor/laravel/framework/src/Illuminate/Http/Middleware/ValidatePostSize.php(27): Illuminate\\Pipeline\\Pipeline->{closure:{closure:Illuminate\\Pipeline\\Pipeline::carry():184}:185}()
#52 /home/pranjal/Pranjal/vscode/Files/core/vendor/laravel/framework/src/Illuminate/Pipeline/Pipeline.php(209): Illuminate\\Http\\Middleware\\ValidatePostSize->handle()
#53 /home/pranjal/Pranjal/vscode/Files/core/vendor/laravel/framework/src/Illuminate/Foundation/Http/Middleware/PreventRequestsDuringMaintenance.php(110): Illuminate\\Pipeline\\Pipeline->{closure:{closure:Illuminate\\Pipeline\\Pipeline::carry():184}:185}()
#54 /home/pranjal/Pranjal/vscode/Files/core/vendor/laravel/framework/src/Illuminate/Pipeline/Pipeline.php(209): Illuminate\\Foundation\\Http\\Middleware\\PreventRequestsDuringMaintenance->handle()
#55 /home/pranjal/Pranjal/vscode/Files/core/vendor/laravel/framework/src/Illuminate/Http/Middleware/HandleCors.php(49): Illuminate\\Pipeline\\Pipeline->{closure:{closure:Illuminate\\Pipeline\\Pipeline::carry():184}:185}()
#56 /home/pranjal/Pranjal/vscode/Files/core/vendor/laravel/framework/src/Illuminate/Pipeline/Pipeline.php(209): Illuminate\\Http\\Middleware\\HandleCors->handle()
#57 /home/pranjal/Pranjal/vscode/Files/core/vendor/laravel/framework/src/Illuminate/Http/Middleware/TrustProxies.php(58): Illuminate\\Pipeline\\Pipeline->{closure:{closure:Illuminate\\Pipeline\\Pipeline::carry():184}:185}()
#58 /home/pranjal/Pranjal/vscode/Files/core/vendor/laravel/framework/src/Illuminate/Pipeline/Pipeline.php(209): Illuminate\\Http\\Middleware\\TrustProxies->handle()
#59 /home/pranjal/Pranjal/vscode/Files/core/vendor/laravel/framework/src/Illuminate/Foundation/Http/Middleware/InvokeDeferredCallbacks.php(22): Illuminate\\Pipeline\\Pipeline->{closure:{closure:Illuminate\\Pipeline\\Pipeline::carry():184}:185}()
#60 /home/pranjal/Pranjal/vscode/Files/core/vendor/laravel/framework/src/Illuminate/Pipeline/Pipeline.php(209): Illuminate\\Foundation\\Http\\Middleware\\InvokeDeferredCallbacks->handle()
#61 /home/pranjal/Pranjal/vscode/Files/core/vendor/laramin/utility/src/Utility.php(15): Illuminate\\Pipeline\\Pipeline->{closure:{closure:Illuminate\\Pipeline\\Pipeline::carry():184}:185}()
#62 /home/pranjal/Pranjal/vscode/Files/core/vendor/laravel/framework/src/Illuminate/Pipeline/Pipeline.php(209): Laramin\\Utility\\Utility->handle()
#63 /home/pranjal/Pranjal/vscode/Files/core/vendor/laravel/framework/src/Illuminate/Pipeline/Pipeline.php(127): Illuminate\\Pipeline\\Pipeline->{closure:{closure:Illuminate\\Pipeline\\Pipeline::carry():184}:185}()
#64 /home/pranjal/Pranjal/vscode/Files/core/vendor/laravel/framework/src/Illuminate/Foundation/Http/Kernel.php(176): Illuminate\\Pipeline\\Pipeline->then()
#65 /home/pranjal/Pranjal/vscode/Files/core/vendor/laravel/framework/src/Illuminate/Foundation/Http/Kernel.php(145): Illuminate\\Foundation\\Http\\Kernel->sendRequestThroughRouter()
#66 /home/pranjal/Pranjal/vscode/Files/core/vendor/laravel/framework/src/Illuminate/Foundation/Application.php(1220): Illuminate\\Foundation\\Http\\Kernel->handle()
#67 /home/pranjal/Pranjal/vscode/Files/index.php(17): Illuminate\\Foundation\\Application->handleRequest()
#68 {main}

[previous exception] [object] (ErrorException(code: 0): Undefined array key \"version\" at /home/pranjal/Pranjal/vscode/Files/core/app/Providers/AppServiceProvider.php:60)
[stacktrace]
#0 /home/pranjal/Pranjal/vscode/Files/core/vendor/laravel/framework/src/Illuminate/Foundation/Bootstrap/HandleExceptions.php(258): Illuminate\\Foundation\\Bootstrap\\HandleExceptions->handleError()
#1 /home/pranjal/Pranjal/vscode/Files/core/app/Providers/AppServiceProvider.php(60): Illuminate\\Foundation\\Bootstrap\\HandleExceptions->{closure:Illuminate\\Foundation\\Bootstrap\\HandleExceptions::forwardsTo():257}()
#2 /home/pranjal/Pranjal/vscode/Files/core/vendor/laravel/framework/src/Illuminate/Events/Dispatcher.php(459): App\\Providers\\AppServiceProvider->{closure:App\\Providers\\AppServiceProvider::boot():51}()
#3 /home/pranjal/Pranjal/vscode/Files/core/vendor/laravel/framework/src/Illuminate/Events/Dispatcher.php(287): Illuminate\\Events\\Dispatcher->{closure:Illuminate\\Events\\Dispatcher::makeListener():454}()
#4 /home/pranjal/Pranjal/vscode/Files/core/vendor/laravel/framework/src/Illuminate/Events/Dispatcher.php(267): Illuminate\\Events\\Dispatcher->invokeListeners()
#5 /home/pranjal/Pranjal/vscode/Files/core/vendor/laravel/framework/src/Illuminate/View/Concerns/ManagesEvents.php(178): Illuminate\\Events\\Dispatcher->dispatch()
#6 /home/pranjal/Pranjal/vscode/Files/core/vendor/laravel/framework/src/Illuminate/View/View.php(190): Illuminate\\View\\Factory->callComposer()
#7 /home/pranjal/Pranjal/vscode/Files/core/vendor/laravel/framework/src/Illuminate/View/View.php(161): Illuminate\\View\\View->renderContents()
#8 /home/pranjal/Pranjal/vscode/Files/core/storage/framework/views/bd994467445c0c077eb81ef6ab510c57.php(7): Illuminate\\View\\View->render()
#9 /home/pranjal/Pranjal/vscode/Files/core/vendor/laravel/framework/src/Illuminate/Filesystem/Filesystem.php(123): require('...')
#10 /home/pranjal/Pranjal/vscode/Files/core/vendor/laravel/framework/src/Illuminate/Filesystem/Filesystem.php(124): Illuminate\\Filesystem\\Filesystem::{closure:Illuminate\\Filesystem\\Filesystem::getRequire():120}()
#11 /home/pranjal/Pranjal/vscode/Files/core/vendor/laravel/framework/src/Illuminate/View/Engines/PhpEngine.php(58): Illuminate\\Filesystem\\Filesystem->getRequire()
#12 /home/pranjal/Pranjal/vscode/Files/core/vendor/laravel/framework/src/Illuminate/View/Engines/CompilerEngine.php(75): Illuminate\\View\\Engines\\PhpEngine->evaluatePath()
#13 /home/pranjal/Pranjal/vscode/Files/core/vendor/laravel/framework/src/Illuminate/View/View.php(209): Illuminate\\View\\Engines\\CompilerEngine->get()
#14 /home/pranjal/Pranjal/vscode/Files/core/vendor/laravel/framework/src/Illuminate/View/View.php(192): Illuminate\\View\\View->getContents()
#15 /home/pranjal/Pranjal/vscode/Files/core/vendor/laravel/framework/src/Illuminate/View/View.php(161): Illuminate\\View\\View->renderContents()
#16 /home/pranjal/Pranjal/vscode/Files/core/storage/framework/views/352e4f31816487ef220ed296bddaef8a.php(341): Illuminate\\View\\View->render()
#17 /home/pranjal/Pranjal/vscode/Files/core/vendor/laravel/framework/src/Illuminate/Filesystem/Filesystem.php(123): require('...')
#18 /home/pranjal/Pranjal/vscode/Files/core/vendor/laravel/framework/src/Illuminate/Filesystem/Filesystem.php(124): Illuminate\\Filesystem\\Filesystem::{closure:Illuminate\\Filesystem\\Filesystem::getRequire():120}()
#19 /home/pranjal/Pranjal/vscode/Files/core/vendor/laravel/framework/src/Illuminate/View/Engines/PhpEngine.php(58): Illuminate\\Filesystem\\Filesystem->getRequire()
#20 /home/pranjal/Pranjal/vscode/Files/core/vendor/laravel/framework/src/Illuminate/View/Engines/CompilerEngine.php(75): Illuminate\\View\\Engines\\PhpEngine->evaluatePath()
#21 /home/pranjal/Pranjal/vscode/Files/core/vendor/laravel/framework/src/Illuminate/View/View.php(209): Illuminate\\View\\Engines\\CompilerEngine->get()
#22 /home/pranjal/Pranjal/vscode/Files/core/vendor/laravel/framework/src/Illuminate/View/View.php(192): Illuminate\\View\\View->getContents()
#23 /home/pranjal/Pranjal/vscode/Files/core/vendor/laravel/framework/src/Illuminate/View/View.php(161): Illuminate\\View\\View->renderContents()
#24 /home/pranjal/Pranjal/vscode/Files/core/vendor/laravel/framework/src/Illuminate/Http/Response.php(79): Illuminate\\View\\View->render()
#25 /home/pranjal/Pranjal/vscode/Files/core/vendor/laravel/framework/src/Illuminate/Http/Response.php(35): Illuminate\\Http\\Response->setContent()
#26 /home/pranjal/Pranjal/vscode/Files/core/vendor/laravel/framework/src/Illuminate/Routing/Router.php(920): Illuminate\\Http\\Response->__construct()
#27 /home/pranjal/Pranjal/vscode/Files/core/vendor/laravel/framework/src/Illuminate/Routing/Router.php(887): Illuminate\\Routing\\Router::toResponse()
#28 /home/pranjal/Pranjal/vscode/Files/core/vendor/laravel/framework/src/Illuminate/Routing/Router.php(807): Illuminate\\Routing\\Router->prepareResponse()
#29 /home/pranjal/Pranjal/vscode/Files/core/vendor/laravel/framework/src/Illuminate/Pipeline/Pipeline.php(170): Illuminate\\Routing\\Router->{closure:Illuminate\\Routing\\Router::runRouteWithinStack():807}()
#30 /home/pranjal/Pranjal/vscode/Files/core/app/Http/Middleware/RedirectIfNotAdmin.php(22): Illuminate\\Pipeline\\Pipeline->{closure:Illuminate\\Pipeline\\Pipeline::prepareDestination():168}()
#31 /home/pranjal/Pranjal/vscode/Files/core/vendor/laravel/framework/src/Illuminate/Pipeline/Pipeline.php(209): App\\Http\\Middleware\\RedirectIfNotAdmin->handle()
#32 /home/pranjal/Pranjal/vscode/Files/core/app/Http/Middleware/ActiveTemplateMiddleware.php(31): Illuminate\\Pipeline\\Pipeline->{closure:{closure:Illuminate\\Pipeline\\Pipeline::carry():184}:185}()
#33 /home/pranjal/Pranjal/vscode/Files/core/vendor/laravel/framework/src/Illuminate/Pipeline/Pipeline.php(209): App\\Http\\Middleware\\ActiveTemplateMiddleware->handle()
#34 /home/pranjal/Pranjal/vscode/Files/core/app/Http/Middleware/LanguageMiddleware.php(22): Illuminate\\Pipeline\\Pipeline->{closure:{closure:Illuminate\\Pipeline\\Pipeline::carry():184}:185}()
#35 /home/pranjal/Pranjal/vscode/Files/core/vendor/laravel/framework/src/Illuminate/Pipeline/Pipeline.php(209): App\\Http\\Middleware\\LanguageMiddleware->handle()
#36 /home/pranjal/Pranjal/vscode/Files/core/vendor/laravel/framework/src/Illuminate/Routing/Middleware/SubstituteBindings.php(51): Illuminate\\Pipeline\\Pipeline->{closure:{closure:Illuminate\\Pipeline\\Pipeline::carry():184}:185}()
#37 /home/pranjal/Pranjal/vscode/Files/core/vendor/laravel/framework/src/Illuminate/Pipeline/Pipeline.php(209): Illuminate\\Routing\\Middleware\\SubstituteBindings->handle()
#38 /home/pranjal/Pranjal/vscode/Files/core/vendor/laravel/framework/src/Illuminate/Foundation/Http/Middleware/VerifyCsrfToken.php(88): Illuminate\\Pipeline\\Pipeline->{closure:{closure:Illuminate\\Pipeline\\Pipeline::carry():184}:185}()
#39 /home/pranjal/Pranjal/vscode/Files/core/vendor/laravel/framework/src/Illuminate/Pipeline/Pipeline.php(209): Illuminate\\Foundation\\Http\\Middleware\\VerifyCsrfToken->handle()
#40 /home/pranjal/Pranjal/vscode/Files/core/vendor/laravel/framework/src/Illuminate/View/Middleware/ShareErrorsFromSession.php(49): Illuminate\\Pipeline\\Pipeline->{closure:{closure:Illuminate\\Pipeline\\Pipeline::carry():184}:185}()
#41 /home/pranjal/Pranjal/vscode/Files/core/vendor/laravel/framework/src/Illuminate/Pipeline/Pipeline.php(209): Illuminate\\View\\Middleware\\ShareErrorsFromSession->handle()
#42 /home/pranjal/Pranjal/vscode/Files/core/vendor/laravel/framework/src/Illuminate/Session/Middleware/StartSession.php(121): Illuminate\\Pipeline\\Pipeline->{closure:{closure:Illuminate\\Pipeline\\Pipeline::carry():184}:185}()
#43 /home/pranjal/Pranjal/vscode/Files/core/vendor/laravel/framework/src/Illuminate/Session/Middleware/StartSession.php(64): Illuminate\\Session\\Middleware\\StartSession->handleStatefulRequest()
#44 /home/pranjal/Pranjal/vscode/Files/core/vendor/laravel/framework/src/Illuminate/Pipeline/Pipeline.php(209): Illuminate\\Session\\Middleware\\StartSession->handle()
#45 /home/pranjal/Pranjal/vscode/Files/core/vendor/laravel/framework/src/Illuminate/Cookie/Middleware/AddQueuedCookiesToResponse.php(37): Illuminate\\Pipeline\\Pipeline->{closure:{closure:Illuminate\\Pipeline\\Pipeline::carry():184}:185}()
#46 /home/pranjal/Pranjal/vscode/Files/core/vendor/laravel/framework/src/Illuminate/Pipeline/Pipeline.php(209): Illuminate\\Cookie\\Middleware\\AddQueuedCookiesToResponse->handle()
#47 /home/pranjal/Pranjal/vscode/Files/core/vendor/laramin/utility/src/Utility.php(15): Illuminate\\Pipeline\\Pipeline->{closure:{closure:Illuminate\\Pipeline\\Pipeline::carry():184}:185}()
#48 /home/pranjal/Pranjal/vscode/Files/core/vendor/laravel/framework/src/Illuminate/Pipeline/Pipeline.php(209): Laramin\\Utility\\Utility->handle()
#49 /home/pranjal/Pranjal/vscode/Files/core/vendor/laravel/framework/src/Illuminate/Pipeline/Pipeline.php(127): Illuminate\\Pipeline\\Pipeline->{closure:{closure:Illuminate\\Pipeline\\Pipeline::carry():184}:185}()
#50 /home/pranjal/Pranjal/vscode/Files/core/vendor/laravel/framework/src/Illuminate/Routing/Router.php(807): Illuminate\\Pipeline\\Pipeline->then()
#51 /home/pranjal/Pranjal/vscode/Files/core/vendor/laravel/framework/src/Illuminate/Routing/Router.php(786): Illuminate\\Routing\\Router->runRouteWithinStack()
#52 /home/pranjal/Pranjal/vscode/Files/core/vendor/laravel/framework/src/Illuminate/Routing/Router.php(750): Illuminate\\Routing\\Router->runRoute()
#53 /home/pranjal/Pranjal/vscode/Files/core/vendor/laravel/framework/src/Illuminate/Routing/Router.php(739): Illuminate\\Routing\\Router->dispatchToRoute()
#54 /home/pranjal/Pranjal/vscode/Files/core/vendor/laravel/framework/src/Illuminate/Foundation/Http/Kernel.php(201): Illuminate\\Routing\\Router->dispatch()
#55 /home/pranjal/Pranjal/vscode/Files/core/vendor/laravel/framework/src/Illuminate/Pipeline/Pipeline.php(170): Illuminate\\Foundation\\Http\\Kernel->{closure:Illuminate\\Foundation\\Http\\Kernel::dispatchToRouter():198}()
#56 /home/pranjal/Pranjal/vscode/Files/core/vendor/laravel/framework/src/Illuminate/Foundation/Http/Middleware/TransformsRequest.php(21): Illuminate\\Pipeline\\Pipeline->{closure:Illuminate\\Pipeline\\Pipeline::prepareDestination():168}()
#57 /home/pranjal/Pranjal/vscode/Files/core/vendor/laravel/framework/src/Illuminate/Foundation/Http/Middleware/ConvertEmptyStringsToNull.php(31): Illuminate\\Foundation\\Http\\Middleware\\TransformsRequest->handle()
#58 /home/pranjal/Pranjal/vscode/Files/core/vendor/laravel/framework/src/Illuminate/Pipeline/Pipeline.php(209): Illuminate\\Foundation\\Http\\Middleware\\ConvertEmptyStringsToNull->handle()
#59 /home/pranjal/Pranjal/vscode/Files/core/vendor/laravel/framework/src/Illuminate/Foundation/Http/Middleware/TransformsRequest.php(21): Illuminate\\Pipeline\\Pipeline->{closure:{closure:Illuminate\\Pipeline\\Pipeline::carry():184}:185}()
#60 /home/pranjal/Pranjal/vscode/Files/core/vendor/laravel/framework/src/Illuminate/Foundation/Http/Middleware/TrimStrings.php(51): Illuminate\\Foundation\\Http\\Middleware\\TransformsRequest->handle()
#61 /home/pranjal/Pranjal/vscode/Files/core/vendor/laravel/framework/src/Illuminate/Pipeline/Pipeline.php(209): Illuminate\\Foundation\\Http\\Middleware\\TrimStrings->handle()
#62 /home/pranjal/Pranjal/vscode/Files/core/vendor/laravel/framework/src/Illuminate/Http/Middleware/ValidatePostSize.php(27): Illuminate\\Pipeline\\Pipeline->{closure:{closure:Illuminate\\Pipeline\\Pipeline::carry():184}:185}()
#63 /home/pranjal/Pranjal/vscode/Files/core/vendor/laravel/framework/src/Illuminate/Pipeline/Pipeline.php(209): Illuminate\\Http\\Middleware\\ValidatePostSize->handle()
#64 /home/pranjal/Pranjal/vscode/Files/core/vendor/laravel/framework/src/Illuminate/Foundation/Http/Middleware/PreventRequestsDuringMaintenance.php(110): Illuminate\\Pipeline\\Pipeline->{closure:{closure:Illuminate\\Pipeline\\Pipeline::carry():184}:185}()
#65 /home/pranjal/Pranjal/vscode/Files/core/vendor/laravel/framework/src/Illuminate/Pipeline/Pipeline.php(209): Illuminate\\Foundation\\Http\\Middleware\\PreventRequestsDuringMaintenance->handle()
#66 /home/pranjal/Pranjal/vscode/Files/core/vendor/laravel/framework/src/Illuminate/Http/Middleware/HandleCors.php(49): Illuminate\\Pipeline\\Pipeline->{closure:{closure:Illuminate\\Pipeline\\Pipeline::carry():184}:185}()
#67 /home/pranjal/Pranjal/vscode/Files/core/vendor/laravel/framework/src/Illuminate/Pipeline/Pipeline.php(209): Illuminate\\Http\\Middleware\\HandleCors->handle()
#68 /home/pranjal/Pranjal/vscode/Files/core/vendor/laravel/framework/src/Illuminate/Http/Middleware/TrustProxies.php(58): Illuminate\\Pipeline\\Pipeline->{closure:{closure:Illuminate\\Pipeline\\Pipeline::carry():184}:185}()
#69 /home/pranjal/Pranjal/vscode/Files/core/vendor/laravel/framework/src/Illuminate/Pipeline/Pipeline.php(209): Illuminate\\Http\\Middleware\\TrustProxies->handle()
#70 /home/pranjal/Pranjal/vscode/Files/core/vendor/laravel/framework/src/Illuminate/Foundation/Http/Middleware/InvokeDeferredCallbacks.php(22): Illuminate\\Pipeline\\Pipeline->{closure:{closure:Illuminate\\Pipeline\\Pipeline::carry():184}:185}()
#71 /home/pranjal/Pranjal/vscode/Files/core/vendor/laravel/framework/src/Illuminate/Pipeline/Pipeline.php(209): Illuminate\\Foundation\\Http\\Middleware\\InvokeDeferredCallbacks->handle()
#72 /home/pranjal/Pranjal/vscode/Files/core/vendor/laramin/utility/src/Utility.php(15): Illuminate\\Pipeline\\Pipeline->{closure:{closure:Illuminate\\Pipeline\\Pipeline::carry():184}:185}()
#73 /home/pranjal/Pranjal/vscode/Files/core/vendor/laravel/framework/src/Illuminate/Pipeline/Pipeline.php(209): Laramin\\Utility\\Utility->handle()
#74 /home/pranjal/Pranjal/vscode/Files/core/vendor/laravel/framework/src/Illuminate/Pipeline/Pipeline.php(127): Illuminate\\Pipeline\\Pipeline->{closure:{closure:Illuminate\\Pipeline\\Pipeline::carry():184}:185}()
#75 /home/pranjal/Pranjal/vscode/Files/core/vendor/laravel/framework/src/Illuminate/Foundation/Http/Kernel.php(176): Illuminate\\Pipeline\\Pipeline->then()
#76 /home/pranjal/Pranjal/vscode/Files/core/vendor/laravel/framework/src/Illuminate/Foundation/Http/Kernel.php(145): Illuminate\\Foundation\\Http\\Kernel->sendRequestThroughRouter()
#77 /home/pranjal/Pranjal/vscode/Files/core/vendor/laravel/framework/src/Illuminate/Foundation/Application.php(1220): Illuminate\\Foundation\\Http\\Kernel->handle()
#78 /home/pranjal/Pranjal/vscode/Files/index.php(17): Illuminate\\Foundation\\Application->handleRequest()
#79 {main}
"} 
[2026-07-26 16:35:51] production.ERROR: Undefined array key "version" (View: /home/pranjal/Pranjal/vscode/Files/core/resources/views/admin/layouts/app.blade.php) (View: /home/pranjal/Pranjal/vscode/Files/core/resources/views/admin/layouts/app.blade.php) {"exception":"[object] (Illuminate\\View\\ViewException(code: 0): Undefined array key \"version\" (View: /home/pranjal/Pranjal/vscode/Files/core/resources/views/admin/layouts/app.blade.php) (View: /home/pranjal/Pranjal/vscode/Files/core/resources/views/admin/layouts/app.blade.php) at /home/pranjal/Pranjal/vscode/Files/core/app/Providers/AppServiceProvider.php:60)
[stacktrace]
#0 /home/pranjal/Pranjal/vscode/Files/core/vendor/laravel/framework/src/Illuminate/View/Engines/PhpEngine.php(60): Illuminate\\View\\Engines\\CompilerEngine->handleViewException()
#1 /home/pranjal/Pranjal/vscode/Files/core/vendor/laravel/framework/src/Illuminate/View/Engines/CompilerEngine.php(75): Illuminate\\View\\Engines\\PhpEngine->evaluatePath()
#2 /home/pranjal/Pranjal/vscode/Files/core/vendor/laravel/framework/src/Illuminate/View/View.php(209): Illuminate\\View\\Engines\\CompilerEngine->get()
#3 /home/pranjal/Pranjal/vscode/Files/core/vendor/laravel/framework/src/Illuminate/View/View.php(192): Illuminate\\View\\View->getContents()
#4 /home/pranjal/Pranjal/vscode/Files/core/vendor/laravel/framework/src/Illuminate/View/View.php(161): Illuminate\\View\\View->renderContents()
#5 /home/pranjal/Pranjal/vscode/Files/core/vendor/laravel/framework/src/Illuminate/Http/Response.php(79): Illuminate\\View\\View->render()
#6 /home/pranjal/Pranjal/vscode/Files/core/vendor/laravel/framework/src/Illuminate/Http/Response.php(35): Illuminate\\Http\\Response->setContent()
#7 /home/pranjal/Pranjal/vscode/Files/core/vendor/laravel/framework/src/Illuminate/Routing/Router.php(920): Illuminate\\Http\\Response->__construct()
#8 /home/pranjal/Pranjal/vscode/Files/core/vendor/laravel/framework/src/Illuminate/Routing/Router.php(887): Illuminate\\Routing\\Router::toResponse()
#9 /home/pranjal/Pranjal/vscode/Files/core/vendor/laravel/framework/src/Illuminate/Routing/Router.php(807): Illuminate\\Routing\\Router->prepareResponse()
#10 /home/pranjal/Pranjal/vscode/Files/core/vendor/laravel/framework/src/Illuminate/Pipeline/Pipeline.php(170): Illuminate\\Routing\\Router->{closure:Illuminate\\Routing\\Router::runRouteWithinStack():807}()
#11 /home/pranjal/Pranjal/vscode/Files/core/app/Http/Middleware/RedirectIfNotAdmin.php(22): Illuminate\\Pipeline\\Pipeline->{closure:Illuminate\\Pipeline\\Pipeline::prepareDestination():168}()
#12 /home/pranjal/Pranjal/vscode/Files/core/vendor/laravel/framework/src/Illuminate/Pipeline/Pipeline.php(209): App\\Http\\Middleware\\RedirectIfNotAdmin->handle()
#13 /home/pranjal/Pranjal/vscode/Files/core/app/Http/Middleware/ActiveTemplateMiddleware.php(31): Illuminate\\Pipeline\\Pipeline->{closure:{closure:Illuminate\\Pipeline\\Pipeline::carry():184}:185}()
#14 /home/pranjal/Pranjal/vscode/Files/core/vendor/laravel/framework/src/Illuminate/Pipeline/Pipeline.php(209): App\\Http\\Middleware\\ActiveTemplateMiddleware->handle()
#15 /home/pranjal/Pranjal/vscode/Files/core/app/Http/Middleware/LanguageMiddleware.php(22): Illuminate\\Pipeline\\Pipeline->{closure:{closure:Illuminate\\Pipeline\\Pipeline::carry():184}:185}()
#16 /home/pranjal/Pranjal/vscode/Files/core/vendor/laravel/framework/src/Illuminate/Pipeline/Pipeline.php(209): App\\Http\\Middleware\\LanguageMiddleware->handle()
#17 /home/pranjal/Pranjal/vscode/Files/core/vendor/laravel/framework/src/Illuminate/Routing/Middleware/SubstituteBindings.php(51): Illuminate\\Pipeline\\Pipeline->{closure:{closure:Illuminate\\Pipeline\\Pipeline::carry():184}:185}()
#18 /home/pranjal/Pranjal/vscode/Files/core/vendor/laravel/framework/src/Illuminate/Pipeline/Pipeline.php(209): Illuminate\\Routing\\Middleware\\SubstituteBindings->handle()
#19 /home/pranjal/Pranjal/vscode/Files/core/vendor/laravel/framework/src/Illuminate/Foundation/Http/Middleware/VerifyCsrfToken.php(88): Illuminate\\Pipeline\\Pipeline->{closure:{closure:Illuminate\\Pipeline\\Pipeline::carry():184}:185}()
#20 /home/pranjal/Pranjal/vscode/Files/core/vendor/laravel/framework/src/Illuminate/Pipeline/Pipeline.php(209): Illuminate\\Foundation\\Http\\Middleware\\VerifyCsrfToken->handle()
#21 /home/pranjal/Pranjal/vscode/Files/core/vendor/laravel/framework/src/Illuminate/View/Middleware/ShareErrorsFromSession.php(49): Illuminate\\Pipeline\\Pipeline->{closure:{closure:Illuminate\\Pipeline\\Pipeline::carry():184}:185}()
#22 /home/pranjal/Pranjal/vscode/Files/core/vendor/laravel/framework/src/Illuminate/Pipeline/Pipeline.php(209): Illuminate\\View\\Middleware\\ShareErrorsFromSession->handle()
#23 /home/pranjal/Pranjal/vscode/Files/core/vendor/laravel/framework/src/Illuminate/Session/Middleware/StartSession.php(121): Illuminate\\Pipeline\\Pipeline->{closure:{closure:Illuminate\\Pipeline\\Pipeline::carry():184}:185}()
#24 /home/pranjal/Pranjal/vscode/Files/core/vendor/laravel/framework/src/Illuminate/Session/Middleware/StartSession.php(64): Illuminate\\Session\\Middleware\\StartSession->handleStatefulRequest()
#25 /home/pranjal/Pranjal/vscode/Files/core/vendor/laravel/framework/src/Illuminate/Pipeline/Pipeline.php(209): Illuminate\\Session\\Middleware\\StartSession->handle()
#26 /home/pranjal/Pranjal/vscode/Files/core/vendor/laravel/framework/src/Illuminate/Cookie/Middleware/AddQueuedCookiesToResponse.php(37): Illuminate\\Pipeline\\Pipeline->{closure:{closure:Illuminate\\Pipeline\\Pipeline::carry():184}:185}()
#27 /home/pranjal/Pranjal/vscode/Files/core/vendor/laravel/framework/src/Illuminate/Pipeline/Pipeline.php(209): Illuminate\\Cookie\\Middleware\\AddQueuedCookiesToResponse->handle()
#28 /home/pranjal/Pranjal/vscode/Files/core/vendor/laramin/utility/src/Utility.php(15): Illuminate\\Pipeline\\Pipeline->{closure:{closure:Illuminate\\Pipeline\\Pipeline::carry():184}:185}()
#29 /home/pranjal/Pranjal/vscode/Files/core/vendor/laravel/framework/src/Illuminate/Pipeline/Pipeline.php(209): Laramin\\Utility\\Utility->handle()
#30 /home/pranjal/Pranjal/vscode/Files/core/vendor/laravel/framework/src/Illuminate/Pipeline/Pipeline.php(127): Illuminate\\Pipeline\\Pipeline->{closure:{closure:Illuminate\\Pipeline\\Pipeline::carry():184}:185}()
#31 /home/pranjal/Pranjal/vscode/Files/core/vendor/laravel/framework/src/Illuminate/Routing/Router.php(807): Illuminate\\Pipeline\\Pipeline->then()
#32 /home/pranjal/Pranjal/vscode/Files/core/vendor/laravel/framework/src/Illuminate/Routing/Router.php(786): Illuminate\\Routing\\Router->runRouteWithinStack()
#33 /home/pranjal/Pranjal/vscode/Files/core/vendor/laravel/framework/src/Illuminate/Routing/Router.php(750): Illuminate\\Routing\\Router->runRoute()
#34 /home/pranjal/Pranjal/vscode/Files/core/vendor/laravel/framework/src/Illuminate/Routing/Router.php(739): Illuminate\\Routing\\Router->dispatchToRoute()
#35 /home/pranjal/Pranjal/vscode/Files/core/vendor/laravel/framework/src/Illuminate/Foundation/Http/Kernel.php(201): Illuminate\\Routing\\Router->dispatch()
#36 /home/pranjal/Pranjal/vscode/Files/core/vendor/laravel/framework/src/Illuminate/Pipeline/Pipeline.php(170): Illuminate\\Foundation\\Http\\Kernel->{closure:Illuminate\\Foundation\\Http\\Kernel::dispatchToRouter():198}()
#37 /home/pranjal/Pranjal/vscode/Files/core/vendor/laravel/framework/src/Illuminate/Foundation/Http/Middleware/TransformsRequest.php(21): Illuminate\\Pipeline\\Pipeline->{closure:Illuminate\\Pipeline\\Pipeline::prepareDestination():168}()
#38 /home/pranjal/Pranjal/vscode/Files/core/vendor/laravel/framework/src/Illuminate/Foundation/Http/Middleware/ConvertEmptyStringsToNull.php(31): Illuminate\\Foundation\\Http\\Middleware\\TransformsRequest->handle()
#39 /home/pranjal/Pranjal/vscode/Files/core/vendor/laravel/framework/src/Illuminate/Pipeline/Pipeline.php(209): Illuminate\\Foundation\\Http\\Middleware\\ConvertEmptyStringsToNull->handle()
#40 /home/pranjal/Pranjal/vscode/Files/core/vendor/laravel/framework/src/Illuminate/Foundation/Http/Middleware/TransformsRequest.php(21): Illuminate\\Pipeline\\Pipeline->{closure:{closure:Illuminate\\Pipeline\\Pipeline::carry():184}:185}()
#41 /home/pranjal/Pranjal/vscode/Files/core/vendor/laravel/framework/src/Illuminate/Foundation/Http/Middleware/TrimStrings.php(51): Illuminate\\Foundation\\Http\\Middleware\\TransformsRequest->handle()
#42 /home/pranjal/Pranjal/vscode/Files/core/vendor/laravel/framework/src/Illuminate/Pipeline/Pipeline.php(209): Illuminate\\Foundation\\Http\\Middleware\\TrimStrings->handle()
#43 /home/pranjal/Pranjal/vscode/Files/core/vendor/laravel/framework/src/Illuminate/Http/Middleware/ValidatePostSize.php(27): Illuminate\\Pipeline\\Pipeline->{closure:{closure:Illuminate\\Pipeline\\Pipeline::carry():184}:185}()
#44 /home/pranjal/Pranjal/vscode/Files/core/vendor/laravel/framework/src/Illuminate/Pipeline/Pipeline.php(209): Illuminate\\Http\\Middleware\\ValidatePostSize->handle()
#45 /home/pranjal/Pranjal/vscode/Files/core/vendor/laravel/framework/src/Illuminate/Foundation/Http/Middleware/PreventRequestsDuringMaintenance.php(110): Illuminate\\Pipeline\\Pipeline->{closure:{closure:Illuminate\\Pipeline\\Pipeline::carry():184}:185}()
#46 /home/pranjal/Pranjal/vscode/Files/core/vendor/laravel/framework/src/Illuminate/Pipeline/Pipeline.php(209): Illuminate\\Foundation\\Http\\Middleware\\PreventRequestsDuringMaintenance->handle()
#47 /home/pranjal/Pranjal/vscode/Files/core/vendor/laravel/framework/src/Illuminate/Http/Middleware/HandleCors.php(49): Illuminate\\Pipeline\\Pipeline->{closure:{closure:Illuminate\\Pipeline\\Pipeline::carry():184}:185}()
#48 /home/pranjal/Pranjal/vscode/Files/core/vendor/laravel/framework/src/Illuminate/Pipeline/Pipeline.php(209): Illuminate\\Http\\Middleware\\HandleCors->handle()
#49 /home/pranjal/Pranjal/vscode/Files/core/vendor/laravel/framework/src/Illuminate/Http/Middleware/TrustProxies.php(58): Illuminate\\Pipeline\\Pipeline->{closure:{closure:Illuminate\\Pipeline\\Pipeline::carry():184}:185}()
#50 /home/pranjal/Pranjal/vscode/Files/core/vendor/laravel/framework/src/Illuminate/Pipeline/Pipeline.php(209): Illuminate\\Http\\Middleware\\TrustProxies->handle()
#51 /home/pranjal/Pranjal/vscode/Files/core/vendor/laravel/framework/src/Illuminate/Foundation/Http/Middleware/InvokeDeferredCallbacks.php(22): Illuminate\\Pipeline\\Pipeline->{closure:{closure:Illuminate\\Pipeline\\Pipeline::carry():184}:185}()
#52 /home/pranjal/Pranjal/vscode/Files/core/vendor/laravel/framework/src/Illuminate/Pipeline/Pipeline.php(209): Illuminate\\Foundation\\Http\\Middleware\\InvokeDeferredCallbacks->handle()
#53 /home/pranjal/Pranjal/vscode/Files/core/vendor/laramin/utility/src/Utility.php(15): Illuminate\\Pipeline\\Pipeline->{closure:{closure:Illuminate\\Pipeline\\Pipeline::carry():184}:185}()
#54 /home/pranjal/Pranjal/vscode/Files/core/vendor/laravel/framework/src/Illuminate/Pipeline/Pipeline.php(209): Laramin\\Utility\\Utility->handle()
#55 /home/pranjal/Pranjal/vscode/Files/core/vendor/laravel/framework/src/Illuminate/Pipeline/Pipeline.php(127): Illuminate\\Pipeline\\Pipeline->{closure:{closure:Illuminate\\Pipeline\\Pipeline::carry():184}:185}()
#56 /home/pranjal/Pranjal/vscode/Files/core/vendor/laravel/framework/src/Illuminate/Foundation/Http/Kernel.php(176): Illuminate\\Pipeline\\Pipeline->then()
#57 /home/pranjal/Pranjal/vscode/Files/core/vendor/laravel/framework/src/Illuminate/Foundation/Http/Kernel.php(145): Illuminate\\Foundation\\Http\\Kernel->sendRequestThroughRouter()
#58 /home/pranjal/Pranjal/vscode/Files/core/vendor/laravel/framework/src/Illuminate/Foundation/Application.php(1220): Illuminate\\Foundation\\Http\\Kernel->handle()
#59 /home/pranjal/Pranjal/vscode/Files/index.php(17): Illuminate\\Foundation\\Application->handleRequest()
#60 {main}

[previous exception] [object] (Illuminate\\View\\ViewException(code: 0): Undefined array key \"version\" (View: /home/pranjal/Pranjal/vscode/Files/core/resources/views/admin/layouts/app.blade.php) at /home/pranjal/Pranjal/vscode/Files/core/app/Providers/AppServiceProvider.php:60)
[stacktrace]
#0 /home/pranjal/Pranjal/vscode/Files/core/vendor/laravel/framework/src/Illuminate/View/Engines/PhpEngine.php(60): Illuminate\\View\\Engines\\CompilerEngine->handleViewException()
#1 /home/pranjal/Pranjal/vscode/Files/core/vendor/laravel/framework/src/Illuminate/View/Engines/CompilerEngine.php(75): Illuminate\\View\\Engines\\PhpEngine->evaluatePath()
#2 /home/pranjal/Pranjal/vscode/Files/core/vendor/laravel/framework/src/Illuminate/View/View.php(209): Illuminate\\View\\Engines\\CompilerEngine->get()
#3 /home/pranjal/Pranjal/vscode/Files/core/vendor/laravel/framework/src/Illuminate/View/View.php(192): Illuminate\\View\\View->getContents()
#4 /home/pranjal/Pranjal/vscode/Files/core/vendor/laravel/framework/src/Illuminate/View/View.php(161): Illuminate\\View\\View->renderContents()
#5 /home/pranjal/Pranjal/vscode/Files/core/storage/framework/views/352e4f31816487ef220ed296bddaef8a.php(341): Illuminate\\View\\View->render()
#6 /home/pranjal/Pranjal/vscode/Files/core/vendor/laravel/framework/src/Illuminate/Filesystem/Filesystem.php(123): require('...')
#7 /home/pranjal/Pranjal/vscode/Files/core/vendor/laravel/framework/src/Illuminate/Filesystem/Filesystem.php(124): Illuminate\\Filesystem\\Filesystem::{closure:Illuminate\\Filesystem\\Filesystem::getRequire():120}()
#8 /home/pranjal/Pranjal/vscode/Files/core/vendor/laravel/framework/src/Illuminate/View/Engines/PhpEngine.php(58): Illuminate\\Filesystem\\Filesystem->getRequire()
#9 /home/pranjal/Pranjal/vscode/Files/core/vendor/laravel/framework/src/Illuminate/View/Engines/CompilerEngine.php(75): Illuminate\\View\\Engines\\PhpEngine->evaluatePath()
#10 /home/pranjal/Pranjal/vscode/Files/core/vendor/laravel/framework/src/Illuminate/View/View.php(209): Illuminate\\View\\Engines\\CompilerEngine->get()
#11 /home/pranjal/Pranjal/vscode/Files/core/vendor/laravel/framework/src/Illuminate/View/View.php(192): Illuminate\\View\\View->getContents()
#12 /home/pranjal/Pranjal/vscode/Files/core/vendor/laravel/framework/src/Illuminate/View/View.php(161): Illuminate\\View\\View->renderContents()
#13 /home/pranjal/Pranjal/vscode/Files/core/vendor/laravel/framework/src/Illuminate/Http/Response.php(79): Illuminate\\View\\View->render()
#14 /home/pranjal/Pranjal/vscode/Files/core/vendor/laravel/framework/src/Illuminate/Http/Response.php(35): Illuminate\\Http\\Response->setContent()
#15 /home/pranjal/Pranjal/vscode/Files/core/vendor/laravel/framework/src/Illuminate/Routing/Router.php(920): Illuminate\\Http\\Response->__construct()
#16 /home/pranjal/Pranjal/vscode/Files/core/vendor/laravel/framework/src/Illuminate/Routing/Router.php(887): Illuminate\\Routing\\Router::toResponse()
#17 /home/pranjal/Pranjal/vscode/Files/core/vendor/laravel/framework/src/Illuminate/Routing/Router.php(807): Illuminate\\Routing\\Router->prepareResponse()
#18 /home/pranjal/Pranjal/vscode/Files/core/vendor/laravel/framework/src/Illuminate/Pipeline/Pipeline.php(170): Illuminate\\Routing\\Router->{closure:Illuminate\\Routing\\Router::runRouteWithinStack():807}()
#19 /home/pranjal/Pranjal/vscode/Files/core/app/Http/Middleware/RedirectIfNotAdmin.php(22): Illuminate\\Pipeline\\Pipeline->{closure:Illuminate\\Pipeline\\Pipeline::prepareDestination():168}()
#20 /home/pranjal/Pranjal/vscode/Files/core/vendor/laravel/framework/src/Illuminate/Pipeline/Pipeline.php(209): App\\Http\\Middleware\\RedirectIfNotAdmin->handle()
#21 /home/pranjal/Pranjal/vscode/Files/core/app/Http/Middleware/ActiveTemplateMiddleware.php(31): Illuminate\\Pipeline\\Pipeline->{closure:{closure:Illuminate\\Pipeline\\Pipeline::carry():184}:185}()
#22 /home/pranjal/Pranjal/vscode/Files/core/vendor/laravel/framework/src/Illuminate/Pipeline/Pipeline.php(209): App\\Http\\Middleware\\ActiveTemplateMiddleware->handle()
#23 /home/pranjal/Pranjal/vscode/Files/core/app/Http/Middleware/LanguageMiddleware.php(22): Illuminate\\Pipeline\\Pipeline->{closure:{closure:Illuminate\\Pipeline\\Pipeline::carry():184}:185}()
#24 /home/pranjal/Pranjal/vscode/Files/core/vendor/laravel/framework/src/Illuminate/Pipeline/Pipeline.php(209): App\\Http\\Middleware\\LanguageMiddleware->handle()
#25 /home/pranjal/Pranjal/vscode/Files/core/vendor/laravel/framework/src/Illuminate/Routing/Middleware/SubstituteBindings.php(51): Illuminate\\Pipeline\\Pipeline->{closure:{closure:Illuminate\\Pipeline\\Pipeline::carry():184}:185}()
#26 /home/pranjal/Pranjal/vscode/Files/core/vendor/laravel/framework/src/Illuminate/Pipeline/Pipeline.php(209): Illuminate\\Routing\\Middleware\\SubstituteBindings->handle()
#27 /home/pranjal/Pranjal/vscode/Files/core/vendor/laravel/framework/src/Illuminate/Foundation/Http/Middleware/VerifyCsrfToken.php(88): Illuminate\\Pipeline\\Pipeline->{closure:{closure:Illuminate\\Pipeline\\Pipeline::carry():184}:185}()
#28 /home/pranjal/Pranjal/vscode/Files/core/vendor/laravel/framework/src/Illuminate/Pipeline/Pipeline.php(209): Illuminate\\Foundation\\Http\\Middleware\\VerifyCsrfToken->handle()
#29 /home/pranjal/Pranjal/vscode/Files/core/vendor/laravel/framework/src/Illuminate/View/Middleware/ShareErrorsFromSession.php(49): Illuminate\\Pipeline\\Pipeline->{closure:{closure:Illuminate\\Pipeline\\Pipeline::carry():184}:185}()
#30 /home/pranjal/Pranjal/vscode/Files/core/vendor/laravel/framework/src/Illuminate/Pipeline/Pipeline.php(209): Illuminate\\View\\Middleware\\ShareErrorsFromSession->handle()
#31 /home/pranjal/Pranjal/vscode/Files/core/vendor/laravel/framework/src/Illuminate/Session/Middleware/StartSession.php(121): Illuminate\\Pipeline\\Pipeline->{closure:{closure:Illuminate\\Pipeline\\Pipeline::carry():184}:185}()
#32 /home/pranjal/Pranjal/vscode/Files/core/vendor/laravel/framework/src/Illuminate/Session/Middleware/StartSession.php(64): Illuminate\\Session\\Middleware\\StartSession->handleStatefulRequest()
#33 /home/pranjal/Pranjal/vscode/Files/core/vendor/laravel/framework/src/Illuminate/Pipeline/Pipeline.php(209): Illuminate\\Session\\Middleware\\StartSession->handle()
#34 /home/pranjal/Pranjal/vscode/Files/core/vendor/laravel/framework/src/Illuminate/Cookie/Middleware/AddQueuedCookiesToResponse.php(37): Illuminate\\Pipeline\\Pipeline->{closure:{closure:Illuminate\\Pipeline\\Pipeline::carry():184}:185}()
#35 /home/pranjal/Pranjal/vscode/Files/core/vendor/laravel/framework/src/Illuminate/Pipeline/Pipeline.php(209): Illuminate\\Cookie\\Middleware\\AddQueuedCookiesToResponse->handle()
#36 /home/pranjal/Pranjal/vscode/Files/core/vendor/laramin/utility/src/Utility.php(15): Illuminate\\Pipeline\\Pipeline->{closure:{closure:Illuminate\\Pipeline\\Pipeline::carry():184}:185}()
#37 /home/pranjal/Pranjal/vscode/Files/core/vendor/laravel/framework/src/Illuminate/Pipeline/Pipeline.php(209): Laramin\\Utility\\Utility->handle()
#38 /home/pranjal/Pranjal/vscode/Files/core/vendor/laravel/framework/src/Illuminate/Pipeline/Pipeline.php(127): Illuminate\\Pipeline\\Pipeline->{closure:{closure:Illuminate\\Pipeline\\Pipeline::carry():184}:185}()
#39 /home/pranjal/Pranjal/vscode/Files/core/vendor/laravel/framework/src/Illuminate/Routing/Router.php(807): Illuminate\\Pipeline\\Pipeline->then()
#40 /home/pranjal/Pranjal/vscode/Files/core/vendor/laravel/framework/src/Illuminate/Routing/Router.php(786): Illuminate\\Routing\\Router->runRouteWithinStack()
#41 /home/pranjal/Pranjal/vscode/Files/core/vendor/laravel/framework/src/Illuminate/Routing/Router.php(750): Illuminate\\Routing\\Router->runRoute()
#42 /home/pranjal/Pranjal/vscode/Files/core/vendor/laravel/framework/src/Illuminate/Routing/Router.php(739): Illuminate\\Routing\\Router->dispatchToRoute()
#43 /home/pranjal/Pranjal/vscode/Files/core/vendor/laravel/framework/src/Illuminate/Foundation/Http/Kernel.php(201): Illuminate\\Routing\\Router->dispatch()
#44 /home/pranjal/Pranjal/vscode/Files/core/vendor/laravel/framework/src/Illuminate/Pipeline/Pipeline.php(170): Illuminate\\Foundation\\Http\\Kernel->{closure:Illuminate\\Foundation\\Http\\Kernel::dispatchToRouter():198}()
#45 /home/pranjal/Pranjal/vscode/Files/core/vendor/laravel/framework/src/Illuminate/Foundation/Http/Middleware/TransformsRequest.php(21): Illuminate\\Pipeline\\Pipeline->{closure:Illuminate\\Pipeline\\Pipeline::prepareDestination():168}()
#46 /home/pranjal/Pranjal/vscode/Files/core/vendor/laravel/framework/src/Illuminate/Foundation/Http/Middleware/ConvertEmptyStringsToNull.php(31): Illuminate\\Foundation\\Http\\Middleware\\TransformsRequest->handle()
#47 /home/pranjal/Pranjal/vscode/Files/core/vendor/laravel/framework/src/Illuminate/Pipeline/Pipeline.php(209): Illuminate\\Foundation\\Http\\Middleware\\ConvertEmptyStringsToNull->handle()
#48 /home/pranjal/Pranjal/vscode/Files/core/vendor/laravel/framework/src/Illuminate/Foundation/Http/Middleware/TransformsRequest.php(21): Illuminate\\Pipeline\\Pipeline->{closure:{closure:Illuminate\\Pipeline\\Pipeline::carry():184}:185}()
#49 /home/pranjal/Pranjal/vscode/Files/core/vendor/laravel/framework/src/Illuminate/Foundation/Http/Middleware/TrimStrings.php(51): Illuminate\\Foundation\\Http\\Middleware\\TransformsRequest->handle()
#50 /home/pranjal/Pranjal/vscode/Files/core/vendor/laravel/framework/src/Illuminate/Pipeline/Pipeline.php(209): Illuminate\\Foundation\\Http\\Middleware\\TrimStrings->handle()
#51 /home/pranjal/Pranjal/vscode/Files/core/vendor/laravel/framework/src/Illuminate/Http/Middleware/ValidatePostSize.php(27): Illuminate\\Pipeline\\Pipeline->{closure:{closure:Illuminate\\Pipeline\\Pipeline::carry():184}:185}()
#52 /home/pranjal/Pranjal/vscode/Files/core/vendor/laravel/framework/src/Illuminate/Pipeline/Pipeline.php(209): Illuminate\\Http\\Middleware\\ValidatePostSize->handle()
#53 /home/pranjal/Pranjal/vscode/Files/core/vendor/laravel/framework/src/Illuminate/Foundation/Http/Middleware/PreventRequestsDuringMaintenance.php(110): Illuminate\\Pipeline\\Pipeline->{closure:{closure:Illuminate\\Pipeline\\Pipeline::carry():184}:185}()
#54 /home/pranjal/Pranjal/vscode/Files/core/vendor/laravel/framework/src/Illuminate/Pipeline/Pipeline.php(209): Illuminate\\Foundation\\Http\\Middleware\\PreventRequestsDuringMaintenance->handle()
#55 /home/pranjal/Pranjal/vscode/Files/core/vendor/laravel/framework/src/Illuminate/Http/Middleware/HandleCors.php(49): Illuminate\\Pipeline\\Pipeline->{closure:{closure:Illuminate\\Pipeline\\Pipeline::carry():184}:185}()
#56 /home/pranjal/Pranjal/vscode/Files/core/vendor/laravel/framework/src/Illuminate/Pipeline/Pipeline.php(209): Illuminate\\Http\\Middleware\\HandleCors->handle()
#57 /home/pranjal/Pranjal/vscode/Files/core/vendor/laravel/framework/src/Illuminate/Http/Middleware/TrustProxies.php(58): Illuminate\\Pipeline\\Pipeline->{closure:{closure:Illuminate\\Pipeline\\Pipeline::carry():184}:185}()
#58 /home/pranjal/Pranjal/vscode/Files/core/vendor/laravel/framework/src/Illuminate/Pipeline/Pipeline.php(209): Illuminate\\Http\\Middleware\\TrustProxies->handle()
#59 /home/pranjal/Pranjal/vscode/Files/core/vendor/laravel/framework/src/Illuminate/Foundation/Http/Middleware/InvokeDeferredCallbacks.php(22): Illuminate\\Pipeline\\Pipeline->{closure:{closure:Illuminate\\Pipeline\\Pipeline::carry():184}:185}()
#60 /home/pranjal/Pranjal/vscode/Files/core/vendor/laravel/framework/src/Illuminate/Pipeline/Pipeline.php(209): Illuminate\\Foundation\\Http\\Middleware\\InvokeDeferredCallbacks->handle()
#61 /home/pranjal/Pranjal/vscode/Files/core/vendor/laramin/utility/src/Utility.php(15): Illuminate\\Pipeline\\Pipeline->{closure:{closure:Illuminate\\Pipeline\\Pipeline::carry():184}:185}()
#62 /home/pranjal/Pranjal/vscode/Files/core/vendor/laravel/framework/src/Illuminate/Pipeline/Pipeline.php(209): Laramin\\Utility\\Utility->handle()
#63 /home/pranjal/Pranjal/vscode/Files/core/vendor/laravel/framework/src/Illuminate/Pipeline/Pipeline.php(127): Illuminate\\Pipeline\\Pipeline->{closure:{closure:Illuminate\\Pipeline\\Pipeline::carry():184}:185}()
#64 /home/pranjal/Pranjal/vscode/Files/core/vendor/laravel/framework/src/Illuminate/Foundation/Http/Kernel.php(176): Illuminate\\Pipeline\\Pipeline->then()
#65 /home/pranjal/Pranjal/vscode/Files/core/vendor/laravel/framework/src/Illuminate/Foundation/Http/Kernel.php(145): Illuminate\\Foundation\\Http\\Kernel->sendRequestThroughRouter()
#66 /home/pranjal/Pranjal/vscode/Files/core/vendor/laravel/framework/src/Illuminate/Foundation/Application.php(1220): Illuminate\\Foundation\\Http\\Kernel->handle()
#67 /home/pranjal/Pranjal/vscode/Files/index.php(17): Illuminate\\Foundation\\Application->handleRequest()
#68 {main}

[previous exception] [object] (ErrorException(code: 0): Undefined array key \"version\" at /home/pranjal/Pranjal/vscode/Files/core/app/Providers/AppServiceProvider.php:60)
[stacktrace]
#0 /home/pranjal/Pranjal/vscode/Files/core/vendor/laravel/framework/src/Illuminate/Foundation/Bootstrap/HandleExceptions.php(258): Illuminate\\Foundation\\Bootstrap\\HandleExceptions->handleError()
#1 /home/pranjal/Pranjal/vscode/Files/core/app/Providers/AppServiceProvider.php(60): Illuminate\\Foundation\\Bootstrap\\HandleExceptions->{closure:Illuminate\\Foundation\\Bootstrap\\HandleExceptions::forwardsTo():257}()
#2 /home/pranjal/Pranjal/vscode/Files/core/vendor/laravel/framework/src/Illuminate/Events/Dispatcher.php(459): App\\Providers\\AppServiceProvider->{closure:App\\Providers\\AppServiceProvider::boot():51}()
#3 /home/pranjal/Pranjal/vscode/Files/core/vendor/laravel/framework/src/Illuminate/Events/Dispatcher.php(287): Illuminate\\Events\\Dispatcher->{closure:Illuminate\\Events\\Dispatcher::makeListener():454}()
#4 /home/pranjal/Pranjal/vscode/Files/core/vendor/laravel/framework/src/Illuminate/Events/Dispatcher.php(267): Illuminate\\Events\\Dispatcher->invokeListeners()
#5 /home/pranjal/Pranjal/vscode/Files/core/vendor/laravel/framework/src/Illuminate/View/Concerns/ManagesEvents.php(178): Illuminate\\Events\\Dispatcher->dispatch()
#6 /home/pranjal/Pranjal/vscode/Files/core/vendor/laravel/framework/src/Illuminate/View/View.php(190): Illuminate\\View\\Factory->callComposer()
#7 /home/pranjal/Pranjal/vscode/Files/core/vendor/laravel/framework/src/Illuminate/View/View.php(161): Illuminate\\View\\View->renderContents()
#8 /home/pranjal/Pranjal/vscode/Files/core/storage/framework/views/bd994467445c0c077eb81ef6ab510c57.php(7): Illuminate\\View\\View->render()
#9 /home/pranjal/Pranjal/vscode/Files/core/vendor/laravel/framework/src/Illuminate/Filesystem/Filesystem.php(123): require('...')
#10 /home/pranjal/Pranjal/vscode/Files/core/vendor/laravel/framework/src/Illuminate/Filesystem/Filesystem.php(124): Illuminate\\Filesystem\\Filesystem::{closure:Illuminate\\Filesystem\\Filesystem::getRequire():120}()
#11 /home/pranjal/Pranjal/vscode/Files/core/vendor/laravel/framework/src/Illuminate/View/Engines/PhpEngine.php(58): Illuminate\\Filesystem\\Filesystem->getRequire()
#12 /home/pranjal/Pranjal/vscode/Files/core/vendor/laravel/framework/src/Illuminate/View/Engines/CompilerEngine.php(75): Illuminate\\View\\Engines\\PhpEngine->evaluatePath()
#13 /home/pranjal/Pranjal/vscode/Files/core/vendor/laravel/framework/src/Illuminate/View/View.php(209): Illuminate\\View\\Engines\\CompilerEngine->get()
#14 /home/pranjal/Pranjal/vscode/Files/core/vendor/laravel/framework/src/Illuminate/View/View.php(192): Illuminate\\View\\View->getContents()
#15 /home/pranjal/Pranjal/vscode/Files/core/vendor/laravel/framework/src/Illuminate/View/View.php(161): Illuminate\\View\\View->renderContents()
#16 /home/pranjal/Pranjal/vscode/Files/core/storage/framework/views/352e4f31816487ef220ed296bddaef8a.php(341): Illuminate\\View\\View->render()
#17 /home/pranjal/Pranjal/vscode/Files/core/vendor/laravel/framework/src/Illuminate/Filesystem/Filesystem.php(123): require('...')
#18 /home/pranjal/Pranjal/vscode/Files/core/vendor/laravel/framework/src/Illuminate/Filesystem/Filesystem.php(124): Illuminate\\Filesystem\\Filesystem::{closure:Illuminate\\Filesystem\\Filesystem::getRequire():120}()
#19 /home/pranjal/Pranjal/vscode/Files/core/vendor/laravel/framework/src/Illuminate/View/Engines/PhpEngine.php(58): Illuminate\\Filesystem\\Filesystem->getRequire()
#20 /home/pranjal/Pranjal/vscode/Files/core/vendor/laravel/framework/src/Illuminate/View/Engines/CompilerEngine.php(75): Illuminate\\View\\Engines\\PhpEngine->evaluatePath()
#21 /home/pranjal/Pranjal/vscode/Files/core/vendor/laravel/framework/src/Illuminate/View/View.php(209): Illuminate\\View\\Engines\\CompilerEngine->get()
#22 /home/pranjal/Pranjal/vscode/Files/core/vendor/laravel/framework/src/Illuminate/View/View.php(192): Illuminate\\View\\View->getContents()
#23 /home/pranjal/Pranjal/vscode/Files/core/vendor/laravel/framework/src/Illuminate/View/View.php(161): Illuminate\\View\\View->renderContents()
#24 /home/pranjal/Pranjal/vscode/Files/core/vendor/laravel/framework/src/Illuminate/Http/Response.php(79): Illuminate\\View\\View->render()
#25 /home/pranjal/Pranjal/vscode/Files/core/vendor/laravel/framework/src/Illuminate/Http/Response.php(35): Illuminate\\Http\\Response->setContent()
#26 /home/pranjal/Pranjal/vscode/Files/core/vendor/laravel/framework/src/Illuminate/Routing/Router.php(920): Illuminate\\Http\\Response->__construct()
#27 /home/pranjal/Pranjal/vscode/Files/core/vendor/laravel/framework/src/Illuminate/Routing/Router.php(887): Illuminate\\Routing\\Router::toResponse()
#28 /home/pranjal/Pranjal/vscode/Files/core/vendor/laravel/framework/src/Illuminate/Routing/Router.php(807): Illuminate\\Routing\\Router->prepareResponse()
#29 /home/pranjal/Pranjal/vscode/Files/core/vendor/laravel/framework/src/Illuminate/Pipeline/Pipeline.php(170): Illuminate\\Routing\\Router->{closure:Illuminate\\Routing\\Router::runRouteWithinStack():807}()
#30 /home/pranjal/Pranjal/vscode/Files/core/app/Http/Middleware/RedirectIfNotAdmin.php(22): Illuminate\\Pipeline\\Pipeline->{closure:Illuminate\\Pipeline\\Pipeline::prepareDestination():168}()
#31 /home/pranjal/Pranjal/vscode/Files/core/vendor/laravel/framework/src/Illuminate/Pipeline/Pipeline.php(209): App\\Http\\Middleware\\RedirectIfNotAdmin->handle()
#32 /home/pranjal/Pranjal/vscode/Files/core/app/Http/Middleware/ActiveTemplateMiddleware.php(31): Illuminate\\Pipeline\\Pipeline->{closure:{closure:Illuminate\\Pipeline\\Pipeline::carry():184}:185}()
#33 /home/pranjal/Pranjal/vscode/Files/core/vendor/laravel/framework/src/Illuminate/Pipeline/Pipeline.php(209): App\\Http\\Middleware\\ActiveTemplateMiddleware->handle()
#34 /home/pranjal/Pranjal/vscode/Files/core/app/Http/Middleware/LanguageMiddleware.php(22): Illuminate\\Pipeline\\Pipeline->{closure:{closure:Illuminate\\Pipeline\\Pipeline::carry():184}:185}()
#35 /home/pranjal/Pranjal/vscode/Files/core/vendor/laravel/framework/src/Illuminate/Pipeline/Pipeline.php(209): App\\Http\\Middleware\\LanguageMiddleware->handle()
#36 /home/pranjal/Pranjal/vscode/Files/core/vendor/laravel/framework/src/Illuminate/Routing/Middleware/SubstituteBindings.php(51): Illuminate\\Pipeline\\Pipeline->{closure:{closure:Illuminate\\Pipeline\\Pipeline::carry():184}:185}()
#37 /home/pranjal/Pranjal/vscode/Files/core/vendor/laravel/framework/src/Illuminate/Pipeline/Pipeline.php(209): Illuminate\\Routing\\Middleware\\SubstituteBindings->handle()
#38 /home/pranjal/Pranjal/vscode/Files/core/vendor/laravel/framework/src/Illuminate/Foundation/Http/Middleware/VerifyCsrfToken.php(88): Illuminate\\Pipeline\\Pipeline->{closure:{closure:Illuminate\\Pipeline\\Pipeline::carry():184}:185}()
#39 /home/pranjal/Pranjal/vscode/Files/core/vendor/laravel/framework/src/Illuminate/Pipeline/Pipeline.php(209): Illuminate\\Foundation\\Http\\Middleware\\VerifyCsrfToken->handle()
#40 /home/pranjal/Pranjal/vscode/Files/core/vendor/laravel/framework/src/Illuminate/View/Middleware/ShareErrorsFromSession.php(49): Illuminate\\Pipeline\\Pipeline->{closure:{closure:Illuminate\\Pipeline\\Pipeline::carry():184}:185}()
#41 /home/pranjal/Pranjal/vscode/Files/core/vendor/laravel/framework/src/Illuminate/Pipeline/Pipeline.php(209): Illuminate\\View\\Middleware\\ShareErrorsFromSession->handle()
#42 /home/pranjal/Pranjal/vscode/Files/core/vendor/laravel/framework/src/Illuminate/Session/Middleware/StartSession.php(121): Illuminate\\Pipeline\\Pipeline->{closure:{closure:Illuminate\\Pipeline\\Pipeline::carry():184}:185}()
#43 /home/pranjal/Pranjal/vscode/Files/core/vendor/laravel/framework/src/Illuminate/Session/Middleware/StartSession.php(64): Illuminate\\Session\\Middleware\\StartSession->handleStatefulRequest()
#44 /home/pranjal/Pranjal/vscode/Files/core/vendor/laravel/framework/src/Illuminate/Pipeline/Pipeline.php(209): Illuminate\\Session\\Middleware\\StartSession->handle()
#45 /home/pranjal/Pranjal/vscode/Files/core/vendor/laravel/framework/src/Illuminate/Cookie/Middleware/AddQueuedCookiesToResponse.php(37): Illuminate\\Pipeline\\Pipeline->{closure:{closure:Illuminate\\Pipeline\\Pipeline::carry():184}:185}()
#46 /home/pranjal/Pranjal/vscode/Files/core/vendor/laravel/framework/src/Illuminate/Pipeline/Pipeline.php(209): Illuminate\\Cookie\\Middleware\\AddQueuedCookiesToResponse->handle()
#47 /home/pranjal/Pranjal/vscode/Files/core/vendor/laramin/utility/src/Utility.php(15): Illuminate\\Pipeline\\Pipeline->{closure:{closure:Illuminate\\Pipeline\\Pipeline::carry():184}:185}()
#48 /home/pranjal/Pranjal/vscode/Files/core/vendor/laravel/framework/src/Illuminate/Pipeline/Pipeline.php(209): Laramin\\Utility\\Utility->handle()
#49 /home/pranjal/Pranjal/vscode/Files/core/vendor/laravel/framework/src/Illuminate/Pipeline/Pipeline.php(127): Illuminate\\Pipeline\\Pipeline->{closure:{closure:Illuminate\\Pipeline\\Pipeline::carry():184}:185}()
#50 /home/pranjal/Pranjal/vscode/Files/core/vendor/laravel/framework/src/Illuminate/Routing/Router.php(807): Illuminate\\Pipeline\\Pipeline->then()
#51 /home/pranjal/Pranjal/vscode/Files/core/vendor/laravel/framework/src/Illuminate/Routing/Router.php(786): Illuminate\\Routing\\Router->runRouteWithinStack()
#52 /home/pranjal/Pranjal/vscode/Files/core/vendor/laravel/framework/src/Illuminate/Routing/Router.php(750): Illuminate\\Routing\\Router->runRoute()
#53 /home/pranjal/Pranjal/vscode/Files/core/vendor/laravel/framework/src/Illuminate/Routing/Router.php(739): Illuminate\\Routing\\Router->dispatchToRoute()
#54 /home/pranjal/Pranjal/vscode/Files/core/vendor/laravel/framework/src/Illuminate/Foundation/Http/Kernel.php(201): Illuminate\\Routing\\Router->dispatch()
#55 /home/pranjal/Pranjal/vscode/Files/core/vendor/laravel/framework/src/Illuminate/Pipeline/Pipeline.php(170): Illuminate\\Foundation\\Http\\Kernel->{closure:Illuminate\\Foundation\\Http\\Kernel::dispatchToRouter():198}()
#56 /home/pranjal/Pranjal/vscode/Files/core/vendor/laravel/framework/src/Illuminate/Foundation/Http/Middleware/TransformsRequest.php(21): Illuminate\\Pipeline\\Pipeline->{closure:Illuminate\\Pipeline\\Pipeline::prepareDestination():168}()
#57 /home/pranjal/Pranjal/vscode/Files/core/vendor/laravel/framework/src/Illuminate/Foundation/Http/Middleware/ConvertEmptyStringsToNull.php(31): Illuminate\\Foundation\\Http\\Middleware\\TransformsRequest->handle()
#58 /home/pranjal/Pranjal/vscode/Files/core/vendor/laravel/framework/src/Illuminate/Pipeline/Pipeline.php(209): Illuminate\\Foundation\\Http\\Middleware\\ConvertEmptyStringsToNull->handle()
#59 /home/pranjal/Pranjal/vscode/Files/core/vendor/laravel/framework/src/Illuminate/Foundation/Http/Middleware/TransformsRequest.php(21): Illuminate\\Pipeline\\Pipeline->{closure:{closure:Illuminate\\Pipeline\\Pipeline::carry():184}:185}()
#60 /home/pranjal/Pranjal/vscode/Files/core/vendor/laravel/framework/src/Illuminate/Foundation/Http/Middleware/TrimStrings.php(51): Illuminate\\Foundation\\Http\\Middleware\\TransformsRequest->handle()
#61 /home/pranjal/Pranjal/vscode/Files/core/vendor/laravel/framework/src/Illuminate/Pipeline/Pipeline.php(209): Illuminate\\Foundation\\Http\\Middleware\\TrimStrings->handle()
#62 /home/pranjal/Pranjal/vscode/Files/core/vendor/laravel/framework/src/Illuminate/Http/Middleware/ValidatePostSize.php(27): Illuminate\\Pipeline\\Pipeline->{closure:{closure:Illuminate\\Pipeline\\Pipeline::carry():184}:185}()
#63 /home/pranjal/Pranjal/vscode/Files/core/vendor/laravel/framework/src/Illuminate/Pipeline/Pipeline.php(209): Illuminate\\Http\\Middleware\\ValidatePostSize->handle()
#64 /home/pranjal/Pranjal/vscode/Files/core/vendor/laravel/framework/src/Illuminate/Foundation/Http/Middleware/PreventRequestsDuringMaintenance.php(110): Illuminate\\Pipeline\\Pipeline->{closure:{closure:Illuminate\\Pipeline\\Pipeline::carry():184}:185}()
#65 /home/pranjal/Pranjal/vscode/Files/core/vendor/laravel/framework/src/Illuminate/Pipeline/Pipeline.php(209): Illuminate\\Foundation\\Http\\Middleware\\PreventRequestsDuringMaintenance->handle()
#66 /home/pranjal/Pranjal/vscode/Files/core/vendor/laravel/framework/src/Illuminate/Http/Middleware/HandleCors.php(49): Illuminate\\Pipeline\\Pipeline->{closure:{closure:Illuminate\\Pipeline\\Pipeline::carry():184}:185}()
#67 /home/pranjal/Pranjal/vscode/Files/core/vendor/laravel/framework/src/Illuminate/Pipeline/Pipeline.php(209): Illuminate\\Http\\Middleware\\HandleCors->handle()
#68 /home/pranjal/Pranjal/vscode/Files/core/vendor/laravel/framework/src/Illuminate/Http/Middleware/TrustProxies.php(58): Illuminate\\Pipeline\\Pipeline->{closure:{closure:Illuminate\\Pipeline\\Pipeline::carry():184}:185}()
#69 /home/pranjal/Pranjal/vscode/Files/core/vendor/laravel/framework/src/Illuminate/Pipeline/Pipeline.php(209): Illuminate\\Http\\Middleware\\TrustProxies->handle()
#70 /home/pranjal/Pranjal/vscode/Files/core/vendor/laravel/framework/src/Illuminate/Foundation/Http/Middleware/InvokeDeferredCallbacks.php(22): Illuminate\\Pipeline\\Pipeline->{closure:{closure:Illuminate\\Pipeline\\Pipeline::carry():184}:185}()
#71 /home/pranjal/Pranjal/vscode/Files/core/vendor/laravel/framework/src/Illuminate/Pipeline/Pipeline.php(209): Illuminate\\Foundation\\Http\\Middleware\\InvokeDeferredCallbacks->handle()
#72 /home/pranjal/Pranjal/vscode/Files/core/vendor/laramin/utility/src/Utility.php(15): Illuminate\\Pipeline\\Pipeline->{closure:{closure:Illuminate\\Pipeline\\Pipeline::carry():184}:185}()
#73 /home/pranjal/Pranjal/vscode/Files/core/vendor/laravel/framework/src/Illuminate/Pipeline/Pipeline.php(209): Laramin\\Utility\\Utility->handle()
#74 /home/pranjal/Pranjal/vscode/Files/core/vendor/laravel/framework/src/Illuminate/Pipeline/Pipeline.php(127): Illuminate\\Pipeline\\Pipeline->{closure:{closure:Illuminate\\Pipeline\\Pipeline::carry():184}:185}()
#75 /home/pranjal/Pranjal/vscode/Files/core/vendor/laravel/framework/src/Illuminate/Foundation/Http/Kernel.php(176): Illuminate\\Pipeline\\Pipeline->then()
#76 /home/pranjal/Pranjal/vscode/Files/core/vendor/laravel/framework/src/Illuminate/Foundation/Http/Kernel.php(145): Illuminate\\Foundation\\Http\\Kernel->sendRequestThroughRouter()
#77 /home/pranjal/Pranjal/vscode/Files/core/vendor/laravel/framework/src/Illuminate/Foundation/Application.php(1220): Illuminate\\Foundation\\Http\\Kernel->handle()
#78 /home/pranjal/Pranjal/vscode/Files/index.php(17): Illuminate\\Foundation\\Application->handleRequest()
#79 {main}
"} 
[2026-08-07 07:52:02] production.ERROR: The provided cwd "/home/pranjal/Pranjal/vscode/Files/core/public" does not exist. {"exception":"[object] (Symfony\\Component\\Process\\Exception\\RuntimeException(code: 0): The provided cwd \"/home/pranjal/Pranjal/vscode/Files/core/public\" does not exist. at /home/pranjal/Pranjal/vscode/Files/core/vendor/symfony/process/Process.php:341)
[stacktrace]
#0 /home/pranjal/Pranjal/vscode/Files/core/vendor/laravel/framework/src/Illuminate/Foundation/Console/ServeCommand.php(190): Symfony\\Component\\Process\\Process->start()
#1 /home/pranjal/Pranjal/vscode/Files/core/vendor/laravel/framework/src/Illuminate/Foundation/Console/ServeCommand.php(129): Illuminate\\Foundation\\Console\\ServeCommand->startProcess()
#2 /home/pranjal/Pranjal/vscode/Files/core/vendor/laravel/framework/src/Illuminate/Container/BoundMethod.php(36): Illuminate\\Foundation\\Console\\ServeCommand->handle()
#3 /home/pranjal/Pranjal/vscode/Files/core/vendor/laravel/framework/src/Illuminate/Container/Util.php(43): Illuminate\\Container\\BoundMethod::{closure:Illuminate\\Container\\BoundMethod::call():35}()
#4 /home/pranjal/Pranjal/vscode/Files/core/vendor/laravel/framework/src/Illuminate/Container/BoundMethod.php(95): Illuminate\\Container\\Util::unwrapIfClosure()
#5 /home/pranjal/Pranjal/vscode/Files/core/vendor/laravel/framework/src/Illuminate/Container/BoundMethod.php(35): Illuminate\\Container\\BoundMethod::callBoundMethod()
#6 /home/pranjal/Pranjal/vscode/Files/core/vendor/laravel/framework/src/Illuminate/Container/Container.php(696): Illuminate\\Container\\BoundMethod::call()
#7 /home/pranjal/Pranjal/vscode/Files/core/vendor/laravel/framework/src/Illuminate/Console/Command.php(213): Illuminate\\Container\\Container->call()
#8 /home/pranjal/Pranjal/vscode/Files/core/vendor/symfony/console/Command/Command.php(318): Illuminate\\Console\\Command->execute()
#9 /home/pranjal/Pranjal/vscode/Files/core/vendor/laravel/framework/src/Illuminate/Console/Command.php(182): Symfony\\Component\\Console\\Command\\Command->run()
#10 /home/pranjal/Pranjal/vscode/Files/core/vendor/symfony/console/Application.php(1110): Illuminate\\Console\\Command->run()
#11 /home/pranjal/Pranjal/vscode/Files/core/vendor/symfony/console/Application.php(359): Symfony\\Component\\Console\\Application->doRunCommand()
#12 /home/pranjal/Pranjal/vscode/Files/core/vendor/symfony/console/Application.php(194): Symfony\\Component\\Console\\Application->doRun()
#13 /home/pranjal/Pranjal/vscode/Files/core/vendor/laravel/framework/src/Illuminate/Foundation/Console/Kernel.php(198): Symfony\\Component\\Console\\Application->run()
#14 /home/pranjal/Pranjal/vscode/Files/core/vendor/laravel/framework/src/Illuminate/Foundation/Application.php(1235): Illuminate\\Foundation\\Console\\Kernel->handle()
#15 /home/pranjal/Pranjal/vscode/Files/core/artisan(13): Illuminate\\Foundation\\Application->handleCommand()
#16 {main}
"} 
[2026-08-07 07:52:15] production.ERROR: The provided cwd "/home/pranjal/Pranjal/vscode/Files/core/public" does not exist. {"exception":"[object] (Symfony\\Component\\Process\\Exception\\RuntimeException(code: 0): The provided cwd \"/home/pranjal/Pranjal/vscode/Files/core/public\" does not exist. at /home/pranjal/Pranjal/vscode/Files/core/vendor/symfony/process/Process.php:341)
[stacktrace]
#0 /home/pranjal/Pranjal/vscode/Files/core/vendor/laravel/framework/src/Illuminate/Foundation/Console/ServeCommand.php(190): Symfony\\Component\\Process\\Process->start()
#1 /home/pranjal/Pranjal/vscode/Files/core/vendor/laravel/framework/src/Illuminate/Foundation/Console/ServeCommand.php(129): Illuminate\\Foundation\\Console\\ServeCommand->startProcess()
#2 /home/pranjal/Pranjal/vscode/Files/core/vendor/laravel/framework/src/Illuminate/Container/BoundMethod.php(36): Illuminate\\Foundation\\Console\\ServeCommand->handle()
#3 /home/pranjal/Pranjal/vscode/Files/core/vendor/laravel/framework/src/Illuminate/Container/Util.php(43): Illuminate\\Container\\BoundMethod::{closure:Illuminate\\Container\\BoundMethod::call():35}()
#4 /home/pranjal/Pranjal/vscode/Files/core/vendor/laravel/framework/src/Illuminate/Container/BoundMethod.php(95): Illuminate\\Container\\Util::unwrapIfClosure()
#5 /home/pranjal/Pranjal/vscode/Files/core/vendor/laravel/framework/src/Illuminate/Container/BoundMethod.php(35): Illuminate\\Container\\BoundMethod::callBoundMethod()
#6 /home/pranjal/Pranjal/vscode/Files/core/vendor/laravel/framework/src/Illuminate/Container/Container.php(696): Illuminate\\Container\\BoundMethod::call()
#7 /home/pranjal/Pranjal/vscode/Files/core/vendor/laravel/framework/src/Illuminate/Console/Command.php(213): Illuminate\\Container\\Container->call()
#8 /home/pranjal/Pranjal/vscode/Files/core/vendor/symfony/console/Command/Command.php(318): Illuminate\\Console\\Command->execute()
#9 /home/pranjal/Pranjal/vscode/Files/core/vendor/laravel/framework/src/Illuminate/Console/Command.php(182): Symfony\\Component\\Console\\Command\\Command->run()
#10 /home/pranjal/Pranjal/vscode/Files/core/vendor/symfony/console/Application.php(1110): Illuminate\\Console\\Command->run()
#11 /home/pranjal/Pranjal/vscode/Files/core/vendor/symfony/console/Application.php(359): Symfony\\Component\\Console\\Application->doRunCommand()
#12 /home/pranjal/Pranjal/vscode/Files/core/vendor/symfony/console/Application.php(194): Symfony\\Component\\Console\\Application->doRun()
#13 /home/pranjal/Pranjal/vscode/Files/core/vendor/laravel/framework/src/Illuminate/Foundation/Console/Kernel.php(198): Symfony\\Component\\Console\\Application->run()
#14 /home/pranjal/Pranjal/vscode/Files/core/vendor/laravel/framework/src/Illuminate/Foundation/Application.php(1235): Illuminate\\Foundation\\Console\\Kernel->handle()
#15 /home/pranjal/Pranjal/vscode/Files/core/artisan(13): Illuminate\\Foundation\\Application->handleCommand()
#16 {main}
"} 
[2026-08-07 07:52:22] production.ERROR: The provided cwd "/home/pranjal/Pranjal/vscode/Files/core/public" does not exist. {"exception":"[object] (Symfony\\Component\\Process\\Exception\\RuntimeException(code: 0): The provided cwd \"/home/pranjal/Pranjal/vscode/Files/core/public\" does not exist. at /home/pranjal/Pranjal/vscode/Files/core/vendor/symfony/process/Process.php:341)
[stacktrace]
#0 /home/pranjal/Pranjal/vscode/Files/core/vendor/laravel/framework/src/Illuminate/Foundation/Console/ServeCommand.php(190): Symfony\\Component\\Process\\Process->start()
#1 /home/pranjal/Pranjal/vscode/Files/core/vendor/laravel/framework/src/Illuminate/Foundation/Console/ServeCommand.php(129): Illuminate\\Foundation\\Console\\ServeCommand->startProcess()
#2 /home/pranjal/Pranjal/vscode/Files/core/vendor/laravel/framework/src/Illuminate/Container/BoundMethod.php(36): Illuminate\\Foundation\\Console\\ServeCommand->handle()
#3 /home/pranjal/Pranjal/vscode/Files/core/vendor/laravel/framework/src/Illuminate/Container/Util.php(43): Illuminate\\Container\\BoundMethod::{closure:Illuminate\\Container\\BoundMethod::call():35}()
#4 /home/pranjal/Pranjal/vscode/Files/core/vendor/laravel/framework/src/Illuminate/Container/BoundMethod.php(95): Illuminate\\Container\\Util::unwrapIfClosure()
#5 /home/pranjal/Pranjal/vscode/Files/core/vendor/laravel/framework/src/Illuminate/Container/BoundMethod.php(35): Illuminate\\Container\\BoundMethod::callBoundMethod()
#6 /home/pranjal/Pranjal/vscode/Files/core/vendor/laravel/framework/src/Illuminate/Container/Container.php(696): Illuminate\\Container\\BoundMethod::call()
#7 /home/pranjal/Pranjal/vscode/Files/core/vendor/laravel/framework/src/Illuminate/Console/Command.php(213): Illuminate\\Container\\Container->call()
#8 /home/pranjal/Pranjal/vscode/Files/core/vendor/symfony/console/Command/Command.php(318): Illuminate\\Console\\Command->execute()
#9 /home/pranjal/Pranjal/vscode/Files/core/vendor/laravel/framework/src/Illuminate/Console/Command.php(182): Symfony\\Component\\Console\\Command\\Command->run()
#10 /home/pranjal/Pranjal/vscode/Files/core/vendor/symfony/console/Application.php(1110): Illuminate\\Console\\Command->run()
#11 /home/pranjal/Pranjal/vscode/Files/core/vendor/symfony/console/Application.php(359): Symfony\\Component\\Console\\Application->doRunCommand()
#12 /home/pranjal/Pranjal/vscode/Files/core/vendor/symfony/console/Application.php(194): Symfony\\Component\\Console\\Application->doRun()
#13 /home/pranjal/Pranjal/vscode/Files/core/vendor/laravel/framework/src/Illuminate/Foundation/Console/Kernel.php(198): Symfony\\Component\\Console\\Application->run()
#14 /home/pranjal/Pranjal/vscode/Files/core/vendor/laravel/framework/src/Illuminate/Foundation/Application.php(1235): Illuminate\\Foundation\\Console\\Kernel->handle()
#15 /home/pranjal/Pranjal/vscode/Files/core/artisan(13): Illuminate\\Foundation\\Application->handleCommand()
#16 {main}
"} 
